Material,Thickness (mm),Precut dimensions (diameter/side length) mm,Precut Shape (circle/square/etc),Total Strain/Elongation (%),UTS (MPa),YS (MPa),Strength Coefficient (k in MPa),Strain hardening coefficient (n),Anisotropic (R Value),Is lubricant used?,Feed rate (mm/min),Tool speed (rpm),Step depth (mm),No of stages,HER,Flange Height (mm),Roughness (µm),"Minimum thickness (after final stage, mm)",Final angle after the final stage (degrees),confidence_score
AA1050-H111,1.0,119.33984891673745,circle,9.971262361463786,120.88139818199919,119.61585850315062,140.00338820906973,0.03974142880817226,0.84,1,1000.0,,0.1989550916502251,6.0,1.2859476770123648,,,0.6999999467316019,89.97764763755609,0.4
AA1050-H111,1.0,116.97854676972489,circle,9.94386188077872,120.84267756381199,119.70678136986729,140.0145661137081,0.0401812587097722,0.8400000000000001,1,1000.0,,0.19956246710691644,6.0,1.326648144533132,,,0.6999998285547782,90.04010064074578,0.4
AA1050-H111,1.0,105.74835916926489,circle,8.385183633694561,119.6229188391691,111.7888580900193,138.44284624293184,0.04633836734342774,0.8400000000000001,0,1000.0,,0.26656480640603525,5.0,1.5637412073250698,13.43,,0.8402275101602533,87.6646752893827,0.4
AA1050-H111,1.0,135.86231236021368,square,7.432570169545392,120.58934554471051,119.80872020750965,140.0102862152721,0.03996817438107059,0.84,1,1000.0,,0.2003640773257252,6.0,,,,0.6999996312969669,89.94119327627008,0.4
AA1050-H111,1.0,118.28817747270702,circle,10.022548373712047,120.93665975554633,120.17937456130728,140.01127422953593,0.04000146151638938,0.84,1,1000.0,,0.2004774948543699,6.0,1.330820561530645,,,0.6999998028965236,90.04299676314038,0.4
AA1050-H111,1.0,122.40093876798711,circle,8.649909802135651,120.691331501774,120.00269272718437,140.03922783688944,0.039864891453488135,0.84,1,1000.0,,0.19904607249130304,6.0,1.326298208792055,,,0.6999944039115259,90.22910321601022,0.4
AA1050-H111,1.0,113.92588503607058,circle,9.981833447101867,120.9183672260608,119.93851325839661,140.01609717281147,0.04000577491083836,0.84,1,1000.0,,0.19738458220813743,6.0,1.3267304856006124,,,0.6999999254222325,90.02644802843501,0.4
AA1050-H111,1.0,140.3306050001084,square,6.778220854517931,120.48903562892393,120.04687451001062,139.97095723969494,0.04021896052320516,0.8400000000000001,1,1000.0,,0.20348338924516843,6.0,,,,0.6999999409139767,90.02354132993061,0.4
AA1050-H111,1.0,83.70585652210225,circle,9.977822043311727,120.91330630356083,120.00683655269853,139.98418019010558,0.040033513413418986,0.84,1,1000.0,,0.20000417806413193,4.0,1.3218585781299332,,,0.6999999795536356,90.01384830627535,0.4
AA1050-H111,1.0,114.50519273986207,circle,9.90588247132419,120.9121925976624,119.88263734832508,140.06743504949492,0.0403453964623806,0.8399999999999999,1,1000.0,,0.20051320294621217,6.0,1.3117715604052642,,,0.6999991526231308,89.9108488486095,0.4
AA1050-H111,1.0,74.64689891884242,circle,5.520918366602432,117.34169949765376,96.83241283112939,135.7005235214203,0.05807100119496672,0.8399999999999999,0,1000.0,,0.37933012996782367,3.0,1.4641027267552225,13.43,,0.6695611932757606,83.23135228974236,0.4
AA1050-H111,1.0,89.01878564763024,circle,6.625141154167008,118.18259360535569,102.23743508771321,136.7189748402525,0.05396068302069727,0.84,0,1000.0,,0.33247782323993647,4.0,1.5628417830956027,13.43,,0.8391826736122981,84.88864437361727,0.4
AA1050-H111,1.0,101.69631141087207,circle,5.070842168905008,118.26209706857716,104.52890392913724,137.09120261250843,0.05229889336305144,0.84,1,1000.0,,0.3243334812950834,4.0,1.551561955331122,13.43,,0.5767881066866827,85.39058370648323,0.4
AA1050-H111,1.0,120.77531349399406,circle,10.0124290242065,120.89995971555115,119.81248086611443,140.0487073900026,0.03986115381463808,0.84,1,1000.0,,0.20040441963463929,6.0,1.2652623257269406,,,0.6999988816419549,90.10241866277201,0.4
AA1050-H111,1.0,120.70411831294894,circle,7.864928376228164,120.59413097802151,120.09963641393557,139.93387322214397,0.04029843507105965,0.84,1,1000.0,,0.19914987623219327,6.0,1.3500795237196066,,,0.699999970860103,90.01653227488147,0.4
AA1050-H111,1.0,125.29061163427724,square,8.847290581088194,120.81975319968137,119.84318426016279,140.0319943667499,0.03977100717203547,0.8399999999999999,1,1000.0,0.0,0.19836588414303097,6.0,1.3013672074845606,,,,89.94584299068308,0.4
AA1050-H111,1.0,102.61781910073779,circle,8.068279998102438,120.67799265224697,119.81061207722331,139.98694291881029,0.04000632866648368,0.84,1,1000.0,,0.1987432171970766,4.0,1.0,,,0.6999997230914918,89.94903679005856,0.4
AA1050-H111,1.0,96.55824299788942,circle,10.05805327630604,120.8530837227443,120.3010209575769,140.05435414613487,0.04047031802019945,0.84,1,1000.0,,0.19870036675838396,5.0,,,,0.6999998472736937,90.03784822722059,0.4
AA1050-H111,1.0,120.71775841151212,square,8.937893409792013,120.83060101250108,119.78266378737844,139.89790527054302,0.04027044203016104,0.8400000000000001,1,1000.0,,0.20097601189722322,6.0,1.0,,,0.6999993646439271,90.07719643341106,0.4
AA1050-H111,1.0,89.71571995741265,circle,10.02972905675989,121.0122642718355,119.93782651872637,140.04721279326213,0.040403955728629044,0.8399999999999999,1,1000.0,,0.19784954650013895,4.0,1.309515531051572,,,0.6999999917537781,90.00879460049855,0.4
AA1050-H111,1.0,120.5516089415189,circle,7.649413158897065,120.58136047690974,119.7299310125982,139.97265677826613,0.04014136871406618,0.84,1,1000.0,,0.19961490499742637,6.0,1.3187219358534037,,,0.6999930352096287,89.74441050786061,0.4
AA1050-H111,1.0,54.272242362354135,circle,10.00154363226198,120.90793174953738,119.8785789810487,139.99911680051636,0.03990386560641394,0.84,1,1000.0,,0.1997603658385847,1.0,,,,,,0.4
AA1050-H111,1.0,140.6405235253471,square,6.803318376366093,120.49716668442483,119.81493254548964,139.9933494604463,0.04004764802159774,0.84,1,1000.0,,0.20037673542624945,6.0,,,,0.6999992352322459,89.91530584610683,0.4
AA1050-H111,1.0,127.19152288952786,circle,8.957781508061034,120.77254277106971,119.59493556612925,139.99756256813527,0.039774153939201806,0.8399999999999999,1,1000.0,,0.1983614766817409,6.0,1.0,,,0.6999999566887156,89.97984470570417,0.4
AA1050-H111,1.0,133.0838317597541,square,7.713621895555864,120.526855697499,119.62563898196849,140.01105417903239,0.03992973218750888,0.84,1,1000.0,,0.19887927503596922,6.0,1.0,,,0.699999436399939,90.07270665340442,0.4
AA1050-H111,1.0,114.87291154849197,circle,9.966403785980951,120.92379780515226,119.61550890442632,139.9982808829978,0.04007064665509166,0.8399999999999999,1,1000.0,,0.20065809809209412,6.0,1.3277682793902958,,,0.6999999471012895,90.02227466368902,0.4
AA1050-H111,1.0,130.4199914009995,circle,8.404645219083871,120.66963856170051,119.96542927517436,139.97651812600097,0.040260024293017366,0.8399999999999999,1,1000.0,,0.20038750282328027,6.0,1.188258193831257,,,0.6999999554718487,90.02043647294995,0.4
AA1050-H111,1.0,120.14606366260051,circle,9.988930278062329,120.874676551695,119.81241342081893,139.99929872760265,0.040034409745635456,0.84,1,1000.0,,0.2019290526467916,6.0,1.2729635957861296,,,0.6999998548381609,90.03689902142119,0.4
AA1050-H111,1.0,106.75692091528057,circle,9.96862186973016,120.88843235925965,119.99640575479235,140.06265021493908,0.04017647223124394,0.84,1,1000.0,,0.19859768832205993,5.0,1.325300007066949,,,,90.02692638986434,0.4
AA1050-H111,1.0,120.23241282202375,circle,10.02860570958941,120.88506683344663,120.10001566863258,140.02371538641506,0.04027098569085462,0.8399999999999999,1,1000.0,,0.20070979044940812,6.0,1.3279855677921746,,,,90.00792826315963,0.4
AA1050-H111,1.0,117.50763407704213,circle,7.913353160271908,120.61687329750958,119.93271393519731,140.00627196759973,0.039901612968634245,0.8400000000000001,1,1000.0,,0.1989591730992185,6.0,1.3191431726879574,,,0.6999999972977697,89.9949655760134,0.4
AA1050-H111,1.0,138.6586703444512,square,6.778621259470732,120.46939336826325,120.08431077878595,139.94482611169548,0.04044438931985653,0.8399999999999999,1,1000.0,,0.19982623712533495,6.0,,,,0.6999999494222069,89.97821946462513,0.4
AA1050-H111,1.0,115.41236773765331,circle,8.807609074759599,120.79464034707811,119.97886641630704,140.0228782048768,0.04001746577640115,0.8400000000000001,1,1000.0,,0.19921478356070177,6.0,1.3097734414779383,,,0.699999996377485,90.00582899527272,0.4
AA1050-H111,1.0,124.51133017653251,circle,9.270948092660205,120.8199947657996,120.18750235983492,139.9878778107435,0.04030527227880055,0.84,1,1000.0,,0.20031262430217295,6.0,1.081417080192435,,,0.6999999405184129,89.97638000032012,0.4
AA1050-H111,1.0,120.0677783879217,square,7.600974404087469,120.6201738899385,120.10136626279869,140.12515226579652,0.04013796734685191,0.84,1,1000.0,,0.19718508813704597,5.0,,,,0.6999993520935436,89.92204485250436,0.4
AA1050-H111,1.0,91.64972419010932,circle,4.6502912196465,117.73910386800269,100.34583900411394,136.33496668423493,0.05524075945366598,0.84,0,1000.0,0.0,0.35033587252250814,3.0,1.410704479340488,13.43,,0.8420619983765484,84.17646197334979,0.4
AA1050-H111,1.0,87.02547479407721,circle,8.619946225111628,120.79028092817958,119.87679498771824,140.00217732561387,0.04005013482295756,0.84,1,1000.0,0.0,0.2007262785713676,3.0,1.2385954391815677,,,,89.97000258352612,0.4
AA1050-H111,1.0,113.56728101892641,circle,10.033509703482087,120.93417450574087,119.96114703529219,139.9644946856059,0.03994053104098119,0.84,1,1000.0,,0.19948626414578421,6.0,1.3390535877199434,,,0.6999999695568742,89.98310208066137,0.4
AA1050-H111,1.0,87.59111082118224,circle,6.3633859406502005,118.10531675099206,102.17160886439956,136.66962724091522,0.05419154401045289,0.84,1,1000.0,,0.34530246340554416,4.0,1.4397986473932818,13.43,,0.841141706338599,84.60740213317109,0.4
AA1050-H111,1.0,132.47445846899086,square,8.067189800356692,120.64730076422389,119.9539700664352,140.00598740033118,0.03993777128058812,0.8400000000000001,1,1000.0,,0.20047458541036942,6.0,1.3411470887615617,,,0.699999818489658,90.04126095798462,0.4
AA1050-H111,1.0,119.85326562825476,circle,8.945088237640084,120.77387824056709,120.17256474046272,140.0339682768677,0.040163821568552645,0.84,1,1000.0,,0.19904720972220344,6.0,1.3312360181550074,,,0.6999984413582556,89.87909010539668,0.4
AA1050-H111,1.0,126.21591657293297,square,9.259022317541557,120.81046681564052,120.19812880364647,140.01817693104067,0.04018873741719426,0.84,1,1000.0,,0.1997501066829849,6.0,1.0,,,0.6999998715792495,90.0347061323525,0.4
AA1050-H111,1.0,120.83079290159394,circle,10.088884453569065,120.86318584554505,119.97506223037098,139.99991819351294,0.03994837538811566,0.84,1,1000.0,,0.20266997357972258,6.0,1.3367883727092584,,,,90.03122045597704,0.4
AA1050-H111,1.0,126.16325139553899,square,6.787828287297566,120.50103110062541,120.06338876817273,140.00234724090362,0.039691662453349784,0.8400000000000001,1,1000.0,,0.19878279820145653,6.0,,,,0.699999973093828,89.98411399963383,0.4
AA1050-H111,1.0,138.8116543821017,square,6.775657910895725,120.54906281511228,119.55054735870567,140.07134383506659,0.039965710537760976,0.84,1,1000.0,0.0,0.19775669658103173,6.0,1.0,,,0.6999999475496103,90.02218007307697,0.4
AA1050-H111,1.0,135.16555886406323,square,6.831129227964283,120.50698771715146,119.93944328758734,139.99509827111336,0.03999609452069571,0.84,1,1000.0,,0.20193161937238124,6.0,1.0,,,0.6999996883930267,89.94593798729184,0.4
AA1050-H111,1.0,120.94049358175378,circle,8.283876962795961,120.68338777734746,119.69876573854633,140.0408864139058,0.03995901457567215,0.84,1,1000.0,,0.19971527404085063,6.0,1.2073651652521746,,,0.6999999994268149,89.99768134551094,0.4
AA1050-H111,1.0,131.78418740313003,circle,7.504593408921438,120.5743002435231,119.62728584472124,140.03495072871698,0.03973176093669952,0.84,1,1000.0,0.0,0.20021543893856483,6.0,1.2606797681402595,,,,90.06116928781083,0.4
AA1050-H111,1.0,116.12002754201106,circle,10.014099703904707,120.86213980526747,119.71973079073437,140.049707416162,0.03981251777533275,0.8399999999999999,1,1000.0,,0.19817158799460524,6.0,1.2801509316142239,,,0.6999999556821457,90.02038815726314,0.4
AA1050-H111,1.0,124.18513131304726,square,9.255207429814552,120.89192107383347,119.91031038151851,139.9930837843988,0.04001816423285357,0.84,1,1000.0,,0.19944047331366177,6.0,1.0878045296877723,,,0.6999995369573723,89.93409792012193,0.4
AA1050-H111,1.0,74.44338682851927,circle,5.502357436637345,117.29989441111697,96.66803753707114,135.76764621731743,0.05867946973422555,0.8399999999999999,0,1000.0,,0.38248688011267584,3.0,1.4688764181233303,13.43,,0.6659973561613897,83.05796971031634,0.4
AA1050-H111,1.0,95.55154378138684,circle,5.295686156408254,118.59659307312249,106.30085415049695,137.3895161988421,0.050835150479106285,0.84,1,1000.0,,0.3072628151982307,4.0,1.5664710958794252,13.43,,0.6982506552957268,85.94849113839913,0.4
AA1050-H111,1.0,130.63240216038622,square,8.020636386073171,120.60764925184885,119.88235984953396,139.97636831475498,0.04030446388197172,0.84,1,1000.0,0.0,0.19864092665421124,6.0,1.2359995510476047,,,0.6999999974392146,89.99509910725072,0.4
AA1050-H111,1.0,138.36562204933756,square,6.820454606974053,120.42518759567493,119.95458955772466,140.0499858435558,0.04007989417780948,0.8400000000000001,1,1000.0,0.0,0.19713395397464412,6.0,1.2512289252719497,,,0.6999998384928473,89.96107895440747,0.4
AA1050-H111,1.0,120.34431175418126,circle,9.978945371113356,120.89148530685345,120.00334531877121,139.92759090213343,0.039762231803462555,0.84,1,1000.0,,0.20028076325255637,6.0,1.3352026845429814,,,,90.00654968534324,0.4
AA1050-H111,1.0,140.04034131739095,square,6.817589373791649,120.45189882996964,119.87297507988077,139.9683034770618,0.039929346035016945,0.84,1,1000.0,,0.1995964061188155,6.0,1.0,,,0.6999994366196337,90.07269248127221,0.4
AA1050-H111,1.0,97.28049227616772,circle,10.02116009090882,120.88681222788955,119.99807715426998,139.97376227982676,0.039813169606657414,0.84,0,1000.0,,0.19945939235285412,4.0,,,,,90.05417289758962,0.4
AA1050-H111,1.0,120.28160682389921,circle,7.655316378327933,120.68263048009393,120.1534104641821,139.98485627843527,0.04048702456287159,0.84,1,1000.0,,0.19790804841588402,6.0,,,,0.6999997195898074,90.05128442876833,0.4
AA1050-H111,1.0,121.76932519203342,circle,9.977417267885997,120.97540837125695,119.74659040215326,139.9743612464447,0.04012404101784294,0.8400000000000001,1,1000.0,,0.19923231781323322,6.0,1.3236183990610229,,,,89.97076861448389,0.4
AA1050-H111,1.0,117.83322807460131,circle,10.045975001549927,120.90675022866422,119.80340662219355,140.02619471138263,0.03985520509867612,0.84,0,1000.0,,0.2004870406638909,6.0,1.3131198259252326,,,0.69999778532134,90.14412658128497,0.4
AA1050-H111,1.0,129.53338222312703,circle,8.483829251359444,120.69959124709504,120.10128172295907,139.99688033079553,0.0399563656942015,0.84,0,1000.0,,0.20103983437386785,6.0,,,,0.6999997397960476,90.04940211795021,0.4
AA1050-H111,1.0,140.22626798747146,square,6.836657524468536,120.55274110685194,119.92527119345418,140.00115639185904,0.04004417109773256,0.84,1,1000.0,,0.19824041584705915,6.0,,,,0.6999997754302655,89.95410512042439,0.4
AA1050-H111,1.0,74.68983465885168,circle,5.165039791748171,117.07246459633575,94.8931744225966,135.4431877901727,0.059606570699281894,0.8400000000000001,0,1000.0,,0.3926091675090252,3.0,1.43518579225917,13.43,,0.6927703039710336,82.59589849939773,0.4
AA1050-H111,1.0,129.54246166383916,circle,7.961201832195424,120.59055284229345,119.95282699562144,140.03574233903194,0.04008352050535382,0.8399999999999999,1,1000.0,0.0,0.19893180085396492,6.0,1.259357034414043,,,0.6999986046762766,90.11440003872382,0.4
AA1050-H111,1.0,120.05840348806653,circle,10.001926631783917,120.93916669887759,119.77277140644911,140.04881872182233,0.03997885727351268,0.84,1,1000.0,,0.1993290756939785,6.0,1.3323183152800995,,,,90.043534234093,0.4
AA1050-H111,1.0,113.08478175221724,circle,10.039877331592704,120.87722080771368,119.82408911017863,140.02344363349394,0.04004876810236118,0.84,1,1000.0000000000001,,0.2017700025245305,6.0,1.2819790770855564,,,0.699999074124644,90.09318905772405,0.4
AA1050-H111,1.0,118.67080028480734,circle,7.6840351888840015,120.56142022980272,120.33110242291802,139.9904707272078,0.04002646805584083,0.84,1,1000.0,,0.20194906525488984,6.0,1.3169070272036743,,,0.699999982260281,89.98710082370374,0.4
AA1050-H111,1.0,118.56588205316754,circle,8.669446676857213,120.7016917831587,119.73535405381357,140.06112281363338,0.039928191634554466,0.84,1,1000.0,,0.19956164575422786,6.0,1.2353460509423428,,,0.6999992751187442,90.08245596573957,0.4
AA1050-H111,1.0,121.18371918026826,circle,9.97834818940617,120.92275011038649,120.14789568810505,139.98217623651703,0.040279222399371976,0.84,0,1000.0,,0.20078590916632033,6.0,,,,,90.01287683516472,0.4
AA1050-H111,1.0,129.543006889566,circle,8.111494516660064,120.66645044469001,119.96572959635402,139.94012420763391,0.0399221376107634,0.8399999999999999,1,1000.0,0.0,0.19987507873082724,6.0,1.2648155187536916,,,,90.00131612978946,0.4
AA1050-H111,1.0,120.70114162144974,circle,9.967594944191026,120.89272242219516,119.90082403493993,139.9251019547321,0.040080561232286004,0.8400000000000001,0,1000.0,,0.1990152926751485,6.0,1.3248501378996815,,,,89.99642295786359,0.4
AA1050-H111,1.0,113.80542323108874,circle,10.008102547944086,120.9260357658462,119.7278236064775,140.00150384429074,0.04014040805692348,0.8399999999999999,1,1000.0,,0.1998226820966933,6.0,1.3167771267694752,,,0.6999997291931642,90.05039859570685,0.4
AA1050-H111,1.0,115.35747767980864,circle,9.973275448541694,120.8704701806941,120.14814613818939,139.90859941243113,0.04021551092542669,0.84,1,1000.0,,0.19754198578263543,6.0,1.3390121129931742,,,0.6999997889060507,89.95550343218217,0.4
AA1050-H111,1.0,114.16703507837516,circle,10.031836325775478,120.91805277485518,119.7177985108853,139.93765142615396,0.0397865728572387,0.84,1,1000.0,,0.19895861312645344,6.0,1.3440320090722746,,,0.6999999993361994,89.99750478816668,0.4
AA1050-H111,1.0,120.31937799207077,circle,10.08963809517625,120.8639443706186,119.7784672360253,140.02304854920666,0.03986991376241971,0.84,1,1000.0,,0.19860784823431243,6.0,1.3103049138772136,,,,90.00448966182324,0.4
AA1050-H111,1.0,138.59494992412286,square,6.780929674356751,120.51462403837276,120.08607644361656,140.03887548449356,0.03942511668556854,0.8399999999999999,1,1000.0,,0.19991752287890266,6.0,,,,0.6999997430984096,90.04908762496885,0.4
AA1050-H111,1.0,117.75863996172498,circle,7.6348300220965,120.58793314220175,120.0827643227468,140.00291835996407,0.039916285930982745,0.84,1,1000.0,,0.20167510350856332,6.0,1.3039691693508795,,,0.6999999831013592,89.98741032561578,0.4
AA1050-H111,1.0,111.02863998502723,circle,9.976313484614906,120.88914517977634,119.65924311429671,139.91317901211056,0.039861388953482166,0.84,1,1000.0,,0.19989405788450662,6.0,1.3052747480697615,,,0.699999997385337,90.00495218054974,0.4
AA1050-H111,1.0,136.75160591911092,square,6.748516091464008,120.51365429397046,120.13896908451491,139.9702885699543,0.040367647854613865,0.84,1,1000.0,0.0,0.2013119978472727,6.0,1.0573314947368737,,,0.699996942656617,90.16934051559603,0.4
AA1050-H111,1.0,102.70356557709626,circle,5.691545424774384,119.08501507637723,110.76459479715542,138.2564279612995,0.047075339649208875,0.84,1,1000.0,,0.27459220700481163,5.0,1.5436346377867458,13.43,,0.699157725930952,87.18901270930817,0.4
AA1050-H111,1.0,84.62827170718516,circle,10.043277265146797,120.87199729865115,119.62982362440097,140.0271361157696,0.0399144710179312,0.8399999999999999,1,1000.0,,0.20224613186062454,4.0,1.3160738789660933,,,0.6999998806477002,90.03345831088093,0.4
AA1050-H111,1.0,86.54126981528087,circle,8.458104254600746,120.68380203794337,120.27179021126346,139.97453289238018,0.04010607535842648,0.84,1,1000.0,,0.2001358823498245,3.0,,,,0.6999999879945891,89.98938849154314,0.4
AA7075-O,1.601843713813121,59.36685250242825,circle,16.86762071924779,214.16357182093404,110.60674847704108,399.8833434908807,0.1739677474496361,0.8487848619490774,1,990.9800941592144,484.2427397533081,0.19992035593390153,1.0,1.6040178636982292,25.69571763237951,,,90.11539441935368,0.5579386224446606
AA7075-O,1.5867450127172231,59.18861829104303,circle,16.17554584548808,215.27013813540077,109.84319965784154,353.8710995214608,0.22504933707529523,0.8495600173594438,1,979.1508796247351,714.9018181487269,0.20002529463856752,1.0,1.6184160375695154,25.74120847164724,0.21729718576474524,1.1107146010451157,89.79792763154796,0.4846153849051036
AA7075-O,1.189722850828553,90.9730946194137,circle,12.183647925151222,152.62665036164904,115.00827070354572,218.57890608290063,0.2864678705359878,0.8431788632704177,1,1012.8448617747107,,0.19981719193878378,4.0,1.440057921753012,17.80944363065797,,,69.91707420382191,0.6000000000000001
AA7075-O,1.5995260107917069,64.53572239827487,circle,17.03042797291715,214.51154054857784,110.42445874011759,334.414029436203,0.1382864412903376,0.8501942921947818,1,1008.1504214567922,1005.5178356824867,0.20007015380845153,2.0,1.481646392314279,23.580980021500633,0.16877028565917646,1.0983627374324063,89.92512637997625,0.5077497723612278
AA7075-O,1.2786277383151325,80.93800133437811,circle,13.136761443375393,164.2864981573963,114.57848280385481,259.2428300881905,0.09748484455318614,0.8425910369493251,1,1039.793584130646,1009.2971007241863,0.20140660143469985,4.0,1.661704888295278,26.39254113374031,,,79.19031001069492,0.4736842105263158
AA7075-O,1.5966276985327417,61.383978353878035,circle,17.03105971975256,213.88684668256374,109.69226616642668,402.553656186397,0.16470640008567086,0.849752440004121,1,969.7126311430592,0.0,0.19554830524468592,1.0,1.5261618521469005,24.864285998029,,1.1176383553046623,89.92207489360487,0.4700000000000234
AA7075-O,1.6067143243195015,60.07414121928906,circle,16.932626002864886,214.36220350359287,109.57061358813777,397.8346183311031,0.17601431067044057,0.8503419624931353,1,1013.6003722832472,703.8722261761264,0.20164626128853308,1.0,1.5573163025768875,25.82041299306941,,,89.92364277801225,0.5052636411159283
AA7075-O,1.594507790541555,57.30974980919482,circle,16.735302595940013,219.74537837450666,107.64087586943626,427.0464448475283,0.15682099553809603,0.870741122698529,1,1008.6562773559755,7.82212977258018,0.20036675527687262,1.0,1.619151233664646,27.012675357298793,,,,0.5579044366498381
AA7075-O,1.6043905300875074,63.46655044810104,circle,17.01652215703241,213.33101362253646,108.97487586813772,399.4335014000928,0.16934860880547364,0.8494037904396108,1,948.459622004771,284.11751861407896,0.20085148487459006,1.0,1.4857937300228554,23.298863548467256,0.33638248826581224,,90.05543437479018,0.47500000000000003
AA7075-O,1.605897108650385,61.060662502397776,circle,16.841766479052712,228.66865996181036,108.33257106907678,432.02663081140275,0.1596714168184178,0.900486679106677,1,952.2441253283221,614.6027589479979,0.1991732843124232,2.0,1.0,,,1.1984227483238554,,0.4666666666666667
AA7075-O,1.6010436957304781,61.865223089718505,circle,16.30339686715978,213.52305026331706,109.45104895638445,400.0150618551164,0.1763001283079348,0.8501852459372748,0,961.3912936295503,997.7676983477273,0.19957172248361743,1.0,1.5585313958116584,21.412390952901433,0.16930006551458338,,90.09339595266329,0.5083333333333333
AA7075-O,1.309216441228916,57.85009354611435,circle,11.319393114663399,174.29043942686488,92.56168151895778,268.9214812446945,0.46798690636691176,0.8518500196964919,1,,,0.3436806565341661,1.0,1.49234940297563,15.781727899683537,,0.8320053242375841,78.78532871573339,0.5333333333333333
AA7075-O,1.6022949632476937,59.50645982672442,circle,17.160994052833704,214.4481477407141,109.2755912138634,324.400406108433,0.13388019387351632,0.8479869826174761,1,1007.74425409385,2.0274613253843774,0.19696112855042908,1.0,1.5951087541325037,26.047012324728495,,1.1216064462065434,89.98718218042552,0.510080157628979
AA7075-O,1.6024221484043155,63.28081904553295,circle,16.2370884055862,214.66235390532276,108.9735165999057,365.1730504450576,0.20930865725559758,0.8508466803000176,1,1043.6313149871792,231.8058174410284,0.19999950425598811,1.0,1.5135027127993939,24.050104820245167,0.30464207694853807,1.121695434387661,90.02016870653915,0.5307692307692308
AA7075-O,1.597601933101717,57.23088700953105,circle,16.57597757625837,212.4834126004251,109.20897041830308,380.7807972696921,0.19571517364242386,0.8516481559338391,1,985.6508272426986,2.269231432304292,0.20104935299456433,1.0,1.6633225794282656,26.72605128671911,0.33867465697134913,1.118320838078961,89.94500833842622,0.5230770796996937
AA7075-O,1.6034499191686087,60.42787082731885,circle,17.282817971366843,213.519928331545,109.3215649497995,398.95412846262224,0.1693711958189374,0.8487072008890817,1,983.549366102892,492.5679771011306,0.20064254395420644,1.0,1.5665094844381307,25.815791813700297,,,90.05212624643582,0.48421055409048225
AA7075-O,1.6060434086477517,58.7239570222204,circle,16.741448792765862,214.55311649373496,109.85020841802505,327.93363138692024,0.17167975293820079,0.8497326221536349,1,980.7228495785791,483.99406954582685,0.199251876824919,1.0,1.607879672268703,26.829462152713877,0.17138921934530563,1.1242277800491722,89.87663339462544,0.5153846167205355
AA7075-O,1.6020457141743352,61.79386117983541,circle,16.676089807788635,219.35764133862259,106.31806538666727,351.07387704013667,0.14623672108678873,0.8498262897470752,1,970.2468580518012,,0.20200564604486757,2.0,1.6437418834702289,23.903688359236703,,1.1001598739286693,89.92507441018377,0.4800000000000214
AA7075-O,1.603410154329752,64.73773318234635,circle,17.003755027442413,223.41471903242766,109.58222610001016,275.46286294523475,0.11456427501578031,0.8515501412419989,1,1025.5607463100382,994.7621716216428,0.1994923079054712,1.0,1.427565000272698,20.00854673877857,,1.1047193206886556,90.01925155988674,0.500000000000452
AA7075-O,1.6021038451335015,61.30118277590665,circle,16.9412658618151,221.29868363419354,105.79475756176397,399.0070284539034,0.5292265462583136,0.8499457823101183,1,984.774892590346,1008.8919911016111,0.20006251364347732,1.0,1.5447605246732643,22.276141028163337,0.1718961079358908,1.1214706339973288,90.10975477193237,0.5076923114389846
AA7075-O,1.604947955053097,56.962477685338726,circle,16.564827122834334,213.76126718533928,108.96299748144706,375.49706602088355,0.19993198893559153,0.8504818382829765,1,987.3983161192423,1003.4190972858416,0.19901367790673696,1.0,1.6901756933676493,26.6530812988911,0.1739759508042816,1.123461005634087,90.12238390529443,0.6000009939423292
AA7075-O,1.3769465526295472,40.45805873692023,circle,18.14753768766762,219.0548087362854,138.45668348230177,372.940092067576,0.3198093125989405,0.8499627538156761,1,992.8349283597717,0.0,0.12530262950829812,1.0,2.3054422532351007,,0.34036251877367485,,90.07436712223443,0.4947368421052827
AA7075-O,1.598316098828377,65.06344912300722,circle,16.245128843681925,214.64792071122818,109.88523499866292,369.61585563650334,0.20972297689230773,0.8491313695550683,1,1026.322680391492,310.8109839200772,0.1994514928085106,1.0,1.4521756018908087,23.155360221874247,0.28899255299947807,1.1188154931301848,89.81589188982642,0.5307692307704951
AA7075-O,1.5992647273479133,60.8602795958485,circle,16.147668788350245,213.9519129570906,109.26977318852421,381.0452695605983,0.19116155463312512,0.8489863703365744,0,1020.3545055995775,6.706688122621606,0.1969661470551476,1.0,1.5601905161645595,,0.3396581011089168,,90.08332125894118,0.4947368426590126
AA7075-O,1.6129540282583867,64.47479014821927,circle,17.038964521286868,223.91108469365068,109.81277325774634,340.068983397721,0.14711678307299347,0.8507043295001556,1,989.6274764548447,0.0,0.20058904028908273,2.0,1.4893631422493714,23.5662808397945,,0.9561613676137147,90.06253757423735,0.49000018171530146
AA7075-O,1.6049302361821858,59.56579813731781,circle,17.071620592442084,218.10180384476632,107.69317475930201,398.65665644324577,0.3655800579048915,0.8491428933942735,1,986.6621074321993,14.363481710742263,0.1997699546882724,1.0,1.5956018367171656,24.220424358480834,,,90.21183902006665,0.48421074699730826
AA7075-O,1.5994075841452942,65.51378504646229,circle,17.122553259352866,214.40280841639685,109.05413808739199,400.2441246148217,0.1717287166428902,0.8496133197668392,1,1064.5571766007197,475.0342886390552,0.2007213102373842,1.0,1.4551731546520466,21.830538946632394,0.25953654422959443,,90.11609207817496,0.47500000000000003
AA7075-O,1.597003885089761,63.42302385131165,circle,16.9901611886403,213.83463500104227,110.15978829876812,335.85598931870817,0.14872623032715596,0.8503153149475619,1,960.114972419433,0.0,0.1990134130464333,2.0,1.5361404131561467,24.315575294775787,,1.1017876064469572,90.05270120334386,0.49000000000000005
AA7075-O,1.5936194150577554,56.50933160068116,circle,16.991019612421734,213.54219184903826,109.81661557250449,399.9123057737127,0.1652337743187135,0.8498941258287982,1,1031.8048997540966,1008.737273770503,0.19949717705904588,1.0,1.6647351130447505,26.633641930570196,0.166899804818705,1.115531733841455,89.89546370273194,0.6000000000000053
AA7075-O,1.6028486127683848,65.35708138303146,circle,16.096240770405174,214.64048204787397,109.30736931327112,398.74878050265886,0.16047558999103384,0.8502494671424888,0,1037.7303646701987,990.0387420758807,0.19897698646651268,1.0,1.4457522738208888,21.509369725190915,0.17199752937089285,,90.02126176451972,0.5
AA7075-O,1.5999811819646734,61.61956990671814,circle,16.703375676911683,219.4207949771078,106.99924568620597,350.51851431926065,0.14707081281544396,0.8496056907729402,1,975.4566501583723,,0.20166237879441862,2.0,1.6500460151271075,23.980445627388757,,1.0986691498280645,90.09522408111441,0.480000000003532
AA7075-O,1.6127721234173642,60.66082135681911,circle,16.54483351676178,219.7051544256019,108.93661346074121,361.1524099675398,0.15341925811643514,0.8503094903595658,1,1024.7478566836298,1004.18130856739,0.3361704029813517,1.0,1.5900314214451134,26.5364969198929,0.17006511632697927,0.8999046949722751,89.9436305395899,0.5076923076957979
AA7075-O,1.600671038591712,61.21754073052738,circle,16.82306417005257,222.44314325529942,108.81430742724922,349.56164095220964,0.14898836619033756,0.8503324917980074,1,978.0577026872346,386.744051829402,0.2012298058939844,2.0,1.5650194731524165,26.54868094048767,,1.099458553121444,90.04944958907681,0.48000000001978216
AA7075-O,1.5954728602783805,63.46269127222919,circle,16.683879688499335,222.59121742413572,110.277962965512,328.8196292250677,0.1602665055986632,0.8490328275611616,1,1039.44785854108,649.8581355552024,0.20091705189448963,2.0,1.0,24.814458398834173,0.341037442472456,0.9855995026614441,89.96473271809755,0.49230769230769234
AA7075-O,1.6005063269404327,65.4240920792324,circle,25.113553409623357,226.4787845041812,136.4123828090621,401.4924333315479,0.36600170674726257,0.8508679254779455,1,4479.656550005702,692.2672174470594,0.1998330580076235,1.0,1.4590254816448365,20.559718695041084,0.16714091575365753,,90.10185203073897,0.5
AA7075-O,1.6028622442355063,62.334890403680454,circle,17.116706800432844,217.21064809064364,108.18320830185166,441.69814727160866,0.17417963724591115,0.859886427364095,1,942.8197089987589,12.149118153126615,0.19881129708015333,1.0,1.463966109651144,23.614698356205444,,1.1220035122894936,89.98147029962097,0.47000000000000003
AA7075-O,1.2863082210867465,34.855637216224906,circle,19.766515075127174,221.87733917401602,151.63255571824035,400.4869383907224,0.34943631921413315,0.8503686256160817,1,965.6320711223393,0.0,0.0888601611123512,2.0,2.5824970245347494,27.01339784608365,,,89.85061172567224,0.5157894736842106
AA7075-O,1.5998354452660344,64.70467890133891,circle,16.210097018800518,214.32783178737097,109.70777987175104,366.3399994581925,0.2075716518264465,0.8498440701566963,1,1051.6503567652492,1003.5868359675613,0.19825024576039815,1.0,1.4566679050776692,22.075274009286577,0.17022542304989322,1.1198843818830218,90.05019792787597,0.5153846153846154
AA7075-O,1.5973678628469263,59.246397369597844,circle,16.319081049412315,217.11740655213768,109.73108273202396,381.145469421198,0.1566757507099574,0.8504640795148998,0,988.6016648059846,998.5846109778944,0.19921007747395478,1.0,1.3878607571668033,,,1.2014382391960703,,0.5466683611838064
AA7075-O,1.5965861221842947,62.01417352502018,circle,16.86475947605575,223.2239823229989,109.61555675946886,341.5953502298464,0.13987307324241016,0.8478637895625765,1,975.241097648017,315.8504354602671,0.20117790689373755,2.0,1.5409605383392715,26.521763159381475,0.17216805601220228,0.9565172875230151,90.05629901362826,0.48461538461656106
AA7075-O,1.5962949814979799,59.29055649574367,circle,17.00639346179549,213.38102548171474,109.55843426055519,401.0662428238383,0.16855032250211546,0.8503959511663899,1,977.5265078118996,673.85620772631,0.19725738076398577,1.0,1.5923998446857606,25.60584647657661,,1.1173950494433584,90.25923877337682,0.6000000000554964
AA7075-O,1.2405190909378159,84.19205592835384,circle,12.583638003712664,163.1662194081097,113.8542845895762,320.908492796515,0.09735116703397353,0.8633904878220214,1,927.5518783107646,0.0,0.2000502368587142,4.0,,,,,69.93403989888381,0.52
AA7075-O,1.4551347529820404,61.574087571242025,circle,14.480001268206811,202.3307530385237,103.50587079416032,272.2818408210646,0.11684569820752017,,1,1041.2321885946362,985.4283110105173,0.26696832579344604,2.0,1.0,13.385556530920937,,1.119718324372007,78.96168895390674,0.52
AA7075-O,1.59940101592801,64.60849687256493,circle,16.020068160480328,225.4783796318853,109.62450400889537,320.9806194591006,0.14811492353475247,0.8487556416239596,1,1022.8167569641066,1004.9348117138908,0.43984606775732976,2.0,1.4787037509536556,22.417059582945495,0.16976050103232185,1.1005178419926842,89.9087754571264,0.5153846153872987
AA7075-O,1.6030934597782585,64.73249022137627,circle,16.89838949022113,220.4493182581948,110.64360024664931,329.2356176662255,0.1444448774047664,0.8501738700637406,1,983.304553736928,485.04963384863964,0.19913168444625476,1.0,1.4615583225028665,20.774649822474267,,1.122161200927547,89.84285059414708,0.49000000488232726
AA7075-O,1.6004928561622223,60.033061075548076,circle,16.656346197834957,225.30376296120488,105.84594122385991,546.6145436354177,0.20222104509707195,0.8860034851467782,1,1025.3098356882826,300.6240955479565,0.2013022535941992,1.0,1.5768662068893773,25.616035636617866,,1.1203448964200815,89.97544411114714,0.4800000000001935
AA7075-O,1.5953288416368936,64.22728235980729,circle,16.85193539971579,213.35272548884748,109.40295670213003,401.6342759420647,0.16924337217194907,0.8476097028617059,1,1002.3187506662232,673.997237256016,0.1989838331787955,1.0,1.4865476207065578,15.00098842142359,0.17047544442027554,0.8008326823147959,89.73137807380328,0.5286989107312621
AA7075-O,1.2123494624059012,31.63235142028208,circle,19.91181600281505,227.19009871041698,161.551738210633,373.9488812448776,0.36944115864252725,0.8500574162452756,1,991.8458351159464,0.0,0.17025382424560823,2.0,2.763538939719881,,,1.1984205747941568,90.02984967849483,0.49333333333333335
AA7075-O,1.4243757499703296,71.42287432223753,circle,14.446946274778275,196.5366247386004,110.1926462681024,465.65240498139866,0.1565419949302089,0.8802470141807951,1,989.6322527151808,1.8880751478880797,0.1975566709718354,3.0,1.6245699058244671,27.025904340908827,,,69.92358742626884,0.49473684210538155
AA7075-O,1.6014788834351075,63.31788329048149,circle,17.162579170601187,213.35697285355747,109.23262911469536,337.6026530360983,0.1412715112031336,0.8498606899831359,1,954.1682732074441,993.6383985773753,0.20187069651255873,2.0,1.572512243515548,24.65407071880039,,1.10268427591808,90.07174244653264,0.5
AA7075-O,1.5925414254117822,60.50000556273111,circle,16.902351921594168,213.62711796171052,109.27858936849867,356.83137015300883,0.14708089178208167,0.8507257377103368,1,965.6979384408601,999.1058380291556,0.20011352819066305,1.0,1.6509865664508563,25.30882155506276,,1.1061859307960857,90.12569847600844,0.4900000000000005
AA7075-O,1.5995119427490454,60.19012330188035,circle,16.383363763978902,213.98871866836444,109.75392499778194,369.60962905139485,0.20083992762647934,0.8496814952750484,1,1004.3626765529174,405.7852437847036,0.19902346199514073,1.0,1.571264473015405,25.148063621435117,0.3395685192888554,1.1196583441333472,90.00962275592131,0.47134990724850634
AA7075-O,1.6001508036295176,60.56340586000055,circle,16.271630561538124,221.5695119496606,106.0234645845541,401.71666905456965,0.17160149451536838,0.8499096432898446,1,1013.9284559547173,3.5024598167165815,0.20098467081828758,1.0,1.5664560346125718,22.09151579205991,0.3394534977385727,,90.08755873083348,0.4750000331757576
AA7075-O,1.5970597492891112,63.535587985773624,circle,17.136852291178666,214.53011775794357,110.1809526727926,398.87770839742274,0.17454106349458604,0.8508896118848649,1,985.5171686946117,1003.2821967415524,0.20063166549011507,1.0,1.50329518699228,23.50516899329893,0.17061675957805145,,89.98802541469374,0.5083335208825382
AA7075-O,1.6027657717995103,58.563277645254466,circle,17.075759046929736,213.0363684778158,109.29777049296084,403.62320937000044,0.16429995541281558,0.8485474563899446,1,992.8114164773087,0.0,0.20154100417198995,1.0,1.6174435090256154,26.122023529397943,,,89.88864966110638,0.5581560223491271
AA7075-O,1.600042502887416,64.1482229346583,circle,15.849777073142535,214.0541436152444,110.06912282799556,363.6121634639835,0.21218325067782964,0.8498386309699283,1,1017.8309568117628,1006.0088090843321,0.19862428288375522,1.0,1.485502415572957,23.101675739386803,0.16992816262668445,1.1200294542722462,89.95822196822742,0.5384615443952567
AA7075-O,1.5925458788758968,60.72961910315745,circle,16.476567424489836,214.15588859625865,109.80199950024978,377.52329459884794,0.2016454298578135,0.8496679508797232,1,1005.2525693824222,0.0,0.1995313265554067,1.0,1.5440424238613948,24.855255898185007,0.34016104024511695,1.11478196834212,89.97058894008478,0.4701552629887523
AA7075-O,1.6017286434302982,65.2105304404176,circle,17.117587080016442,214.07681822888466,109.44088715523185,400.19196102544043,0.175995377216399,0.8493098766734514,1,980.5728869219188,630.6957110944205,0.19813419098126336,1.0,1.4584036939048017,22.289448513153157,0.17111555302646983,1.1212098571696432,89.96636176644996,0.5153846165233991
AA7075-O,0.8055065862171547,34.609895890873865,circle,30.746120323195992,222.33467735433814,185.25199753982986,400.43390600586577,0.7722184356211208,0.8493849046721961,1,1048.639849833434,410.6573923596366,0.07924824079492623,2.0,2.4267942676107803,22.237761966255757,,0.7437195249406995,89.96393967951722,0.48000000000000004
AA7075-O,1.6002947347250271,63.149342563368606,circle,16.38930303889214,212.1464140304276,109.26508995905972,401.34251216658186,0.17046558583325705,0.850484936173785,0,1013.4218822581186,362.9288137384675,0.20084316980563413,1.0,1.4965456343801908,8.552211501223551,,1.1202030660915028,89.8620215764385,0.4700002578349486
AA7075-O,1.6039883124076462,61.764466397813486,circle,16.100958411351666,214.03939289445495,109.78364891872961,370.3292670799196,0.2002854184807496,0.850971963573111,1,1021.9415103142253,1014.5410749756498,0.20142301293877127,1.0,1.543130690113021,26.327986045446934,0.1701849930025251,1.1227910997692743,89.93516236997748,0.5000000001006715
AA7075-O,1.6042093372076476,52.58671878676808,circle,16.7155727327891,217.35624651429424,109.11959474401004,381.54116976375377,0.15717476834311478,0.7960647840468793,1,1032.602505376678,1025.7807819925672,0.1997292801689778,1.0,1.6690708714031368,24.819453394521737,0.1718888250633853,1.1229463982740728,90.02838163707933,0.5615384615384635
AA7075-O,1.6038883526392986,64.7108405993333,circle,17.035045817279137,227.93746688404423,109.58437963240219,314.416018901015,0.12983462186423325,0.8498339756458462,1,959.0378530186015,401.2415407925259,0.200061860972468,2.0,1.0773146220947698,,,1.1369075633185428,89.9588634348094,0.48000000000000004
AA7075-O,1.601559238186941,60.79993648327363,circle,16.34771714586978,214.41727209938935,109.35608337583787,373.17824652880665,0.19441870018731164,0.8492249058680342,1,1014.3437146787392,488.0512486968608,0.19938443601322164,1.0,1.572871196657543,25.541986075300876,0.3393715171167282,1.1210874856846247,90.15269184611293,0.47692325189335133
AA7075-O,1.6081456556909948,60.08520260349263,circle,16.535978205050135,219.74057275979433,106.86397543098894,374.7509576731333,0.47847048393307606,0.8488362827584264,1,990.0220486176715,0.0,0.20033473425805118,1.0,1.580942849952129,23.24752549560531,0.3468397437021212,1.12570191573364,90.01588251442003,0.4923084677115212
AA7075-O,1.5973539787835866,61.99024727432404,circle,16.930326482076264,229.4070253018477,108.40607522236094,405.4376385881425,0.14677152178694405,0.8995248920286724,1,987.7753276655876,696.7579009957481,0.20063136042637073,2.0,1.0,27.024537394770313,,1.2043239556955134,,0.5100000006480825
AA7075-O,1.6016541182939152,59.96404700035523,circle,16.706982033241545,212.64158047635573,110.07909527056756,383.7095679889257,0.1892544550394463,0.8491617965863115,1,1023.4644080758288,1029.611076908355,0.19928566546389298,1.0,1.601605902949443,25.033986793344106,0.16921040977795226,1.1211561744982754,90.10002010758225,0.5230769230977157
AA7075-O,1.600437080007937,64.32268730786276,circle,17.183490229264308,221.39032428805544,109.77662304290612,325.8078412082771,0.14692592379957578,0.8502752775881127,1,990.8622200978473,1004.6874171537805,0.20024511666943787,1.0,1.4599192297291423,19.940902696715483,,1.1203024558665005,89.85677722960003,0.500002003420035
AA7075-O,1.086419818930898,41.043109079188476,circle,25.96586344282765,219.52782982341972,158.03225236194368,401.53022037107456,0.5596809881540399,0.84997114283153,1,1043.4397305958405,614.9478524367773,0.12169272546065336,1.0,2.237059535556683,26.836151066400966,,,90.0836952052179,0.5157894736842106
AA7075-O,1.5943030513544365,61.43662962105444,circle,29.56498160097161,235.04952996283384,152.68227384942375,376.21318477656973,0.52366693899984,0.8498226243100848,1,6578.875932025897,501.6520859156609,0.20075348999836914,1.0,1.5017575915391446,22.05165443759943,0.1680985875620127,1.1160120498944426,90.02250027647209,0.49230769230769234
AA7075-O,1.6097524031208619,59.18165363667153,circle,15.903895314457383,214.48618237025622,109.32605331940383,398.4380990271928,0.16313064697152163,0.8499330177515562,0,942.7572149908982,0.0,0.19997143757234698,1.0,1.6223855359245765,0.3737008885661496,,0.7965590104258484,,0.48000000000000004
AA7075-O,1.1549226623446909,43.403522065029485,circle,24.371134078794913,229.40655774107543,150.1936423033242,537.4743985166515,0.5380943871241926,0.882531910001529,1,960.9483531862212,1.0205621782656566,0.1318785079024532,1.0,2.1022502520299127,26.914946518286115,,,,0.5157894736842106
AA7075-O,1.3018224969412786,57.4912464787241,circle,11.179135613359948,164.19826155079593,95.8992815925047,265.8999270191319,0.11505045826476304,0.8503048844862072,1,1009.6145782611903,1005.5575550691984,0.3491045787762294,1.0,1.5211804575712917,17.981749083108763,,0.8003464505132781,84.17824171184574,0.5
AA7075-O,1.6018293134295793,59.09620881700087,circle,16.774896017942385,224.785288949265,106.66089998030147,505.2280014097061,0.17690394494419043,0.8818310679473855,1,998.4328631189878,0.0,0.20121695464154093,1.0,,24.015738296186115,,1.1009635522577892,90.11875344274017,0.48000253142489263
AA7075-O,1.4274152506329074,45.92762015699204,circle,18.11146944556469,228.9128203045494,127.85922775716922,545.049671413245,0.3023149416626469,0.8859837977254615,1,1013.6983983951181,0.0,0.14019963658606657,1.0,2.1279160757951807,27.240405497094933,,,,0.5157894736845413
AA7075-O,1.597728181189224,57.86224518250783,circle,16.89015952132671,213.62954082036185,109.24822932228705,397.798186240108,0.17438383442604075,0.8496530011684019,1,981.7096541244547,360.9096885549698,0.1998756270611148,1.0,1.6400079050471363,26.696764853026643,,,89.99945979329456,0.5578947413182116
AA7075-O,1.5933861580526927,60.53628826356213,circle,16.959673619978027,213.68028701732965,110.70808219026742,404.3223793093265,0.1713816144978833,0.8507774197693432,1,980.9664643975526,506.2916339479165,0.20085083403819962,1.0,1.5570236696446706,25.527640339537857,,,89.96306597677889,0.4842105283527757
AA7075-O,0.7102738534886961,30.795507243113903,circle,31.734115204028434,224.0969740382656,193.1858013650198,385.7711858533905,0.8533832767742036,0.8500135915863201,1,976.7588651686457,0.0,0.06885829339740342,2.0,2.5864773831016845,24.855427323394064,0.33903902406590214,0.6003985827931271,90.10863504145605,0.49230769230769234
AA7075-O,1.6064361736253765,57.50789333383576,circle,16.22304459055454,225.35225218901462,105.02647083492914,400.7026455215618,0.17199905308022015,0.8513299415362667,1,926.4541155915065,997.642973780816,0.19917135519926757,1.0,1.643889028633042,26.7408125194308,,,90.04759785395609,0.5368421052631579
AA7075-O,1.6022978152344372,57.8859600898414,circle,16.063439333984135,213.75612572989368,109.60386752400872,398.894411243635,0.17701170053199686,0.8496421825713882,0,,,0.1986836292248067,1.0,1.6536739897563297,,,,,0.6179098218795445
AA7075-O,1.597185669847305,60.49048445271897,circle,16.923421901632643,217.77237393731502,109.72597204533372,306.3334382968729,0.11869584037789907,0.8503198063102895,1,951.7339360494551,273.23095574936264,0.20073421369235533,1.0,1.2916709027391091,26.904907565571282,,1.2014773937015961,,0.48000000000000004
AA7075-O,1.1260136311093298,25.01167218638946,circle,21.013570559268793,225.63952686299854,172.49186232145036,383.3330077059642,0.4248321415871963,0.8501045920301661,1,965.4018189761896,6.952317571327033,0.04147884714653178,2.0,3.4007957669098965,24.05780659171252,,1.0978647982873544,90.19470189823382,0.48000000000000004
AA7075-O,1.1652911300724702,51.78883476179466,circle,8.624406553504018,142.1188713360306,89.8758837231531,194.07609056849992,0.1142036473629109,0.8498714555719358,0,959.8630040672008,18.699522240401826,0.41881694068083536,1.0,1.5876200555136641,13.499643828573424,0.3415735745011336,0.8367092747152192,81.7465557335143,0.48461538461538467
AA7075-O,1.6004897024964748,61.049537048459236,circle,17.10480726171349,221.08991209663168,107.95362117344209,356.3761121883457,0.14864645847522798,0.850347844772362,1,1043.3666440083493,502.565201159174,0.2010360371274493,2.0,1.5666713679649027,26.398693143121893,0.16814105610902863,0.8997070858164065,90.0231391283913,0.48461538461538467
AA7075-O,1.5957041298892383,60.429744217934825,circle,16.005111138625526,214.04644320396594,109.52346487583904,402.1547934279822,0.17625577872386092,0.8511083401433168,0,,,0.2039282775317495,1.0,1.5816120550076334,,,,,0.5657461491835829
AA7075-O,1.4271024089531013,72.7423979584223,circle,14.468086063336093,186.97347424983482,111.79898696444882,325.30078770713925,0.12807421602533095,0.8461189874519951,0,1022.0010565937159,0.0,0.20445081763023867,2.0,1.5522872942001513,0.3952341106575405,,0.7995117587662725,70.06494112884512,0.53
AA7075-O,1.2986263879291584,37.63260671603947,circle,19.060274840764315,220.6468375147653,149.45128016772014,378.11375240796275,0.365970142305243,0.850499130994262,1,985.2020133584738,0.0,0.09979754726871799,2.0,2.4773458269475968,24.637769285932624,0.33920587725436174,0.9090379131550904,89.93649361297206,0.47692307692307695
AA7075-O,1.5972517164542133,61.68612497496546,circle,16.492462730788098,221.75728921718436,109.34456740467033,346.16911520233157,0.14601258287417346,0.8508796184336558,1,1004.2231186390292,990.4522777806616,0.19813677194878102,2.0,1.0,,,1.197737289597209,,0.4933550492209504
AA7075-O,1.6017242110887666,64.4632476299882,circle,16.62920577420665,221.5863704930895,109.80885232563894,331.11359871796225,0.17027371164255367,0.8498521830942461,1,1017.2198437205501,0.0,0.1991759023403259,2.0,1.4750192440066283,23.286989833959073,0.3390990870249278,0.9121843925054073,89.98701449583042,0.49230769460032847
AA7075-O,1.5908621009672432,56.76913074738008,circle,16.53541699205465,214.33762647496917,110.07154345352372,328.30996818638056,0.17757654685464255,0.8502961510091215,1,1000.6725043457934,0.0,0.20044639783973695,1.0,1.6195014709052797,27.34875054832633,0.33948680497663164,,89.9873659545502,0.5952095871078265
AA7075-O,1.601364542759121,61.576227814180186,circle,16.23090461322203,220.82518158755937,105.96912373298136,372.898265349531,0.19575259312014157,0.8497931243945627,1,1014.9129584750259,0.0,0.19999340717234707,1.0,1.5519248739577556,23.69208045117839,0.33862675367035205,1.1209542662499994,89.92684552057926,0.49230770797225243
AA7075-O,1.5978681751950423,57.38410378932693,circle,16.438374311018254,224.44352174812346,106.14599972899717,532.7484454584855,0.1944492885885186,0.8817291919634238,1,998.1467619470687,357.40452095619395,0.2000617400555555,1.0,1.5822836627606927,26.499481265736897,,,90.06794293148806,0.5052669559663419
AA7075-O,1.6009725412330458,58.02122895080919,circle,16.145237975609962,213.5756423653752,109.64868274617727,402.7068209657849,0.1631460070438737,0.8508769199048206,0,1007.0360319750844,988.9399983347197,0.20063667686806247,1.0,1.6612080298522673,26.606177786072102,,,89.93529961910575,0.5371482664052682
AA7075-O,1.2487549615959526,84.67019092169451,circle,12.64167333412269,160.1035184248766,115.84596096761888,249.12101548095194,0.09495804868044012,0.8445716032825573,1,944.5987828268167,0.0,0.20157832808411222,4.0,1.5660011214134,0.34367553738651047,,0.8013363226122816,70.06669124561546,0.53
AA7075-O,1.5908612271994997,64.8976100125301,circle,16.39381846685509,213.87502090206996,110.12059723194689,399.92578161407704,0.16864094102815694,0.8509313854899888,0,970.9702569850251,8.00592892996713,0.1996605454422109,1.0,1.4708474578677755,23.684636486480894,,1.1136021630704533,89.93594286755955,0.4700000000000818
AA7075-O,1.2364879895292968,87.82957631481165,circle,12.597848854556355,161.67642035071268,113.9661682748537,240.4759122965037,0.351483802699296,0.8439913410002936,1,1025.3778914782008,,0.1995301778631149,4.0,1.4366332993732065,18.14184114981648,,,70.14010002205173,0.6000000000000001
AA7075-O,1.1313839014291356,93.00081126605279,circle,11.473254758830855,140.0542496700294,117.01582595098952,193.34105725223628,0.0666812441039739,0.8412106428447658,1,979.9923274298449,1.526581456790327,0.1992946773095221,5.0,1.6477615418423899,26.82471000237602,,,74.14036327623121,0.4947368421052632
AA7075-O,1.6087247929351987,60.30527260048304,circle,16.088842342461664,214.45964408719175,109.74766341832681,399.3941146708489,0.1749214521088143,0.8511688867557005,0,1038.1190203704246,0.20908881860020292,0.2000433970169407,1.0,1.5814698532380314,5.7490875704280615,,1.126107003745842,90.04525767677607,0.49000000000000005
AA7075-O,1.6053626510201593,65.1558308283321,circle,16.45000581301144,221.10482629786247,110.06485015839384,356.47600860651403,0.14692610092669747,0.8499938067196783,1,1003.6917712285266,994.71047150476,0.200281712687581,2.0,1.0,,,1.2056353908482702,,0.4933777215238685
AA7075-O,1.5975538783561303,51.92135315464147,circle,16.308668972562845,221.00205381992217,109.28237261203107,353.28113647588634,0.14529901367079007,0.715640139578138,1,1089.7544008185116,994.9469383842328,0.1997804680822592,1.0,1.5931010758993887,19.405839026337507,0.1695022590743549,0.8069574225854101,89.96265619235996,0.5230769230769231
AA7075-O,1.6011582687967743,59.1238770201299,circle,16.60029069862843,214.76787780842727,109.25236980303752,398.92532486709547,0.17144080644946735,0.8492555428187427,1,1042.5826352730317,0.0,0.20139890748147224,1.0,1.599919820677094,15.973991802997014,,1.120809674210425,89.91922000148374,0.5
AA7075-O,1.6090328259271838,57.339556215804336,circle,16.28815655945325,218.0134435325063,108.13395819386447,459.02975766138064,0.18322195052628368,0.8629892363452154,0,1025.8962787083976,0.0,0.19938973180851313,1.0,1.6637169211369407,,,,,0.5428571428586219
AA7075-O,1.6045659061495459,61.39905993189194,circle,16.561371321854597,221.39233325641362,105.59412111327666,402.7094590526031,0.17798124408077093,0.8498847126579818,1,995.6367603173211,997.4035436786468,0.2023065781850527,1.0,1.572906340904853,21.438991747174835,0.1702242232537752,,89.9846136803505,0.5083621042294407
AA7075-O,1.5999717467965324,64.59838960749941,circle,16.97550389196643,228.02568103301246,109.62149636568267,314.16442223949247,0.12422128879075137,0.8509766149088512,1,1018.0431626179966,684.6670659151948,0.1989131704470031,2.0,1.0,,,1.1681084895618465,89.86912792189784,0.4933333333640878
AA7075-O,1.5982252652495024,48.75651758638229,circle,16.47260439454484,227.74150597716005,109.84696295518346,292.32597686572666,0.13410223698981832,0.6968976432545754,1,972.4209665013674,996.8948997317896,0.20149015521961314,1.0,1.6169790839454163,18.02096522268125,,1.1187555963838014,90.11073097732023,0.5100000000000128
AA7075-O,1.5971131058997903,59.34342519494559,circle,16.81761339406701,222.8912128234261,107.24050017765563,507.21441247496597,0.18387464716259944,0.8748926674587879,1,922.2076605363046,0.0,0.19768346946117601,1.0,1.5882937783055966,25.862278975619695,,,89.80236338468934,0.5578947368421053
AA7075-O,1.5963013934602093,62.48726252093267,circle,16.92115993554574,214.67804079885423,109.59825375734614,399.84780106868027,0.17619168209299768,0.850523882395029,1,1009.8313341044618,0.0,0.2000290194349896,1.0,1.5111348386181696,23.955037598644495,,1.11740583074313,90.17386432241173,0.47001257437205035
AA7075-O,1.303302854173802,81.53127675355611,circle,13.434396181651396,167.4720736149118,114.44529958142991,270.28797473459963,0.10023003949315329,0.844349492172928,1,982.2036229219368,1031.6435368200675,0.19998195798871585,3.0,1.5778593781553305,26.342167746456195,,,80.02064439880992,0.4842105263157895
AA7075-O,1.6042146607920005,63.6595479297358,circle,16.954560069901476,225.63480314826603,110.19838160005605,334.2935323263628,0.14284882300176274,0.8510124886280298,1,1048.2883825583592,999.499745194349,0.19787085322277392,2.0,1.0,26.43438336851876,,1.1962936717034636,90.00809948321216,0.49000000000000005
AA7075-O,1.3701807625032343,74.87206658654337,circle,14.211009336540592,177.40696857111297,114.47153946937226,298.4124629832333,0.11893238905675343,0.8454796553826356,1,1012.2901754261143,2.263030143809405,0.19819036670290902,3.0,1.6492268786827147,26.884759734644664,,,82.34929634209686,0.4947368421052632
AA7075-O,1.6010249864634258,60.62770224868328,circle,15.977609811581997,213.96228048039325,109.73410758252815,355.7344341843753,0.22613510463310127,0.847391303117733,1,1010.902870889624,534.052825581124,0.19773453241932978,1.0,1.581056116410816,25.19249499246386,0.2460723831279856,1.1207173234191312,90.03128849183535,0.584620722276365
AA7075-O,1.6035050984052321,58.773359265253006,circle,16.603172759634255,214.43711868679748,109.76592873095989,386.207676511928,0.19069563160901148,0.8499756375028718,1,995.5203781365677,4.774018011426213,0.19942069872694693,1.0,1.6141980638678606,25.98178348592756,0.3387454884975192,1.1224515027365372,89.8900654695101,0.5247180751742226
AA7075-O,1.5945015539755973,61.4630850301786,circle,26.958627750076325,229.60423933841776,142.1900820708925,399.04243387766786,0.4155591271131499,0.8504188427142436,1,5130.903422071833,607.3179957452082,0.19830197631854937,1.0,1.5256314520026242,23.24624043255765,,,90.14663638265057,0.4947368421052632
AA7075-O,1.3647967073601044,58.83913622648773,circle,12.577793472006098,175.70743230044903,98.44345874355857,243.39080229584502,0.11037828389008085,0.8504552857184695,1,991.5114046466449,,0.3169987255068616,2.0,1.5582935896974603,19.93870455134885,,0.9903424385956835,85.67343191349586,0.49333333333333335
AA7075-O,1.6103614824968107,59.415152559365985,circle,17.10682776032293,213.674730474411,109.99371374477325,400.52836327853976,0.17223087030434167,0.8515161780768695,1,1039.6923342010498,723.8478709463475,0.20113389584842484,1.0,1.6006003370264148,26.40469361837059,,,89.90356792130393,0.6000000000000001
AA7075-O,1.2513910580554841,56.64192442451638,circle,10.692860171669773,158.2262977961977,94.15263357509002,250.80884721118468,0.10995526264168097,0.8503813898537858,0,926.7537642588873,0.0,0.36808159451358324,1.0,1.4991827811905563,17.205965562501746,0.3422115986979421,0.8401442744367135,83.72116937572127,0.49230769230769234
AA7075-O,1.604468480459102,61.26261175234612,circle,17.074409780599257,221.67234258061924,109.7236352138753,356.23976037964707,0.15305548623390872,0.8512934493719665,1,992.6924252443056,0.0,0.19998097087914296,2.0,1.5636266424142595,26.788559058504173,,1.1022873194971097,89.86375441881881,0.4800060481383557
AA7075-O,1.5996741275702158,63.22369812178464,circle,16.528816129944747,220.70433175255343,110.23182638619362,334.3119545625586,0.1493358255115464,0.8502076603955971,0,977.9374393764151,460.11611377517926,0.20195426041345418,1.0,1.4895681354912174,8.682748503623559,,0.8055819869439726,89.7852227744534,0.49000000002883354
AA7075-O,1.5935246373415568,50.56000238255285,circle,16.113094045459864,220.67719808975338,109.53695284919768,360.6932152508236,0.15572912841129652,0.7341022552313754,0,1012.4162790216593,6.362748356986411,0.1988172362456597,1.0,1.6244526309533085,8.808402590391102,,0.7999673018843848,89.9016926804149,0.4800001677452185
AA7075-O,1.5987227924908058,59.47871975460745,circle,16.90909874918303,213.78724009355025,110.22790271564838,400.9973078405876,0.17395532654968118,0.8506423426002278,1,1013.5960256611303,784.795111650547,0.20240973351864533,1.0,1.5944027971884636,26.33943938634671,,,89.88895463259888,0.600000482534605
AA7075-O,1.5995482719776561,64.86605905084653,circle,17.015865898503563,228.0637860082871,106.52061600784849,352.1151753626647,0.4350155225847112,0.8514399100970398,1,1065.0205589638372,5.840099130131989,0.19936802873911239,2.0,1.4831883702578919,17.917006639072877,,1.0988609130990372,89.99858772575081,0.53
AA7075-O,1.5988049075570936,61.92033287337375,circle,16.965925485866126,217.6699311889096,109.22300229076045,373.33723790392366,0.15681015608369708,0.8482655199480645,1,957.4934954497002,6.418035219609366,0.20065922230110922,1.0,1.525375464838388,24.67698175991305,,1.0968262268759326,89.97415329460883,0.47000000000000003
AA7075-O,1.5956578249977313,65.75429332151545,circle,17.050543985689632,220.69509292399317,109.60444209100595,333.9520870818622,0.14544823849357955,0.8510638262190973,1,1001.1222806886374,1011.8337239902395,0.2003798518608861,1.0,1.4433715933840283,19.881024242333343,0.1694123333777368,,90.08345643285078,0.5003417351719465
AA7075-O,1.605270403159139,64.93836384220756,circle,16.698050467530788,228.30785316688113,109.78677068415858,272.9378026710781,0.11163514337842603,0.8509510623379939,1,1022.8144860591641,997.1165028878205,0.2941273086087786,1.0,1.447886468829693,18.01292372332128,,1.2021670240743834,89.848435754944,0.5000000000005661
AA7075-O,1.5990507255451072,65.33712151095038,circle,16.753840857880224,221.10966294399628,110.05092395007608,353.31544124255424,0.14961495469746572,0.8511158106812332,1,995.9600286362947,985.0021764413767,0.3579753243140351,2.0,1.4529069078494121,21.475022199063126,0.1723578429740655,1.1995900683306115,89.95370569261483,0.507743330041518
AA7075-O,1.6023411394070919,62.93760011073685,circle,16.635431799341294,214.0326761807749,109.02118079209481,357.51049050126005,0.1488475692564477,0.8495564075828809,1,947.0457516496859,0.0,0.1992367026128446,2.0,1.5463735073979694,12.25086770573347,,0.9484878992847925,89.91607815961801,0.49000000000000005
AA7075-O,1.6023394934627915,60.162050677020964,circle,16.987521263014923,219.32573326894544,109.56129632647728,345.5829744654141,0.1530393079010968,0.8506141915026092,1,994.6993992182956,381.41106941346584,0.20025004888981845,1.0,1.5777441623480744,23.720218512543138,,,90.09510511429892,0.49491892156561645
AA7075-O,1.5972717953177722,45.7497915829575,circle,15.768303908162222,224.00293193546645,108.15808546966208,336.83720142862677,0.14506135033404075,0.6752900542248672,1,982.5159093170602,19.35420118491288,0.19909284587508128,1.0,1.6602049343272753,13.266210890287217,,0.8059592447392586,90.07520644563917,0.4800000004777276
AA7075-O,1.601821259015144,65.05083109551366,circle,16.48102254013201,223.64713217183353,109.80947226549502,311.9764361736036,0.13468370974612048,0.8505890662526001,1,1005.3944985308829,999.6041492182458,0.20003508782804702,1.0,1.4455924667766344,18.036004394558912,,,89.84929687320421,0.4947419047981816
AA7075-O,1.6074080729857243,57.121728538438,circle,16.19679020599673,221.49271900096187,108.60228755671189,494.8283662119448,0.19190778854110768,0.873578674134801,0,960.9051922404818,0.0,0.1982010612981151,1.0,1.6448419135823313,,,,,0.5
AA7075-O,1.605166600082015,65.28468217397271,circle,16.349878526718484,214.45979956397224,110.36915766839184,398.9032899004258,0.16775902668790021,0.8502374683226457,0,926.0714167566775,1005.6069092447925,0.19877266648510963,1.0,1.4631237495665657,22.42277670296043,,1.1236162002128658,90.04953051274114,0.5
AA7075-O,1.5951772461992935,60.094764045182565,circle,16.680697132569456,214.49118668587747,109.60368504471067,380.77590453513415,0.1979695900271758,0.8507172875966486,1,1036.7760010369268,990.0742367829992,0.19968980323702681,1.0,1.575050907238085,24.878854611488656,0.16750583439612698,1.1166240715303033,90.0021812861676,0.5153846153846154
AA7075-O,1.5985863600277577,59.96986093310404,circle,16.909525044687722,213.56881141507108,109.78056945222474,399.76856042954773,0.17455278450166123,0.8502258755332428,1,965.9666636237386,5.402122746960355,0.20078692009406543,1.0,1.5814927418324551,25.482736247657982,,,90.03391149059566,0.48421052631579015
AA7075-O,1.2899917079292873,84.04099626499791,circle,13.25095259519318,172.31744498071737,115.22660944498607,223.25554742363587,0.07910302563826326,0.8447182254578823,1,991.7591591080554,21.310481145695555,0.1990606963253125,4.0,1.494180198710969,,,1.095118476797408,79.42739788827681,0.52
AA7075-O,1.603544908744694,62.87021960534341,circle,16.604479442027724,214.08550295111067,110.00287097749272,398.12950071036926,0.16779264014354373,0.8500337620756302,1,979.6780775145058,0.7028527182909153,0.20124365539564326,1.0,1.5035223833237803,13.303209590320577,,1.1224814180533305,89.98971977665077,0.47000000042116513
AA7075-O,1.597830236609582,58.818854661647215,circle,17.038750056733726,214.54289899818616,109.68043539834242,400.37460902347306,0.16999652613687832,0.8507574345718389,1,1000.3658115731298,486.82681511810847,0.20067447352936726,1.0,1.614389414419299,26.698496161123277,,,89.69367310134332,0.7102919199084434
AA7075-O,1.5962432009617686,64.87786832004545,circle,17.06732995203617,213.7423590254292,109.92716612223344,356.2015446517713,0.14906367698505738,0.8499669736405063,1,1019.7420403153527,0.0,0.1991761098333466,2.0,1.4584617212995972,23.791121401380146,,0.8560843105594343,89.95690211201429,0.4900000009176096
AA7075-O,1.5988019573587962,61.8474485569426,circle,17.048242951753387,223.445935269826,110.17257391940818,337.6183765325953,0.14123131722478593,0.8498510737876211,1,1003.3118887578423,702.8876096071988,0.19661663986934494,2.0,1.0,26.706504980350438,,1.1963920655334093,90.07130119320995,0.49000659220338433
AA7075-O,1.6031415260399098,60.713671642513326,circle,17.016196577923655,213.92987883464113,109.33406627427695,307.5539675683886,0.12591167831767527,0.8491510018285165,1,983.4118771559929,6.6640980742939595,0.20050022204753723,1.0,1.6187233428047325,25.616564387572108,,1.10014459501919,89.93228402563172,0.4900000172125834
AA7075-O,0.7763425171631976,31.63676071046882,circle,31.180888079100914,222.5438998261543,186.00569660909468,362.1098917173643,0.7602202935691457,0.8502179665834565,1,984.061017686045,0.0,0.07791250876469259,2.0,2.5323696836518863,27.097119354931156,,,,0.4947368421052632
AA7075-O,1.2029152893006783,43.68387943250294,circle,23.440934584516683,228.91878529177887,144.18886801561317,547.3789275656396,0.5044133312601973,0.8848145996859126,1,982.7534014901776,0.0,0.14113256742286437,1.0,3.105946013006255,,,,,0.5
AA7075-O,1.5961176745655345,64.45278654500025,circle,17.22156039814758,222.10987421928166,109.0016481719321,345.34317598975747,0.1481523412973138,0.8491095305768288,1,957.2011134367655,1.7156763567509905,0.1996218628564775,2.0,1.4793028225645974,21.944106249882537,0.3409520518022632,1.0950341322062833,89.88185804101366,0.49230769230769234
AA7075-O,1.5929646768972512,57.25039536638938,circle,16.582011442050085,214.08732308832285,109.26380931047181,381.79077409271906,0.19425840717597434,0.8496035605057355,1,973.8148617676854,419.08460112943607,0.19922152182530334,1.0,1.6502522934668173,26.478402373239327,0.1711796494274373,1.1150750490085384,90.03638334038835,0.5538461538476194
AA7075-O,1.6014035715054282,60.21443456069214,circle,16.271059632044267,224.56208905604095,107.75119054744451,528.4189700376488,0.2134639617654515,0.8838377558166393,1,1008.7101334824033,3.175419296098024,0.2001198239111563,1.0,1.5671890087999059,25.957741103166075,0.3406699076169757,1.1209823901067282,90.02537640229438,0.4846155701401693
AA7075-O,1.597264656963837,57.61291814485793,circle,16.647606591729264,219.51033086702105,106.75932102000378,398.9851373327152,0.16412035210496412,0.8490031947596766,1,1001.4486785003658,1007.7820249052145,0.19965066369069523,1.0,1.631609945493534,26.69441431146919,0.16900586158827338,1.1180779415402164,89.79269654839321,0.6003616992195406
AA7075-O,1.607777235517603,59.89286729619468,circle,17.014856419721603,220.02260274881874,109.09149564602068,341.1972683229963,0.14651180065328193,0.8484820853691664,1,969.3798074819454,987.8591347662508,0.19935949874081962,1.0,1.579027369736528,23.421552363779607,0.1706763238431386,1.1254438663919295,90.03402699077932,0.5076923076923172
AA7075-O,1.606821879122395,59.75073280894934,circle,23.507192013514096,235.1396152534935,128.2566552123943,401.4407919204595,0.3473455671696842,0.8498843712040621,1,4029.0855904581085,6.060880109165369,0.1988985385796471,1.0,1.5960703381005144,17.905531559583682,,,,0.4842105263157895
AA7075-O,1.6018859048940748,64.62385674549493,circle,16.99853073210622,228.42180063469524,109.72728753831436,279.0656425194641,0.11761208955163056,0.8504027188859249,1,978.7246600953284,1016.1175382685933,0.1994780030989554,1.0,1.0188183378984925,18.04510759945343,,1.2003419688888248,90.04247216451976,0.5000000000017507
AA7075-O,1.5967370580593467,57.752064550439044,circle,15.882372000714334,214.03221606823874,109.85048931177477,383.259226178404,0.17595084191562818,0.8503810168126318,0,1017.9831267741206,0.0,0.19893468429307962,1.0,1.6574197561561246,26.71613300046493,0.3420693775223113,1.1177159013614801,89.98480999229271,0.5000000046000205
AA7075-O,1.5933773850216038,64.19660017640987,circle,16.977882565862743,227.54543427430323,106.49984210442933,358.0994225101643,0.49864629852565756,0.8505138838861284,1,990.3531522833572,9.313644677320358,0.20151220792066277,1.0,1.4509338987765694,17.992518068489247,,1.1010028249669128,89.93119874481404,0.5300000064498723
AA7075-O,1.6007402318601578,58.0253329084907,circle,15.94598893516151,213.9051129325751,110.21683252176759,402.4138009090138,0.16868894347444566,0.8499215662956607,0,,,0.20395650432423093,1.0,1.6671131932365937,,,,,0.5983616198292354
AA7075-O,1.5897205968195014,63.37023656249681,circle,17.139291953366065,214.21123770610274,108.99357171511957,338.6280208584934,0.15297126108869724,0.8499120719947151,1,1008.3833307063563,1008.9265647640442,0.20013320815986366,2.0,1.5710107687447858,24.676828013233894,,1.1009962156425923,90.04965669470253,0.5000493549367951
AA7075-O,1.4029336417254186,49.002920778361755,circle,18.54887677168097,218.1051476331218,133.91817473947077,398.22110972921166,0.2691816881923684,0.8498482231678682,1,924.7602503431408,690.0876730540198,0.13715426426062782,1.0,2.059664610522263,22.341628921036406,,0.7572151267741558,90.25232832877481,0.51
AA7075-O,1.2479013289237908,56.24027917118168,circle,10.21556353225217,160.7704666790019,90.45871263485627,242.9688755076341,0.3860752358450312,0.8507561278277401,0,,,0.3773642620673451,1.0,1.5165641004700843,15.43022105868172,,0.8438027816065221,78.73637735020095,0.5333333333333333
AA7075-O,1.17393670685158,89.40417639674233,circle,11.99529559321649,147.06107254226401,117.1648732939722,215.42809385117937,0.0772693110412604,0.8415915901085489,1,974.9908760314472,0.0,0.20139439083556931,5.0,1.6495262190215805,27.04864782697679,,,75.85018442542535,0.4947368421052632
AA7075-O,1.6001622958961468,63.95360224312782,circle,16.718280713368557,214.39990064300883,109.20416158944317,397.4302134800922,0.16176679574793454,0.8497691330929236,1,972.8936221791423,0.0,0.19847230974918947,1.0,1.4724553548979475,16.671891188280544,0.33993458816237354,0.8036981267655603,90.15070173753429,0.46923076923136664
AA7075-O,1.596540149895283,58.75864410478674,circle,17.01525451001639,217.40878576889833,109.69584935773676,376.1899045644528,0.15776212166204956,0.8500846651010898,1,959.910443050223,1001.3232646065628,0.19841732858096106,1.0,1.3556238272584369,26.45595284629519,0.16987148831715906,1.1175773323632125,89.93263011565878,0.5615384615384615
AA7075-O,1.6037013438978882,57.47009269802739,circle,16.603766248766735,227.80328203068927,104.76676125656722,376.8767412129678,0.656572992140848,0.7849743731999065,1,,,0.19864376906988523,1.0,1.5254075115666426,17.923480535155576,,1.1225909368507099,90.00476233815893,0.4800000158695205
AA7075-O,1.5979281128984488,58.958494041145464,circle,15.888357193703142,222.858672864474,106.18248251408376,380.97115448574806,0.19444522178383486,0.8521268508706268,1,994.6326073172905,0.0,0.20016781679735401,1.0,1.5929771694208665,24.769739297411927,0.33886177890254604,1.11854494527857,90.16669125620201,0.47692805346097855
AA7075-O,1.6004471502473727,60.46175533668715,circle,16.647126845215084,213.96128469807564,109.97424455526686,401.23505222192586,0.16691867871501476,0.8493764059299085,1,1022.4131319380344,0.0,0.19895309787165635,1.0,1.5918718936423366,27.14907604533025,,,90.15875826561262,0.515789473755245
AA7075-O,1.6015116132999543,60.43400350508388,circle,15.865317856785774,223.6023896623633,105.26555402406431,397.64717048824537,0.1717329795490031,0.8494374007142453,1,981.4989169676968,,0.20005087768682023,1.0,1.580822762421079,,,,,0.48000000022262257
AA7075-O,1.5983769695402872,58.20844204355369,circle,16.47985473224287,213.45806370152206,108.98105941840008,372.3930241000908,0.1627590396152519,0.8497602609893267,0,1035.5657402356605,0.9308340015752015,0.19973202526395661,1.0,1.6469194152227393,27.2819274926172,,,,0.5578947368421054
AA7075-O,1.5835903298660117,59.58537164270964,circle,16.822181902083887,217.7640157517353,110.49932802120344,373.9515825713735,0.15668697854648128,0.8496052458843347,1,971.9315407073606,315.5150481291542,0.2001243881046123,1.0,1.308959461282468,26.337469217887275,,1.1976973837084761,90.15972182182654,0.5000000000001535
AA7075-O,1.5987390492646172,57.53545851652912,circle,17.095492502094537,213.9114690723429,109.40786643226318,363.09822587081806,0.1444336682278969,0.8500488104701459,1,996.7117266137534,611.0695435022484,0.20086931611708053,1.0,1.6493224926838777,26.793344390582245,0.16637947577470383,1.1191171476460642,89.96689193593593,0.519506606285509
AA7075-O,1.605665892543873,64.45425468522288,circle,16.577505377216248,221.92484967005697,109.91819597013306,332.82677774265267,0.17548096277104083,0.8500056134233599,1,1020.9260352895693,996.1596903828253,0.2013756134052212,2.0,1.0,22.134300803693392,0.1694398216543532,0.9979500181401972,90.32033629450561,0.5076923077524396
AA7075-O,1.1477776876726824,25.88259805546236,circle,20.336332108638736,224.56940089421005,167.91226738976778,399.84599103515956,0.4194003551969118,0.8511440387699005,1,,8.88702827101261,0.05060663280410453,2.0,2.9478170954676486,,,,,0.5
AA7075-O,1.1685738120105165,51.77663794461885,circle,8.369225773256163,143.58119144987128,90.14206257344067,194.99723305215764,0.11796449630481788,0.8504059141322987,0,989.816399313584,0.0,0.4145260302315548,1.0,1.584944038379208,13.335753238446003,0.33979956174321396,0.8445306455081629,81.85169228711919,0.49230769230769234
AA7075-O,1.5972278343125519,61.739880897821024,circle,25.199902183368973,227.40067120332935,139.27511451549603,400.32197569481036,0.38732897167503283,0.8501399936405628,0,4821.125193639815,0.0,0.20133849920068228,1.0,1.5161348506849714,6.465015241968235,,0.7982424190143217,,0.49000000000000005
AA7075-O,1.612060934546988,61.691811314935656,circle,16.4843620553381,213.82677899547713,109.47068421450982,401.0586859472234,0.1699096664657033,0.8496994185975234,1,1033.5564454838955,1000.1467593402531,0.19948717264580795,1.0,1.5480739326416466,22.334405443107322,,1.128439585856171,90.13361302078867,0.500000000000001
AA7075-O,1.6057540807180368,64.4023178414531,circle,17.020323731319372,222.6642806086689,109.08773970274393,341.5188006777912,0.13904493012857672,0.8501681313495362,1,996.5489606847823,341.9248407000262,0.19843245924281272,2.0,1.4883697128615514,21.947220999319647,,0.9819496872547248,89.90615233222617,0.49002359306523147
AA7075-O,1.602346261620074,58.83522138711402,circle,15.938570918946066,214.32907520174552,109.45455398083821,388.0286468639816,0.1861721422661579,0.8511200677947279,0,953.4386310888483,1001.3890745770674,0.1987390438686402,1.0,1.637989283955332,26.341159733532255,0.16999655119837437,1.1216421035435693,89.95954505404481,0.5461538461538462
AA7075-O,1.5953323007648776,59.577665304556774,circle,16.202446129912616,213.71556322783917,108.76102567957379,384.93040955359544,0.18485254450036268,0.8487744632437157,0,1007.8880930122408,7.43599138338228,0.19913636631129417,1.0,1.6122913773390894,23.72419648784015,0.3405353211376775,1.1167325424835688,90.02000244047099,0.47699813847972444
AA7075-O,1.598263972441844,61.83276718569688,circle,23.960645176768917,226.0615017688073,133.95197737427856,368.88111228214905,0.3934622594273294,0.8519490057419795,1,4228.285685902878,6.536375540753921,0.20189978780579185,1.0,1.5058581207498098,22.81344736568701,0.34110397165551914,1.1187774196806997,89.79215774497003,0.49230769230769234
AA7075-O,1.0004344109357446,69.2135979017422,circle,7.2680933958463205,118.14185498440321,96.28243069253573,136.3960598712671,0.06354623351540366,0.841227390488278,0,1011.1373643248531,,0.3871392987841911,3.0,1.5665931436696707,13.607186481496804,,0.8386097055877983,75.24369346467286,0.5333333333333333
AA7075-O,1.5978101609651647,62.95511646300867,circle,16.774167830392255,222.70183001915444,109.98653314435954,297.454369251944,0.12887934642488122,0.8501352012218856,1,1015.0968423657489,989.0630432156212,0.20036205866731785,1.0,1.5137941127540417,18.024678404750336,,,90.07775244981897,0.4947368510364962
AA7075-O,1.5958164160447355,64.45267883370204,circle,17.031417868760457,222.11958176171183,110.22423837932584,353.05534788199054,0.15163601766038512,0.8507613096179137,1,950.8722684984579,0.0,0.2039987671818707,2.0,1.4844178824563845,23.55281333851188,,0.8743171325344835,90.10718835306916,0.49000000000000005
AA7075-O,1.5963157273343862,65.17049819568253,circle,17.16808096893431,213.159581653769,109.09568935040387,370.61268232113383,0.15304436840209729,0.849020296137367,1,1010.5949802083602,996.3437755593327,0.19895041834012128,1.0,1.4531384851091846,22.111264720535946,0.16997485018267594,1.0913067785128305,90.12107879559757,0.5153910196481305
AA7075-O,1.6000212452245954,64.62826242660708,circle,16.420174204576213,214.38049361024648,109.80082913335518,376.66712532970683,0.1985814798258804,0.8506028370019452,1,1020.7027795931434,1.7571311760316297,0.19909588308528084,1.0,1.4505506871078275,22.809596752644147,0.3393257036366827,1.120012908189918,89.89271533849103,0.4692307695565854
AA1060,1.0,27.85874271979771,circle,19.996525358697422,109.8071752982953,84.70326064974789,174.592266685165,0.18585389476166217,0.6497533383825574,0,795.0790949702479,598.481777828772,0.09635491901736784,1.0,4.582346123465331,31.077967458501508,,,82.94413774693483,0.5
AA1060,1.0,62.66027608129726,circle,19.539173060769322,236.31174827126745,153.03949676879606,248.12733568483083,0.15699459044590916,0.6825542715988604,1,1714.2587038305066,399.7860793525532,0.3813159665749527,2.0,1.4258094943618151,34.91521610373592,,0.6898731742816585,80.24223742382641,0.5000000003305033
AA1060,1.0,55.431800068169466,circle,19.9884540121827,205.86723734232177,111.80601948363048,361.8336939088854,0.1890408923824863,0.6501608806640564,1,781.6712269562657,609.3336424981896,0.09961779611494026,1.0,1.376324647549156,30.983702574371794,,,,0.5000048267197771
AA1060,1.0,64.2857945388789,circle,19.399511244673604,360.9839690910428,245.26797453725206,379.03316754559495,0.1983106326345111,0.6505949775562689,1,2873.161687171263,173.68264663863627,0.9959804297404987,3.0,1.440256348111773,25.96550284810635,,0.5640716166817006,69.28995950428693,0.5000146733349257
AA1060,1.0,47.626906202401095,circle,19.804824456434584,255.6258601982925,149.11348114634174,452.8062271259963,0.23165200196111868,0.6500882519243236,1,704.2855945172807,574.2001324876827,0.43841494692595195,1.0,1.4394614134613246,22.97507038612011,,0.7831438305356546,32.0391988343039,0.5000000001675535
AA1060,1.0,54.4176850441213,circle,20.008753863586296,111.47063182059892,54.84663624631168,166.3229278275394,0.1342190289568338,0.6774594908533258,1,437.76153997866686,600.8968166785303,0.05617887865257968,1.0,,,,0.676766518163075,75.19684290970334,0.5000000000000056
AA1060,1.0,69.81340040325263,circle,17.60008194693049,117.02868392545811,73.92118675808979,160.3603287183929,0.11104077025739847,0.6881812244872167,1,569.0862691379518,454.2947010049526,0.08107132391360669,2.0,1.29821494193404,,,0.6860030655905213,78.52292004428668,0.5
AA1060,1.0,55.361564686436424,circle,20.01425049668342,172.0978818844297,91.77466670733916,290.35054539254514,0.1658773876506846,0.6503105275844611,1,518.7063826093553,598.2483985551869,0.059993510296781724,1.0,1.4204366422133174,30.81831425224078,,0.6758887723511362,74.91821269825877,0.5000000143480371
AA1060,1.0,61.89398019379444,circle,19.866827315557924,306.9237607039497,151.11290471891564,439.32235168652153,0.23089372905771488,0.6494905256538326,1,1228.601090493795,369.9133526145549,0.10207999314370002,1.0,1.2023282457520021,14.434674145685012,,0.8018964343221483,89.93951548859299,0.5000000000000707
AA1060,1.0,51.4171008138094,circle,19.995278203058557,154.3480712835345,64.63921081264489,168.6868955261824,0.14798700091793002,0.6497921962425671,1,744.4296451708325,453.4673362307587,0.049581743985386124,1.0,,12.138770601862351,,0.6851873162625596,78.19205517209693,0.5000000000053245
AA1060,1.0,67.27955526729016,circle,19.43848675180089,301.3939353439864,194.63497276438684,316.46363211118575,0.1688796388352396,0.6747012069001723,1,2313.140200263302,286.3981599474074,0.5343701045640424,3.0,1.452105444155024,35.28782279015111,,0.6941355211233393,82.57823850403864,0.5000000299413786
AA1060,1.0,57.60225260551434,circle,16.817864672245356,242.5618761405003,164.02638649754266,416.70046446153805,0.22748342131926583,0.649731171245086,1,1533.8345939517594,600.5750533668522,0.28095552856741235,3.0,1.9129836000875877,18.703054019539394,,,90.21206339364564,0.5
AA1060,1.0,64.45772713964533,circle,19.77862023419898,360.8790203413171,227.32827873366116,452.9769310761257,0.2343080488533341,0.6502936913852557,1,585.6281312998633,608.7436394106774,0.39264712860344725,2.0,1.3887806405260963,32.31182446758009,,,89.71549402352845,0.5000000000418815
AA1060,1.0,33.7080423376789,circle,19.965877626467748,111.85514217134562,83.66112446276625,169.3743063885387,0.17340901300857764,0.6504203960442659,0,382.62068744189116,590.1712166910545,0.06646063519759536,1.0,5.486425365917954,,,0.6899759317318117,80.29198931361123,0.5
AA1060,1.0,28.790839386808607,circle,20.039316792114786,186.93922598312474,97.97814329791767,196.286187282281,0.2003346621070518,0.6498397460275519,0,1974.3200271707772,5.883133466894813,,1.0,5.492230276308259,12.109694928556818,,0.803745699044826,86.30199733605546,0.5
AA1060,1.0,54.870516059877176,circle,19.910864963780487,245.5792425626576,136.84380970287108,457.9767638344484,0.21043013611963407,0.6503537344046626,1,796.798461695036,599.7807956271948,0.09249196110687974,1.0,1.3891260976320101,30.878914213048336,,,74.70400757878917,0.5000000695820499
AA1060,1.0,46.84999322138647,circle,20.01739536303502,214.41068331475995,75.00778285546401,225.13121748049795,0.17023711295031957,0.6495987208458508,1,1263.6913643554738,276.768951409679,0.08578367151607383,1.0,,16.253933325275725,,0.49770242044891677,83.38490142816933,0.5000002658710826
AA1060,1.0,47.619199777178736,circle,19.992950947008918,199.50620960773287,122.76941622584532,305.7589000002745,0.2142261548871449,0.6495353305019574,0,777.4757550129274,601.0651074889472,0.11023095541860509,2.0,1.396479746543915,17.006464945475276,,0.6708720563816154,89.744583535404,0.5000071192990634
AA1060,1.0,37.01915448630089,circle,16.330114362200586,214.85743428797636,126.73063650469237,225.6003060023752,0.20052817663630373,0.650182968066373,0,2238.230229681398,0.0,0.312618474322581,3.0,2.8433665260182095,19.971318035107952,,0.5812925790242373,89.95602163173412,0.5
AA1060,1.0,64.71005427147223,circle,20.064820258038157,207.64971132324064,112.58386514627783,376.0613402618797,0.18874475021232387,0.6500913420041907,1,385.18298038502957,600.3826475837359,0.052082335119818815,1.0,,,,0.6417593818569998,74.8765591138003,0.5000070450620644
AA1060,1.0,99.79784482611323,circle,13.00787281843549,116.06198471916754,98.7791816369797,146.9376362296605,0.06789829768120492,0.6499333995442891,1,940.9982440342595,183.78458581368233,0.16972730774383407,4.0,1.3283277523041295,30.842706675162162,,,85.62521272804528,0.5
AA1060,1.0,63.489583886035014,circle,20.03340186540224,315.93638905976087,182.0410244518496,610.3858674053541,0.2505082916868613,0.650076995234396,1,657.5201985971487,615.8428911490435,0.07713674261666031,1.0,1.4017000255365502,31.31188478543369,,0.6742755410578993,74.41880416176144,0.5000000000000009
AA1060,1.0,65.12189060094903,circle,19.95290835512527,256.3194091350374,144.13877188618613,448.7875002564183,0.2304524660845306,0.6503593636168715,1,396.7190883868676,602.9679510973215,0.04844862574140229,2.0,1.3842457490498188,10.702081805850451,,0.8179413739045965,89.82203656614234,0.5000000001995668
AA1060,1.0,68.97753972025889,circle,19.970495704381854,258.2270510156649,146.1545801512849,492.1590392384126,0.21759268131612655,0.6498100579322446,1,853.7171641588551,597.2979495042279,0.10050232261812575,1.0,1.2497437438642407,19.294038126848243,,,,0.5000000000094718
AA1060,1.0,68.47838409247255,circle,19.87123646045278,112.20556415951394,56.0759698683211,168.18632004314384,0.13405437233753686,0.6500866978146086,1,549.5732440044006,602.3882646944271,0.07619408258727195,1.0,1.399864150637017,31.156393009401697,,0.6751097741087048,74.675074604961,0.5000000000000044
AA1060,1.0,46.26238199074574,circle,20.081898561291837,231.17234066594028,84.03415082509532,242.7309576992373,0.17401979976314375,0.6500227193855235,1,1390.785101986106,234.67432724004797,0.0769616921119671,1.0,,16.099528907799098,,0.5015826920305932,84.29342695770839,0.5000013558696644
AA1060,1.0,51.345417461990756,circle,19.927185715438767,124.66376499738969,67.88910641287485,168.5837143987232,0.1547681391767294,0.6499124606884773,1,396.5891288897547,600.9738921093235,0.0532869674013764,2.0,1.3672542174612836,10.52031320529932,,0.6889382359025835,79.80060566844077,0.5000000000765326
AA1060,1.0,79.1825522490487,circle,19.223626329252298,391.3905441753346,267.29003530867146,410.96007138410135,0.18723507602230902,0.6497159878261717,0,215.3579050599647,595.4234138163068,0.8220251177670836,3.0,1.201094285858297,30.61707549462626,,,90.40183579167797,0.5000000000100276
AA1060,1.0,77.79343480615479,circle,19.46763865850853,314.70454431762806,209.42847923973636,330.4397715335095,0.1724759040072549,0.6499381544696801,0,352.5482293400591,598.7146088132706,0.6260153955380264,3.0,1.2492851669082161,26.553903574696715,,,90.1707196770143,0.5000000000911441
AA1060,1.0,77.81144166384185,circle,19.458815074344816,321.1026948632004,212.814628480633,337.1578296063604,0.17326255908801377,0.6504768585415451,1,2813.263183515014,253.96840677731035,0.6278596565176654,3.0,1.438575120773105,26.479002771208116,,0.6999999292485165,90.02576062461333,0.5000001373035791
AA1060,1.0,63.94187132181669,circle,19.22051976163642,372.74252534372346,261.8333535815048,391.37965161090966,0.20047395794665201,0.6498848335419429,1,4215.424011005244,0.0,0.9999535423233332,3.0,2.5201432185650234,34.96266308357354,,0.6996477594284387,88.18228198288983,0.5
AA1060,1.0,65.58779432926835,circle,18.328237577960017,118.14738738228709,74.40370583418908,172.5185542539253,0.15094850911210655,0.6497909313107402,1,1182.4350723906314,603.4948616080499,0.173502364673193,2.0,1.5324641541852633,16.850561005844828,,,90.46702043376594,0.5000000000035781
AA1060,1.0,44.131747317987035,circle,19.976462095035846,238.48949513484874,84.75373817400117,250.4139698915912,0.1782878249493634,0.6499291276718216,1,1481.3815593352226,200.28106749644869,0.07087843184616832,1.0,,16.160394242466268,,0.5289428890751156,90.3298914201516,0.5000088731776223
AA1060,1.0,38.33288172810436,circle,20.061864978952862,236.19180945896315,103.06736464688964,248.00139993191132,0.19940292013325703,0.6492226414124633,1,1375.2615627789196,224.14578236015592,1.0110053838809967,1.0,1.4283912512233445,10.74902322262078,,0.7889681206824674,63.84639827155091,0.5082906476137085
AA1060,1.0,46.177274749685665,circle,16.932080557739106,128.5817000171255,92.17529601880817,174.94639020490627,0.16365000154302894,0.6505393154527981,1,1490.1212818723925,603.7386768353246,0.28203334869301205,3.0,2.023981257396293,27.714563682154456,,,81.69008124952701,0.5
AA1060,1.0,46.346929565596994,circle,16.778661761071476,135.29295284565933,97.61470419715518,174.89599908076886,0.16503010201804968,0.649824812199486,1,1363.020016690139,599.8813454562958,0.24507069075412583,3.0,2.8006316364082404,23.28663121726498,,0.693927013029403,82.44726461085068,0.5
AA1060,1.0,73.74265550632938,circle,19.442930526972994,365.17183538790954,251.0252743465021,383.430427157305,0.18217023105544958,0.6500177414285018,0,115.8454320224283,601.3826079449661,0.727191980385872,3.0,,35.057734773387246,,0.6982658803354794,85.9661676970007,0.5000008242744576
AA1060,1.0,49.00446580890879,circle,15.33240318452896,205.97353726307438,157.7119217267023,328.24040385426804,0.21590512268310638,0.6499576638606627,0,1854.2542001368472,603.2870914837266,0.35804400121417146,4.0,2.2740006877327015,20.417609547073944,,,89.30217394866101,0.5
AA1060,1.0,54.999415378864036,circle,19.460029778838603,311.9478827002894,230.99309963805118,327.5452768353039,0.20020973606390297,0.6496563536208573,0,81.91454592990013,,1.0049316714082006,3.0,5.460418758356039,34.760501425729835,,,87.57709011308742,0.5
AA1060,1.0,33.296291636139834,circle,20.012450232781106,113.85710013880328,85.04666743783446,170.49472091116778,0.18229179064488632,0.6493424420503953,0,390.323603701887,605.1085491701599,0.05291164280750564,1.0,5.519386771467176,,,0.6909358742681518,80.7695830689359,0.5
AA1060,1.0,76.59342601067029,circle,19.779474421008672,209.26773421536603,127.64695999169443,219.73112092613434,0.15212285376629417,0.6501953325426879,1,1454.4071038731388,429.726521099869,0.3003266276554219,4.0,1.5022007120408787,34.83365198498661,,0.6860015880103624,78.52231223997214,0.5000000000138084
AA1060,1.0,59.43391117055603,circle,19.969193833591067,111.67163956420441,55.94817156179857,166.0941572570744,0.1356649388002766,0.6864136468816636,1,505.8281997361984,598.4565088256411,0.060685762188645416,1.0,1.1510654504601818,15.013926837533429,,0.675731944387494,74.8689574292789,0.5
AA1060,1.0,55.29042555955807,circle,20.07875240516494,113.14120905393526,54.10160985341221,173.4621174455809,0.13345179321294007,0.6498934388492227,1,784.1775362200834,599.7703071263951,0.09644671396382411,1.0,1.3691832361329532,30.879753730309112,,,75.36469778154888,0.5000000000000023
AA1060,1.0,62.202333546237924,circle,19.96574259865227,236.94171353244954,132.01636693189187,441.93297569641385,0.20563188227872467,0.6499767583521459,1,744.1610394417097,597.846470044225,0.10018315693769457,1.0,1.3036061462099715,24.960452636092473,,,,0.5000000080889925
AA1060,1.0,44.27425566984312,circle,16.29636750863251,133.58113136569054,103.73819785556142,175.84150526868257,0.16768860442627873,0.6732387039767624,0,1432.6281686526247,610.4780184327493,0.29035756671034313,3.0,2.8771258797828207,23.321255793955583,,0.6949844211672956,83.13708221822388,0.5
AA1060,1.0,35.64225488388792,circle,19.940567633895334,111.46624823171034,81.40289644161123,169.36478455278237,0.16704548376570597,0.6729977963442025,0,421.9656260661425,601.059990491459,0.05115226026483054,1.0,5.498121471467468,,,0.688377921444765,79.5447786346384,0.5
AA1060,1.0,55.19844105432091,circle,19.947734761938232,111.4707707392917,55.55546582273121,169.3073509700312,0.13452803892544474,0.6501728909779704,1,598.2633362990405,610.1817173359843,0.08528469766023934,1.0,1.3457531641430092,31.198091143131897,,0.6765520362965968,75.12828714759553,0.5000000000000027
AA1060,1.0,45.45128448854009,circle,19.996557260985348,108.57331878746423,67.77440250345963,167.20197630845797,0.15182006440985973,0.649839465238313,1,385.83563399330194,602.2621158375104,0.046454523765919985,1.0,5.486709814656806,,,0.6823559376236868,77.10847260333358,0.5
AA1060,1.0,52.02776508590879,circle,19.98780867194731,272.5740139333708,161.80935655332286,495.12861778907694,0.23548941909997828,0.6496382521536082,1,791.3193420964776,610.3947426902118,0.10207351482758657,2.0,1.3834351518632846,25.610934396573644,,0.6742685181048392,90.18300901128538,0.5000000000073508
AA1060,1.0,51.643017081575024,circle,20.03681871425591,125.72652060915316,68.757506577447,170.73587004496366,0.15264267401300527,0.6500264329842645,1,797.7304180897752,610.2290871507712,0.10022834783183564,2.0,1.3980770281764672,24.738790557844823,,0.6677269324777378,79.63959779614575,0.5000000000452681
AA1060,1.0,102.09022500664328,circle,10.609638519878944,129.12808329369767,125.67270019345138,150.1886765496562,0.07332271771336937,0.6498728155584245,1,1250.9566058768319,0.0,0.2459264577120441,6.0,1.6601683748399771,23.330767676476317,,,90.13637433234716,0.5
AA1060,1.0,55.30107731479504,circle,19.99961571907982,108.36971717455906,60.5960972174314,168.67117642876133,0.13352523443148606,0.6496470150576661,1,831.2544312093122,595.9835631082237,0.10084044426677315,1.0,1.419292759140864,30.88963974435274,,,74.92140956760704,0.5000000000000039
AA1060,1.0,61.64629958724338,circle,20.098184999788902,314.8443602276151,177.04021940558616,608.3061869567772,0.25066847367109313,0.6502575381421088,1,664.9763161552457,600.3191868448474,0.08032627743072573,1.0,1.3882840245448602,31.015908790990668,,0.6762045516521397,75.01786997643023,0.5000000000000008
AA1060,1.0,55.4753029354936,circle,20.016755789916083,214.9728635746607,119.41107856655917,394.1661712631286,0.19350372853241044,0.6502553557960716,1,771.0031783412294,602.4743352309647,0.09538220855828378,1.0,1.3613836248821998,30.610137598021627,,,,0.5000013578180833
AA1060,1.0,48.98859205702944,circle,19.5123962449917,285.04747467685263,204.31628904191305,299.2998484106953,0.19936070187449395,0.6502826651552142,0,4176.856647629257,17.661113028102463,0.9998091359634907,2.0,3.479905503544594,34.6286278309233,,0.6989250842500915,86.82435890017543,0.5
AA1060,1.0,68.8656154600828,circle,20.06318583351223,257.2652208173385,141.468271290273,476.091984774732,0.21636045119496328,0.6497627276624957,1,807.6887346925007,604.4229546796544,0.09500881016011514,1.0,1.2069955272330464,19.894947319113886,,,75.07805575764984,0.5000000000011472
AA1060,1.0,46.88322696678474,circle,19.986207796871557,206.45066540344692,77.82786456404678,216.77319867361928,0.1680786096854519,0.6740465972148822,1,1220.057093192412,297.6591407572893,0.02721077805986729,1.0,,11.93796526433332,,0.5984693884421634,82.33645682577549,0.5000001000418827
AA1060,1.0,73.13277145463395,circle,19.245944553147815,417.7785163085236,280.01378867736895,438.6674421239498,0.21689920760685089,0.6501998935454009,0,263.1341573014848,601.1136055591144,0.7350709191710254,3.0,1.3564298328852158,33.88555051468728,,,90.22030803598484,0.5000000111446675
AA1060,1.0,61.13221094304021,circle,19.97125176952764,173.8961176278191,90.61855197202709,308.9415213739734,0.16982490245996057,0.6501644276834202,1,523.1149794272917,600.9066222153582,0.0641677884116382,1.0,1.2307707583394978,15.024046910357038,,0.6779044548368398,75.56588976704916,0.5000000000174962
AA1060,1.0,23.809346186945596,circle,19.981649228484628,121.57633390976929,94.8643761569324,165.5274794056715,0.19875095602263917,0.6498931190731206,0,602.51275956752,497.4091021861248,0.9956937017125463,1.0,4.4686941652435666,9.349413453108095,,0.7833640123549265,69.89559442446115,0.5
AA1060,1.0,34.72397036026722,circle,20.022846859174614,113.86096598196148,79.35309157241025,167.914630438727,0.17152304145361238,0.6712715217239287,0,402.44153456811483,605.7043773230004,0.05602548224835867,1.0,5.557191640731777,,,0.6878318798333457,79.30128835159566,0.5
AA1060,1.0,74.71767453693684,circle,19.20004842356597,368.5467832950248,258.7004052828545,386.974122459776,0.18266424076182428,0.6494972783587204,0,264.44888667572064,594.5304004375223,0.7727263156997151,3.0,1.4013982669074772,33.98041465260283,,,86.36629459960403,0.5000006527143934
AA1060,1.0,49.56874028294449,circle,20.053361448824575,179.48744900528985,71.3733858106596,188.46182145555434,0.15829366077413862,0.6497155554811704,1,987.0759886299786,387.416308483278,0.041518537792752386,1.0,,12.061940758914437,,0.5603609665836119,89.66266553262969,0.5000000008788167
AA1060,1.0,55.4509758405749,circle,19.98090843001529,112.64285036947187,56.257254444682694,171.5406104280294,0.13580906383485683,0.6498461732984904,1,797.316177554021,600.1653030825496,0.10937682980562373,1.0,1.367306370967615,30.854015916833653,,,74.55770068780336,0.5000000000000073
AA1060,1.0,76.59485319895477,circle,19.65309536663268,367.94622087619535,229.92685584173822,450.39506467922905,0.2321273225826011,0.6503236898672508,1,1950.3679411202631,387.1452708858649,0.41593418522665215,2.0,1.3339303851791184,22.208825961048596,,0.6999940639176978,90.23596026431728,0.5000000000273218
AA1060,1.0,54.18580700601614,circle,15.530598711280037,278.78178767986293,221.2172279144868,292.7208770638561,0.20093971393083107,0.6501130037983848,0,1427.5942102247689,,0.7028605061170151,5.0,2.876122018225042,28.29760503454218,,,89.47268437521274,0.5
AA1060,1.0,46.52754614067892,circle,16.761749445883456,130.54377453293213,96.29412679686874,170.6282918735323,0.16345083920154502,0.6502892350870145,1,1346.8670744657957,606.0890704802775,0.25695805040587544,3.0,2.8136042615604078,23.25574116448728,,0.699997636451622,89.85110813137324,0.5
AA1060,1.0,77.85194869119957,circle,19.35604303856426,337.8854571341362,235.03322090129308,354.779729990843,0.17833729600294398,0.6501640681619116,0,198.81456567408404,607.2937184775766,0.6822393604236545,4.0,,34.67225849357344,,0.6964913395770195,84.26093887881193,0.5000005934419672
AA1060,1.0,79.04829967995268,circle,19.246363099033108,438.60391789815066,292.6985221986161,460.5341137930582,0.2107186252766759,0.6502232856340718,1,3336.7626707176355,135.29070836394024,0.7901477085758669,4.0,1.4802378047745166,34.647520144454546,,0.69860152312492,86.3776652259057,0.5000000388981249
AA1060,1.0,53.49741339516825,circle,19.913070813291952,205.50075085910476,121.13069102260235,319.5928559852009,0.2145183594567464,0.6498346203416218,0,421.0170666208297,599.9915815786155,0.038450081414271024,2.0,1.3811580669586387,10.603882081947527,,0.7422550276954558,89.63222103531056,0.5000027664792566
AA1060,1.0,59.00382490632159,circle,20.012130342121136,110.57048412383021,56.115613064958524,168.5168214579362,0.13550570208423293,0.65000330212067,1,729.9689419116887,606.5044005192138,0.08942197636750805,1.0,1.3560257229404495,31.12592346243923,,0.6748052504463989,74.58104550353032,0.5000000000000052
AA1060,1.0,54.939701922245575,circle,19.99746205887671,113.99763547271175,57.82939264928882,161.07531140717532,0.13478653476887106,0.6789231087148454,1,574.8117068414201,587.4778426452021,0.07307867821030586,1.0,1.363823387493405,31.06368241781561,,0.6766321299707243,75.15385162911087,0.5000000000000042
AA1060,1.0,54.24349578953459,circle,19.955920797662408,112.88687845507691,56.39493320542024,167.9200464710606,0.132960683014772,0.6786767332884425,1,379.5706262574506,598.1836549692689,0.04579268290692298,1.0,,,,0.6768105990343436,75.2109711532027,0.500000000000003
AA1060,1.0,77.57648305763583,circle,19.451497382418438,395.5942688316984,260.6387033999203,415.37398227328333,0.22390184947218036,0.6499037379216003,0,207.89627688763872,602.0652520284755,0.5593846361245819,3.0,,34.90668253232987,,0.8979903264681287,89.70571614352522,0.500000009074383
AA1060,1.0,64.73646707214054,circle,19.543406811022514,250.38942383874132,161.3474175593256,262.9088950306784,0.15912066063018232,0.6499864044782946,1,2130.215756248124,381.6782749946868,0.4623783671045036,2.0,1.4196784557429902,32.52678215082275,,0.6999994519286156,89.9283019734165,0.5000000007936188
AA1060,1.0,26.13054603596411,circle,17.10543344690567,123.32102648778081,116.16378325864557,174.8939390339678,0.20150083455922593,0.6499533679368202,0,2395.531649447215,,0.49680271880327,3.0,4.473057382840376,23.23707765845039,,,85.9918507158892,0.5
AA1060,1.0,77.32069695085113,circle,19.62900941945553,243.99573956734147,161.94702390028831,256.19552654570856,0.15962167911390127,0.649877785462743,1,272.08312590918297,589.7355972997137,0.4380096464121091,4.0,,35.10450241079301,,0.6897512472634731,80.18352818054538,0.5000000010768034
AA1060,1.0,77.29433273379156,circle,19.615289663678414,282.378586416906,183.9374193728317,296.4975157377513,0.1646101412565179,0.650319899123916,1,2206.3766413030417,320.11306775233874,0.502949482391222,4.0,1.4189644838058388,35.14917197998738,,0.6921354197152287,81.40325909494787,0.5000000067026474
AA1060,1.0,52.72603853123161,circle,16.010945553759427,133.82603840631634,107.96216859277042,171.29412013360223,0.1716004868344394,0.6502339570251405,0,1516.8982933780846,601.977711403225,0.3126982650864826,5.0,2.7665576213061436,23.229467960482346,,0.6951352981508839,83.24121613192486,0.5
AA1060,1.0,54.7171696374433,circle,19.920327174621168,187.62428064847515,101.41298185504453,336.09127727251405,0.17881608661820003,0.6497119721063759,1,753.0069910924263,598.5290305572928,0.1047882108379201,1.0,1.38776510138317,31.150606208683556,,,,0.5000008572398689
AA1060,1.0,66.48567606993109,circle,20.065177023201258,231.1210412699641,125.77119867994912,420.51868933324494,0.2018964675007981,0.6497674028226545,1,370.9005572523761,602.4200403049209,0.04942069778440447,1.0,,,,0.6755730470111783,74.81921140994913,0.500002059456305
AA1060,1.0,101.04042026040493,circle,12.784317287336297,115.89522424407043,102.22938923118889,149.60943181550687,0.06807631300045008,0.6640687162719238,1,857.0627419007558,179.31211145266963,0.16104422635718943,5.0,1.288123002737979,,,0.6980405810559499,85.71201143146553,0.5
AA1060,1.0,62.62933475283434,circle,19.92147432824607,126.03794323564989,68.14949445224435,165.9787087961625,0.1574102911597085,0.6502429968743011,1,383.3885876466192,598.4473832824962,0.05259178403901857,3.0,1.3504005812283109,10.714990014414932,,0.6894491117026783,80.03952303095284,0.5000000001704807
AA1060,1.0,30.764556724910573,circle,19.957533454361645,171.52790460267656,121.75704971501764,304.85056851684993,0.21579677932462782,0.6500778265257126,0,772.5838054192457,600.5977107133257,0.09081369025352905,1.0,4.2702975369483935,31.23019045935044,,,82.84217608153989,0.5
AA1060,1.0,66.20536543720043,circle,19.37905690456839,339.81452535546407,234.843405626269,356.80525162323727,0.19954466063534274,0.6501751456979677,0,97.83085221522744,,1.0063368724698738,4.0,1.3325691814584146,25.53771567912674,,0.6668851070210741,90.02884894608103,0.5000012009889
AA1060,1.0,80.10306913978809,circle,18.932571626446034,461.42704182956976,321.69103382237626,484.49839392104826,0.1974315428275094,0.6505906361322948,0,54.758997923815286,,0.99582507512128,4.0,,35.44594600528778,,,89.44421061623818,0.5000000955713498
AA5052,1.509429738579717,44.84375004771941,square,14.583188114187623,271.8311521136563,198.12868857743834,409.99641577584595,0.13036539773045325,0.7,1,1006.1924281685763,1.7493300090920616,0.19914581141077986,1.0,1.2582210599147892,,0.215,1.3080882311499786,90.0,0.4
AA5052,1.3936710765669431,43.24486155565158,square,14.680605506122605,261.64396890002905,196.64590147082987,409.6099339125376,0.12998294771418925,0.7,1,1216.2454408910844,0.0,0.1929240106829618,1.0,1.5337212308647192,12.005186862972712,0.215,1.1850757339574285,90.0,0.4
AA5052,1.0048400424449513,40.18845222550831,circle,15.0144208984586,228.03136718953505,193.33360224062716,409.80890631544617,0.13019324181848113,0.7,1,2001.5632546732445,,,1.0,2.145944785741468,12.00117503535332,,0.8045057257082128,90.0,0.4
AA5052,0.9993231283478239,30.928842524217448,circle,14.092826505397218,247.59879395851246,214.51423648787068,371.34235410881394,0.13906822825575912,0.7,1,1400.5722482930769,1921.602306038294,0.34446794418732557,1.0,1.829686713720177,12.05404518843041,,0.7983841990001603,90.0,0.4
AA5052,0.9986687116990873,40.17594412518467,circle,15.036054101827796,228.11162878849606,193.3228917618411,409.9093814867722,0.12996023815515723,0.7,1,1990.907319062607,,0.10189254144485921,1.0,1.8146921891607952,13.99748163684127,,0.6768810327588702,90.0,0.4
AA5052,1.2498169983940035,41.92790047539862,square,14.655914927921323,245.578052654861,194.65135930248113,410.25890142207834,0.1298084481204822,0.7,1,1492.1298209872318,0.0,0.19612060938452597,1.0,1.7115394951345753,12.050149521496484,,0.7275366042481746,90.0,0.4
AA5052,0.9959153221808764,24.42744548713705,circle,13.485864253105216,262.1153715984161,231.82357444815528,340.32059982122314,0.14609469519891718,0.7,0,984.4809486934116,1887.3280653163495,0.5281458202470923,1.0,1.5790999604087022,11.968528983682779,,0.7910473291069882,90.0,0.4
AA5052,1.008936116009714,39.987038351294885,circle,14.985763380321824,228.2754468496287,193.34140355026133,409.2685686548953,0.13016039367913868,0.7,1,1994.6801437994402,,0.09587645833187801,1.0,2.138692413897465,11.872994337720534,,0.8011703094149679,90.0,0.4
AA5052,1.22119760766473,41.824553354098676,circle,14.814667981381804,246.5175340796161,194.44176232057384,409.79335715596244,0.1302060709409111,0.7,1,1582.0310719486997,7.645565844367019,0.14684104457074068,1.0,1.4419300936159758,16.019289596492907,0.215,0.894467959792473,90.0,0.4
AA5052,1.1105103233477218,41.05034195838359,circle,14.876797871043802,235.79737301833697,193.58124149646451,409.4985253958482,0.12999672575767926,0.7,1,1794.3653853291087,0.0,0.19705443930793615,1.0,1.9720833379582794,12.061935241420906,,0.7562654836951016,90.0,0.4
AA5052,0.9998845669466262,39.94952125158388,circle,14.99568752781454,227.69548042959218,193.10373847573774,410.5302231966705,0.1300992418261493,0.7,1,2017.3461579068019,,0.10683575873338173,1.0,1.9365994039420547,13.36498945414511,,0.730097090057594,90.0,0.4
AA5052,1.3316336628704866,33.857265605573325,circle,14.077143236497713,271.8816329149933,212.77695960443364,380.84128743690525,0.1369959326281596,0.7,1,885.3029932796723,645.929017496203,0.35169001238802955,1.0,1.3477778829156701,,0.215,1.3095534668335949,90.0,0.4
AA5052,1.000009546212769,40.2640747178271,circle,15.008011178459832,228.09904235096369,192.97229350272113,409.7309033556744,0.12990417006461394,0.7,1,1996.426056573623,,0.10237330199184819,1.0,2.0055808318923534,12.990303579397661,,0.7401626552355713,90.0,0.4
AA5052,1.2586266229996685,42.05834153354589,circle,14.6777221438384,246.68694068009532,194.57527259677252,409.61644747426493,0.1299291955999756,0.7,0,1487.3183393919078,52.690017580783035,0.14037123964111423,1.0,1.694562670395204,11.918372480064201,,0.7097195853897708,90.0,0.4
AA5052,0.9987317050061155,40.057278403627215,circle,15.024709875652984,227.95717026808046,193.2113069443039,410.28561681765,0.1301610411902108,0.7,1,1977.858345020862,,0.09714031392522039,1.0,1.8215249822465225,14.024200585512663,,0.6887506353439006,90.0,0.4
AA5052,1.2141372271069528,41.985899998044324,square,14.844327423258358,246.96681466652007,195.14459033195638,410.11453735673564,0.12991296760642068,0.7,1,1567.2517172402515,22.41474786689148,0.20312957797646072,1.0,1.7656999916709317,12.038796180461597,0.215,1.0169517431616537,90.0,0.4
AA5052,1.37887435302337,43.681417431398486,square,14.723926573261261,260.40717424103167,196.09373557839876,409.78306330374244,0.12977388768459935,0.7,1,1257.3910937589449,19.192118070471842,0.1635330551944229,1.0,1.3238538509812,16.00095849446685,0.215,1.1129757344782252,90.0,0.4
AA5052,1.3815079020580538,43.19250613318414,circle,14.654275806452171,261.2856873680029,196.7549803244502,411.4325493063294,0.13002629194572768,0.7,1,1224.8414009419812,10.154201514720796,0.1770096314752006,1.0,1.3914819838004775,16.027085340400298,0.215,1.1440289648087467,90.0,0.4
AA5052,0.9992732271332626,40.30923156694781,circle,14.998538327756929,227.20694004234724,193.17792370096632,409.3464007188525,0.1297316024883794,0.7,1,1999.3797579709615,,0.10423447987201814,1.0,1.780368392102186,14.315711001580022,,0.6684754095242645,90.0,0.4
AA5052,0.9968395756972812,32.912003660272646,circle,14.505712749871561,238.7300182605921,205.21991694742567,388.52190147417406,0.1350758083435425,0.7,1,1666.839748680264,1953.8525652925812,0.6596717630655089,1.0,2.1534581266111594,11.973078352352422,,0.796674171183345,90.0,0.4
AA5052,1.2357929437125201,32.22791279109851,square,13.757941059784347,271.3089562097928,221.38415866975663,364.1272249882278,0.141018385547501,0.7,0,834.929705704541,999.238335467069,0.43849886707251157,1.0,1.3426923852235344,,0.215,1.2357929437125201,90.0,0.4
AA5052,0.9934453604193296,20.368930410151382,circle,13.38592130318895,263.25472295754264,233.4011149541497,339.0241546609419,0.14733272162818306,0.7,0,932.8572728799239,1915.663075631709,0.5326790238998366,1.0,1.4889890946599558,16.044027258758785,,0.5775081121038026,90.0,0.4
AA5052,0.9986775589203972,25.74643624109052,circle,13.597988919373305,259.4486799921103,228.72813789071913,346.51200658488466,0.1450042605035383,0.7,0,1987.7003433850045,,0.6588232805821329,1.0,1.6399263509772881,11.954581759165501,,0.8020504064999892,90.0,0.4
AA5052,1.3852981980961363,43.650094072537335,square,14.714844176495921,262.0078907909209,196.19924147377208,409.6906255640002,0.12998283419025355,0.7,1,1216.8420908030964,1.3431716658756676,0.18027382946463943,1.0,1.3169022875739045,15.988440736364716,0.215,1.1356882492668283,90.0,0.4
AA5052,0.9982896346380566,40.27833377139284,circle,14.989705455190325,227.6801425715694,192.92472875414273,410.26799299528034,0.13021938597709387,0.7,1,2012.8619670326168,,0.10250905856170117,1.0,1.9169045206435047,13.470818421388003,,0.7208702215606947,90.0,0.4
AA5052,1.1903067314462425,41.60675008196142,circle,14.740565095413409,241.88160409266612,194.2527854758188,409.49698622536005,0.12988168806232434,0.7,1,1637.9842454889329,0.0,0.13552643340842366,1.0,1.409616300841722,16.035350017209193,,0.8332147120123697,90.0,0.4
AA5052,1.1083842929945877,40.96671665102778,circle,14.894158000496224,237.49608163859617,193.757059701143,409.6540194924944,0.12981980239932997,0.7,1,1796.8730432026307,0.0,0.1992672544740285,1.0,1.9653641320453799,11.964776865349547,0.215,0.902355053168516,90.0,0.4
AA5052,1.2772477503190784,42.91586871994733,square,14.764390138942746,252.57060691753045,194.67784188934516,410.43155352534745,0.13000776173671105,0.7,1,1439.2740875995698,0.20485018626835194,0.21120693866425683,1.0,1.632889005364737,12.00686569014909,0.215,1.0765322797551504,90.0,0.4
AA5052,1.0033741512926018,34.2756909335326,circle,14.435677932289913,240.79508566998663,206.98509901489487,385.9557965751381,0.13578562118851992,0.7,1,1636.567847957224,1946.6154132932759,0.2519275840212761,1.0,1.4770308346239218,15.96410159542135,,0.5723335521843339,90.0,0.4
AA5052,1.0005560865666985,24.78246995182432,circle,13.463659659568332,261.91993256559994,231.41659527696152,341.55222340532384,0.14628391491188772,0.7,0,958.884384468882,1920.3341423463512,0.522500761301649,1.0,1.4337919163836685,16.056281069673158,,0.5860049890737639,90.0,0.4
AA5052,1.2140745218362952,42.21843656390107,square,14.812765337297863,247.1618702372708,195.50197884489717,410.2940511622946,0.12998081558532779,0.7,1,1583.8802456703447,3.351895896487739,0.1430565700140563,1.0,1.3894759124074951,15.981606855705536,0.215,0.8827372857160423,90.0,0.4
AA5052,1.3071896526305031,34.5530429666822,square,13.829600473879891,267.09960135433414,214.7124034369681,374.4320080771544,0.13820091073917845,0.7,0,986.0040636838349,0.0,0.37190975006500915,1.0,1.3227320467235724,,,0.9150327568413521,90.0,0.4
AA5052,1.3986464690523066,43.57803160950629,square,14.68734064702281,262.7958999435964,196.1847802197701,410.5402716724763,0.1297848189019439,0.7,1,1221.3866141548285,0.0,0.20314032028046206,1.0,1.4360433470946625,11.980528499774076,0.215,1.2021433186801307,90.0,0.4
AA5052,1.0027092207536896,33.23865603712663,circle,14.336670523129634,243.2598824178956,209.79841139247594,380.7875308130536,0.13716577956531556,0.7,1,1560.3859957054958,1933.8281640184784,0.6512279836442689,1.0,1.8839348832738239,11.978374342685301,,0.8042412710025791,90.0,0.4
AA5052,1.001825140122316,40.2441378906925,circle,15.025567169076401,228.83800083609268,192.682998192443,410.23847667596146,0.12998792944649365,0.7,1,2010.5908031338206,,0.10723035481411736,1.0,2.1587755398321846,12.066564600587263,,0.7913840658489363,90.0,0.4
AA5052,1.1270186142002168,41.28377188381328,square,14.893934502270065,238.29077715385392,193.67948541555356,410.3398464286573,0.1299596368341826,0.7,1,1742.791140016688,0.0,0.12955509238844357,1.0,1.4453133100923785,15.967415200257742,0.215,0.7576609085047721,90.0,0.4
AA5052,0.9901811086328763,39.84409528369583,circle,15.010606245612419,227.51286778995788,193.4824143595198,410.3635352660459,0.12982336605374548,0.7,1,2009.8361148308647,,0.09859880444722376,1.0,2.149486320504568,11.989026657876252,,0.784011434419221,90.0,0.4
AA5052,1.2005705876309423,41.50091594645597,circle,14.81625625017091,245.5114070909671,194.60645141198512,410.0463022955791,0.12987178350296327,0.7,1,1598.564109369112,0.0,0.1386269706622707,1.0,1.451113437657486,15.994088503048692,0.215,0.8595670495851186,90.0,0.4
AA5052,1.1528563667757301,41.88695705424596,circle,14.88133555281124,240.28806111576517,194.72973964284532,410.4052290364167,0.12978457382586384,0.7,1,1703.3774591405709,0.0,0.20153142341001673,1.0,1.8581113616275136,12.008421450422198,0.215,0.9732868648771779,90.0,0.4
AA5052,1.0003218593597434,40.227393352021004,circle,15.006214367025448,229.52604503386794,193.002102679763,410.12286359194894,0.13006133162130754,0.7,1,1999.19412835156,,0.09755292341467671,1.0,2.150932882740042,11.947525658435817,,0.7918138537210837,90.0,0.4
AA5052,1.1314518701191858,41.14432877600628,square,14.890253441279135,238.74007722958774,194.47429851221506,410.23645730269715,0.13016968756631547,0.7000000000000001,1,1735.8200081496077,2.436413782861132,0.12683268228281677,1.0,1.9403171075179988,12.033093345504426,0.215,0.9308188883540878,90.0,0.4
AA5052,0.9996284033378072,40.01529323904963,circle,15.012925847030758,228.57385621971687,193.08496073824648,408.7669696274794,0.13007232182573022,0.7,1,1993.4924867583757,,0.10751727420926367,1.0,2.147617291171518,12.0292022726533,,0.7881034817120982,90.0,0.4
AA5052,0.992466910057947,39.49817927490559,circle,14.976377748761275,227.33027639316794,193.5592582811125,409.61343261408024,0.1302858094190628,0.7,1,2006.0780676533502,,0.10539878275830848,1.0,2.151175838823394,12.047065643867274,,0.8052032809845506,90.0,0.4
AA5052,1.0109907488941674,40.195905346102606,circle,15.019765454467686,228.1194272338168,193.48234556552472,411.02420068599326,0.13011599677098015,0.7,1,1996.1924557528448,,0.09943916549212949,1.0,1.6929825321279846,14.682328244033664,,0.6433192562101492,90.0,0.4
AA5052,1.3065728404134263,42.624830540721845,circle,14.746574597412964,255.62298825896258,194.81042066177528,410.16994245900037,0.13016375865916738,0.7,1,1398.371986543735,0.0,0.162737699356314,1.0,1.4155810507661475,15.955197935036189,0.215,1.0312587060451661,90.0,0.4
AA5052,1.2523409526828686,42.345682558737245,circle,14.66021020636414,246.1238057264348,193.96394929927024,409.80105563096566,0.1299121389113221,0.7,0,1481.6196989485393,0.0,0.19648370474495583,1.0,1.715037983584218,12.059907676986032,,0.7209558381756815,90.0,0.4
AA5052,0.9949310029587446,39.94432608240412,circle,14.992533202441207,227.593015513542,192.9552406938413,408.97655009678635,0.13005780086880733,0.7,1,1998.965523052119,,0.10117989187811438,1.0,1.828568105328552,13.985167928168071,,0.681130015596599,90.0,0.4
AA5052,1.2789001412347296,41.97195603360071,square,14.723516181607938,252.4665107202614,196.01887871299576,409.53477665365267,0.1293580972438644,0.7,1,1421.7486134165545,0.0,0.15055444196526213,1.0,1.401243752669461,15.980488369036504,0.215,0.9866203228121685,90.0,0.4
AA5052,1.0011567449493952,20.0357718670867,circle,12.991181657362635,272.27085819387855,243.27368088897774,318.86916186178064,0.15102599286651333,0.7,0,664.2584694090984,1972.0656806844163,0.6556412800253644,1.0,1.394238844226489,,,,,0.4
AA5052,1.2178235429193527,41.42611141503968,square,14.72325290914053,243.77199373486275,194.64878107689714,410.8747745852875,0.12988814537192842,0.7,1,1549.1325653501292,0.46696452817266776,0.20059435154924424,1.0,1.769866226213484,11.934267915489674,,0.727880631007676,90.0,0.4
AA5052,1.353048414271213,42.728541140740525,square,14.734148143072446,257.96392741408,196.21932166270017,409.2020227200385,0.12989913548151544,0.7,1,1306.6217292387494,16.902423366105424,0.15933261862925333,1.0,1.6011143168679742,12.046172609525533,0.215,1.148017728301071,90.0,0.4
AA5052,1.5002575209294704,44.756418201319775,square,14.59605481481182,271.65893173701994,197.49084997511838,409.9892306444729,0.12999685988524098,0.7,1,997.8919133505658,1.0071665135060421,0.2000363032465809,1.0,1.2971017981266337,,0.21500000000000002,1.305082719555473,90.0,0.4
AA5052,1.004347140709312,39.75609971009062,circle,14.999251343374668,228.20927659003064,192.25903175110145,410.87682432307474,0.1298295099590516,0.7,1,1993.9986689243856,,0.10457709553900463,,1.4871881609305972,15.92165384055526,,0.5761166836199287,90.0,0.4
AA5052,1.0009591370704432,16.74505004631107,circle,12.998353555957541,272.16617088558445,243.67791641336348,320.7657493890802,0.151156262838774,0.7,0,659.5732394414879,1936.5991312924787,0.6486206525549639,1.0,1.416111278695775,,,,,0.4
AA5052,1.278567166544007,42.51661831958514,square,14.783657221352843,252.0692673032277,195.3205375699035,410.86532228202157,0.1300474563751239,0.7,1,1450.9458204284,0.0,0.1553297761217431,1.0,1.4189135122132162,16.004142848672043,0.215,0.9705411879697285,90.0,0.4
AA5052,1.0041477472492157,33.946769374715295,circle,14.416379140097796,241.3895750001694,208.3608828436816,381.24950825419023,0.13661584382645056,0.7,1,1606.4233309334816,1925.8009272568215,0.27084671938310056,1.0,1.4634767360241245,16.045381233190735,,0.579989202940723,90.0,0.4
AA5052,1.1856954791106973,41.83806924477275,square,14.826003356753448,244.06612394784284,194.5883818090685,410.440404973886,0.12988061057095665,0.7,1,1633.900642151319,0.0,0.13894060202662656,1.0,1.4083242814213899,15.979534517113605,0.215,0.8380486129447702,90.0,0.4
AA5052,1.0009782641178635,19.894471344103877,circle,12.985975159975867,272.8215554715128,243.54507273878585,320.0519895950539,0.15101445464100055,0.7,0,664.8949331059347,1914.2241833582527,0.6547955721866312,1.0,1.400358000714672,,,,,0.4
AA5052,1.003431587510965,31.97416253420996,circle,14.241706254401675,245.7996176214095,213.30888936831414,374.8189410224093,0.1385015533867395,0.7,1,1990.2341900675813,,0.3107501993608452,1.0,1.4737997705611028,16.005559046210788,,0.5927227849963143,90.0,0.4
AA5052,1.0044232916195661,39.790258159976034,circle,15.022086075410478,228.53972036208717,193.2725271946186,410.77924720009673,0.12995092515047335,0.7,1,1980.3929149811358,,0.09115489354397989,1.0,1.7354971122949576,14.58940006112533,,0.6652888706592697,90.0,0.4
AA5052,1.1557225647166627,41.36405871117937,square,14.873054618702058,242.41783598326975,194.3132427893731,409.443851137869,0.13000970111597393,0.7,1,1688.006034695023,0.0,0.19754679938850198,1.0,1.8673974720315598,12.038118597374485,0.215,0.9671967034073108,90.0,0.4
AA5052,1.2602691205661076,42.040287500156985,circle,14.812532748715507,250.1461012151086,194.9723043751303,409.77293544677343,0.12976486085121733,0.7,1,1483.51758369396,0.0,0.14762776074598447,1.0,1.4249474395239907,15.98086651392544,0.215,0.9547865238546519,90.0,0.4
AA5052,0.9930637869241338,40.16616947043476,circle,15.011884939796573,228.52299068559546,193.18203609220663,410.8447766958822,0.12990072130130367,0.7,1,2003.9154344404358,,0.09657421713525746,1.0,1.511327526526041,15.991527391921535,,0.576524104750563,90.0,0.4
AA5052,1.5034379466628471,44.922160397960006,square,14.614412197854588,271.8658692225183,196.7525960546773,410.66771931479286,0.12992937200064572,0.7,1,997.5703112772134,14.16397717087034,0.198492766687955,1.0,1.2650800036252363,,0.215,1.303999364461872,90.0,0.4
AA5052,1.0013396697771189,30.798103274219606,circle,14.069638706179752,248.0899168863259,214.78800096148646,369.39655003385485,0.13918613037691013,0.7,1,1992.770805874102,,0.3493670135586968,1.0,1.4633340219863074,16.004147351117723,,0.580768915462431,90.0,0.4
AA5052,1.3511164394731956,37.11433160822547,circle,14.116328699555103,272.13431468337734,211.368354574825,382.85802872434056,0.13606321703042124,0.7,1,899.001089807398,565.484217699255,0.33701710991497896,1.0,1.37209664616896,,0.215,1.3131465226990473,90.0,0.4
AA5052,1.3427111029639776,36.99283465735791,circle,13.991927017610475,267.3757547196338,209.7272702772902,384.6185487734594,0.1362926918443212,0.7,0,1006.4033637868365,0.0,0.3183481948976603,1.0,1.317654543551696,,,0.9398977720747842,90.0,0.4
AA5052,1.2373680983898852,41.91148531255406,square,14.673177503847253,245.67558462539944,195.41980240946978,411.0374828348387,0.1302148037614082,0.7,1,1505.6923607914428,0.0,0.2020517763741025,1.0,1.7273144508536284,12.029889881219415,,0.7304994614916993,90.0,0.4
AA5052,1.3393415999656528,43.35919927255899,square,14.743223793190936,257.57996178507506,196.11656813333127,409.0170569704698,0.12990430653262253,0.7,1,1317.2014011913075,0.0,0.16692696876860755,1.0,1.3447659886926555,16.009167863916236,0.215,1.058880280971817,90.0,0.4
Titanium Grade 2,0.7,134.0,circle,30.9,345.0,303.5,600.0,0.15,3.5,1,1000.0,,0.2,9.0,1.09,,,0.5099133865984316,90.0,0.400003965240368
Titanium Grade 2,0.7,134.0,circle,30.9,345.0,303.5,600.0,0.15,3.5,1,1000.0,,0.2,9.0,1.09,,,0.5312101659016437,90.0,0.40081383797762277
Titanium Grade 2,0.7,134.0,circle,30.9,345.0,303.5,600.0,0.15000000000000002,3.5,1,1000.0,,0.2,9.0,1.09,,,0.5573479797034463,90.0,0.6855649849536789
Titanium Grade 2,0.7,134.0,circle,30.9,345.0,303.5,600.0,0.15000000000000002,3.5,1,1000.0,,0.2,9.0,1.0900000000000003,,,0.5611873699361235,90.0,0.6972644251512319
Titanium Grade 2,0.6999999999999998,134.0,circle,30.899999999999995,344.99999999999994,303.5,600.0,0.14999999999999997,3.4999999999999996,1,1000.0,,0.2,9.0,1.09,,,0.5302238356906205,90.0,0.4006359873980425
Titanium Grade 2,0.7,134.0,circle,30.9,345.0,303.5,600.0,0.15,3.5,1,1000.0,,0.2,9.0,1.09,,,0.46520810795176193,90.0,0.4000000000555208
Titanium Grade 2,0.7,134.0,circle,30.9,345.0,303.5,600.0,0.15,3.5,1,1000.0,,0.2,9.0,1.09,,,0.5561358225454317,90.0,0.7866457544883898
Titanium Grade 2,0.7,134.0,circle,30.9,345.0,303.5,600.0,0.15,3.5,1,1000.0,,0.2,9.0,1.09,,,0.560792889094691,90.0,0.7280750107125947
Titanium Grade 2,0.7,134.0,circle,30.9,345.0,303.5,600.0,0.15,3.5,1,1000.0,,0.2,9.0,1.09,,,0.5133785099744769,90.0,0.40000942954004476
Titanium Grade 2,0.7,134.0,circle,30.9,345.0,303.5,600.0,0.15,3.5,1,1000.0,,0.2,9.0,1.09,,,0.49871042775279717,90.0,0.40000024094821707
Titanium Grade 2,0.7,134.0,circle,30.9,345.0,303.5,600.0,0.15,3.5,1,1000.0,,0.19999999999999998,9.0,1.09,,,0.5620093293873244,90.0,0.6420470673136298
Titanium Grade 2,0.7,134.0,circle,30.9,345.0,303.5,600.0,0.15,3.5,1,1000.0,,0.2,9.0,1.09,,,0.5583455057988549,90.0,0.6644999326909313
Titanium Grade 2,0.7,134.0,circle,30.9,345.0,303.5,600.0,0.15,3.5,1,1000.0,,0.2,9.0,1.09,,,0.5617852528021651,90.0,0.6559933190214946
Titanium Grade 2,0.7,134.0,circle,30.9,345.0,303.5,600.0,0.15,3.5,1,1000.0,,0.2,9.0,1.09,,,0.5259465850214537,90.0,0.400218299087049
Titanium Grade 2,0.7,134.0,circle,30.9,345.0,303.5,600.0,0.15,3.5,1,1000.0,,0.2,9.0,1.09,,,0.5342563623943866,90.0,0.40174290828430076
Titanium Grade 2,0.7,134.0,circle,30.9,345.0,303.5,600.0,0.15,3.5,1,1000.0,,0.2,9.0,1.09,,,0.531149886853072,90.0,0.400801665580799
Titanium Grade 2,0.7,134.0,circle,30.9,345.0,303.5,600.0,0.15,3.5,1,1000.0,,0.2,9.0,1.09,,,0.5624618472957036,90.0,0.6161565088215938
Titanium Grade 2,0.7,134.0,circle,30.9,345.0,303.5,600.0,0.15,3.5,1,1000.0,,0.2,9.0,1.09,,,0.4877582844343574,90.0,0.4000000155886988
Titanium Grade 2,0.7,134.0,circle,30.9,345.0,303.5,600.0,0.15,3.5,1,1000.0,,0.2,9.0,1.09,,,0.5586836365152932,90.0,0.6878310499641953
Titanium Grade 2,0.7,134.0,circle,30.9,345.0,303.5,600.0,0.15,3.5,1,1000.0,,0.2,9.0,1.09,,,0.558590498122659,90.0,0.6812064445693924
EN AW-6181-T1,0.8,21.923755918946068,circle,24.0,353.79999999999995,165.0,506.19999999999993,0.22999999999999998,0.6093647745532282,1,3002.0065244054003,1532.3724990475646,0.5,3.0,1.8749431795029015,9.511302781348345,,,89.99999999999999,0.4
EN AW-6181-T1,0.8,26.61442345946842,circle,24.0,353.8,165.0,506.19999999999993,0.23,0.5736852708800989,1,2256.099034112903,0.0,0.5,3.0,1.4921187727580223,8.072708258256593,,,90.0,0.4
EN AW-6181-T1,0.8,25.422461558156066,circle,24.0,353.8,165.0,506.20000000000005,0.23,0.4998045280882341,1,3021.7504079835408,0.0,0.5,4.0,1.5720732425065367,8.300190052984815,,,90.0,0.4
EN AW-6181-T1,0.8,26.068906453530527,circle,24.0,353.8,165.0,506.19999999999993,0.22999999999999998,0.5474961529177328,1,2925.893027667249,13.90002281059722,0.5,3.0,1.531156462754389,7.981773538924389,,,90.0,0.4
EN AW-6181-T1,0.8,22.18958126464013,circle,24.0,353.8,165.0,506.19999999999993,0.23,0.5006227887301692,1,3999.764894771126,1982.1038584675512,0.5,4.0,1.8236771500696067,9.241496189722804,,,90.0,0.4
EN AW-6181-T1,0.8,20.063031260385447,circle,24.0,353.8,165.0,506.19999999999993,0.23,0.593329888617557,1,3921.999059968547,2007.6843162959083,0.5,4.0,1.9967809541067176,9.947922223764552,,,90.0,0.4
EN AW-6181-T1,0.8,24.34092331864977,circle,24.0,353.8,165.0,506.19999999999993,0.23000000000000004,0.5495485558973157,1,2862.6006614941734,0.0,0.5,3.0,1.6654694893921225,8.569183808339433,,,90.0,0.4
EN AW-6181-T1,0.8,24.449385598444987,circle,24.0,353.8,165.0,506.2,0.22999999999999998,0.5571571333757426,1,1781.1437915799213,785.4554904303553,0.5,2.0,1.673416512704888,8.907703290465674,,,90.0,0.4
EN AW-6181-T1,0.8,20.07630730468757,circle,24.0,353.8,165.0,506.19999999999993,0.23,0.650937942359744,1,4032.665095773776,1974.4767498407914,0.5,4.0,2.021998944216529,9.895840242169431,,,90.0,0.4
EN AW-6181-T1,0.8,17.007852380144023,circle,24.0,353.8,165.0,506.20000000000005,0.23,0.591826442232317,1,2179.871155947619,4399.469053293595,0.5,2.0,2.65636514885387,13.064758494074539,,0.5599999999999999,90.0,0.3764705882352941
EN AW-6181-T1,0.8,16.02200848725101,circle,24.0,353.8,165.0,506.2,0.23,0.5751044310424952,1,2588.138901318063,3862.0083314854064,0.5,4.0,2.6389608793509813,12.87569211302744,,0.5599999999999999,90.0,0.3764705882352941
EN AW-6181-T1,0.8,22.63491397948197,circle,24.0,353.8,165.0,506.19999999999993,0.23,0.5862447113190319,1,3998.357124645667,1140.576094344037,0.5,4.0,1.8131754281622274,9.059844388624317,,,90.0,0.4
EN AW-6181-T1,0.8,21.155975043449786,circle,24.0,353.8,165.0,506.2,0.23000000000000004,0.49900155675419,1,4041.4238853530446,1129.1547614458893,0.5,4.0,1.875289902953409,9.535035030358163,,,90.0,0.4
EN AW-6181-T1,0.8,25.83914671531844,circle,24.0,353.80000000000007,165.0,506.20000000000005,0.23000000000000004,0.4993487966217094,1,2453.582947213166,1113.524381291921,0.5,3.0,1.5610447305558834,8.481388107346863,,,90.0,0.4
EN AW-6181-T1,0.8,21.195360485013303,circle,24.0,353.8,165.0,506.19999999999993,0.23000000000000004,0.5958812709833161,1,3983.950051040011,1278.9923821042164,0.5,4.0,1.9046657622284286,9.541020191918122,,,90.0,0.4
EN AW-6181-T1,0.8,24.04725330645875,circle,24.0,353.8,165.0,506.19999999999993,0.23,0.5000486037540595,1,4084.0850788701255,1037.9063972470994,0.5,4.0,1.6698927680177482,8.545261433229273,,,90.0,0.4
EN AW-6181-T1,0.8,26.90331001230449,circle,24.0,353.79999999999995,165.0,506.2,0.23,0.4987010258912742,1,480.30344222618515,0.0,,1.0,1.48913520871377,8.399765434444294,,,90.0,0.4
EN AW-6181-T1,0.8,15.893623093982802,circle,24.0,353.8,165.0,506.20000000000005,0.23000000000000004,0.6508807255185804,1,2448.8904684646236,4092.2974582363363,0.5,2.0,2.6912358586499874,13.188700679841897,,0.5599999999999999,90.0,0.3764705882352941
EN AW-6181-T1,0.8,24.67473916191736,circle,24.0,353.80000000000007,165.0,506.20000000000005,0.23000000000000004,0.4992714082919671,1,1742.1722422500156,580.6579591821112,0.5,2.0,1.6577263075068056,8.84485704357951,,,90.0,0.4
EN AW-6181-T1,0.8,15.837278598710313,circle,24.000000000000004,353.8,165.0,506.2,0.23000000000000004,0.6503085376287862,1,887.9634224400112,6057.565724653466,,1.0,2.8329924810278997,14.106362748449074,,0.5599999999999999,90.0,0.375
EN AW-6181-T1,0.8,26.914461611793225,circle,24.0,353.8,165.0,506.20000000000005,0.23,0.4996654865975477,1,522.4152773743716,0.0,,2.0,1.457193865276382,8.36407489002466,,,90.0,0.4
EN AW-6181-T1,0.8,14.168539284484417,circle,24.0,353.79999999999995,165.0,506.2,0.23,0.6537061616926241,1,1755.0143547750422,4951.214068057927,0.5,2.0,2.9679613648168317,14.477180421341723,,0.5599999999999999,90.0,0.3764705882352941
EN AW-6181-T1,0.8,24.979544570544142,circle,24.0,353.8,165.0,506.2,0.22999999999999998,0.5281819650431765,1,4010.0455850253206,415.7432746800661,0.5,4.0,1.6241676304214903,8.281931734711097,,,90.0,0.4
EN AW-6181-T1,0.8,20.12358643139797,circle,24.0,353.8,165.0,506.2,0.23,0.651389235083882,1,3988.8966010886656,1985.5298087493338,0.5,4.0,1.975924333442357,9.937172050149135,,,90.0,0.4
EN AW-6181-T1,0.8,21.589580010913384,circle,24.0,353.8,165.0,506.2,0.23,0.6528438364435519,1,3175.2192116740976,1901.4156372054563,0.5,3.0,1.8697023958683852,9.485743933182096,,,90.0,0.4
EN AW-6181-T1,0.8,25.83368857298735,circle,24.0,353.8,165.0,506.19999999999993,0.23000000000000004,0.49782311506936755,1,3984.062763261234,389.61590403255434,0.5,4.0,1.5653028480829752,7.958368549427803,,,90.0,0.4
EN AW-6181-T1,0.8,21.94066436086783,circle,24.0,353.8,165.0,506.2,0.23,0.501568920659339,1,3927.2457037191616,1260.4552981512097,0.5,4.0,1.835689263370623,9.27112204076609,,,90.0,0.4
EN AW-6181-T1,0.8,12.126558858583687,circle,24.0,353.8,165.0,506.20000000000005,0.23,0.5683771520304547,1,957.0715062484268,5986.671052132803,,3.0,3.3098603613362574,16.10868736975914,,0.5599999999999999,90.0,0.375
EN AW-6181-T1,0.8,19.98438441449629,circle,24.0,353.8,165.0,506.2,0.23,0.6491804869294902,1,4033.745995601005,2066.773833400622,0.5,4.0,2.003161305261738,10.013972746300132,,,90.0,0.4
EN AW-6181-T1,0.8,25.43878520461001,circle,24.0,353.8,165.0,506.2,0.23,0.6513516793229225,1,1280.1949752453963,2032.585609103587,0.5,2.0,1.5942765739647082,8.635644883682474,,,90.0,0.4
EN AW-6181-T1,0.8,21.852265850475995,circle,24.0,353.8,165.0,506.20000000000005,0.23,0.5966080471239396,1,3992.1375510245466,2014.1037914695526,0.5,4.0,1.8846469985456744,9.432353076205615,,,90.0,0.4
EN AW-6181-T1,0.8,15.859898750760001,circle,24.0,353.8,165.0,506.20000000000005,0.23,0.5729763677879529,1,2380.5414520424415,4253.068676041894,0.5,4.0,2.7034348380255926,13.29452598099555,,0.5599999999999999,90.0,0.3764705882352941
EN AW-6181-T1,0.8,24.90896585708216,circle,24.0,353.8,165.0,506.20000000000005,0.22999999999999998,0.549365166376283,1,1588.5406621869386,571.8713781183708,0.5,2.0,1.6498304139737316,8.823089015658091,,,90.0,0.4
EN AW-6181-T1,0.8,23.55557185953342,circle,24.0,353.8,165.0,506.2,0.22999999999999998,0.501558250836845,1,3978.023437311248,2068.052582018882,0.5,4.0,1.703561531310799,8.738865082611857,,,90.0,0.4
EN AW-6181-T1,0.8,19.444713856253443,circle,24.0,353.8,165.0,506.20000000000005,0.23,0.49659578245622854,1,2679.255744709111,2521.982986522946,0.5,4.0,2.3317182545348287,11.58452131056907,,0.5599999999999999,90.0,0.3764705882352941
EN AW-6181-T1,0.8,26.99489119782369,circle,24.0,353.8,165.0,506.19999999999993,0.23,0.5647282604567007,1,499.4009560472222,0.0,,2.0,1.4795434114456611,8.405465985228997,,,90.0,0.4
EN AW-6181-T1,0.8,19.965161184388496,circle,24.0,353.8,165.0,506.19999999999993,0.22999999999999998,0.6480061377839651,1,3996.5225114754094,2002.4331001932426,0.5,4.0,2.0064194578119943,9.950017406480127,,,90.0,0.4
EN AW-6181-T1,0.8,23.951205932040004,circle,24.0,353.8,165.0,506.2,0.23,0.5305360360511368,1,3978.8054037747834,384.32717212923,0.5,4.0,1.6897467392724468,8.649428261657034,,,90.0,0.4
EN AW-6181-T1,0.8,25.564447346374635,circle,24.0,353.8,165.0,506.2,0.23,0.5483086614815662,1,2865.1830121947755,28.398456970399003,0.5,3.0,1.5603039286869458,8.240679318527363,,,90.0,0.4
EN AW-6181-T1,0.8,24.615267363261193,circle,24.0,353.8,165.0,506.20000000000005,0.23,0.5511295462567765,1,1692.6606204425755,682.1534576696524,0.5,3.0,1.6475272809112111,8.949396608857827,,,90.0,0.4
EN AW-6181-T1,0.8,20.065088845201057,circle,24.0,353.8,165.0,506.20000000000005,0.23,0.651752053027045,1,3983.1475859101915,1985.0448742648089,0.5,4.0,2.0099375782758737,9.857044910975889,,,90.0,0.4
EN AW-6181-T1,0.8,20.018071501920897,circle,24.0,353.8,165.0,506.2,0.22999999999999998,0.651001079425588,1,3976.969224143508,1987.4897647799387,0.5,4.0,1.987138585627453,10.009139112346293,,,90.0,0.4
EN AW-6181-T1,0.8,23.484979303285108,circle,24.0,353.8,165.0,506.2,0.23,0.4997811232751334,1,4019.2116041228787,0.0,0.5,4.0,1.716063039568101,8.574329809761595,,,90.0,0.4
EN AW-6181-T1,0.8,25.379982408008445,circle,24.0,353.8,165.0,506.2,0.23,0.5348550137065162,1,1310.9550013197324,461.58955105919506,0.5,3.0,1.6313801223449007,8.883183865965913,,,90.0,0.4
EN AW-6181-T1,0.8,15.895235166677956,circle,24.0,353.80000000000007,165.0,506.20000000000005,0.23000000000000004,0.6482378432203734,1,2396.0477539445333,4095.8828404854835,0.5,2.0,2.6967956794229706,13.25579558878666,,0.5599999999999999,90.0,0.3764705882352941
EN AW-6181-T1,0.8,18.59504764699589,circle,24.0,353.8,165.0,506.2,0.22999999999999998,0.6500441841989433,1,754.28600454739,5959.417509268219,,1.0,2.534157454122013,12.769642486131948,,0.5599999999999999,90.0,0.375
EN AW-6181-T1,0.8,17.577320309646034,circle,24.0,353.8,165.0,506.2,0.23000000000000004,0.6045117839843638,1,3141.296577779091,3100.9842491534464,0.5,4.0,2.3788287849588174,11.818783271203898,,0.5599999999999999,90.0,0.3764705882352941
EN AW-6181-T1,0.8,21.428051112565974,circle,24.0,353.8,165.0,506.19999999999993,0.23,0.5795302635749304,1,4014.908043971227,1115.6192324763003,0.5,4.0,1.8597929710906798,9.596297090836913,,,90.0,0.4
EN AW-6181-T1,0.8,20.102634324823846,circle,24.0,353.8,165.0,506.20000000000005,0.23000000000000004,0.6493713337945655,1,4000.3920452594352,1996.3271856731676,0.5,4.0,1.993763645037456,10.100597203519076,,,90.0,0.4
EN AW-6181-T1,0.8,23.251316618704635,circle,24.0,353.8,165.0,506.2,0.23,0.5790335659182492,1,2338.0800486770318,1071.238009018666,0.5,3.0,1.7526355675247998,9.13291406137408,,,90.0,0.4
EN AW-6181-T1,0.8,23.48714992174914,circle,24.0,353.8,165.0,506.19999999999993,0.23,0.5501163255249686,1,4002.676390301109,1897.3451868558361,0.5,4.0,1.724964492138411,8.871001425259225,,,90.0,0.4
EN AW-6181-T1,0.8,24.090597536772144,circle,24.0,353.8,165.0,506.2,0.23,0.6515969019716092,1,1863.9195157221482,1959.3450909671217,0.5,2.0,1.7083932539832358,8.883925897060706,,,90.0,0.4
EN AW-6181-T1,0.7999999999999999,27.058836958302766,circle,24.0,353.8,165.0,506.19999999999993,0.23,0.6496800817593134,1,555.8119119394534,,,1.0,1.505027510446961,8.290083096198384,,,90.0,0.4
EN AW-6181-T1,0.8,20.02616341802471,circle,24.0,353.8,165.0,506.19999999999993,0.23,0.6514070539459378,1,705.9319490725562,5994.129598154217,,1.0,2.3070524424189256,11.98676628457566,,0.5599999999999999,90.0,0.375
EN AW-6181-T1,0.8,16.93177315517156,circle,24.0,353.8,165.0,506.2,0.23000000000000004,0.649249065497592,1,2841.756265398766,3611.2085568485036,0.5,3.0,2.529823091309947,12.411935216197147,,0.5599999999999999,90.0,0.3764705882352941
EN AW-6181-T1,0.8,22.802411856399093,circle,24.0,353.8,165.0,506.19999999999993,0.23,0.5781032153563004,1,4013.749131137577,1072.1722062947447,0.5,4.0,1.7910213635365577,8.918907950855722,,,90.0,0.4
EN AW-6181-T1,0.8,25.621358343044374,circle,24.0,353.8,165.0,506.20000000000005,0.23000000000000004,0.49989933094147804,1,1647.2639184153475,0.0,0.5,3.0,1.573900056195219,8.61731708841473,,,90.0,0.4
EN AW-6181-T1,0.8,26.13466842383589,circle,24.0,353.79999999999995,165.0,506.19999999999993,0.23,0.5908169496275898,1,1872.9019123600913,70.64486867244337,0.5,2.0,1.5339311411530614,8.22909700934407,,,90.0,0.4
EN AW-6181-T1,0.8,21.51354537813268,circle,24.0,353.8,165.0,506.19999999999993,0.23,0.5767002031709105,1,4022.9442605867607,1052.9370492447838,0.5,4.0,1.889429609672992,9.514873415311477,,,90.0,0.4
AA6061-T6,1.0114624046819438,35.110106624839545,circle,11.792397974905127,310.6764013186659,189.88224169710122,409.79825709066097,0.1194516090524863,0.6014245138116998,0,,,1.0015207160216593,1.0,,9.99471251793424,,0.8499088558382683,89.74207348179989,0.4
AA6061-T6,1.0017651310904054,39.42738640665441,circle,11.859055841526207,355.1124277153894,302.5798499437864,461.2299319310948,0.12015663654088146,0.7682596758997915,1,569.0569397123224,0.0,0.4990014882562309,1.0,1.4291564095670686,,,0.5899521997000114,70.20926733775907,0.4
AA6061-T6,0.9982555249918067,45.714913352163386,circle,11.692663893882932,355.0279300276389,301.8712117253358,461.4085770273502,0.12089568477822689,0.7710418667504263,1,993.3589138218106,0.0,0.5018026994219315,2.0,1.2918160289384297,,,,89.81964317009171,0.4
AA6061-T6,1.0068930825471099,31.069830003919268,circle,12.465678077548073,304.50280666859993,266.71186401881704,446.0867822113169,0.23827576522170585,0.717021070658036,1,696.5089785833298,3.1502252380326925,0.4194436162020574,1.0,3.3997416832345975,,,0.6089832021879539,70.2302981489385,0.4
AA6061-T6,0.9927540522011026,20.61451837778708,circle,13.096317505658087,226.01947218512035,214.34799540771044,421.5834401605242,0.4144252861452301,0.6399947239012989,1,244.7069101730874,0.0,0.3106034434384709,2.0,2.925524667024738,,,,89.95576117721413,0.4
AA6061-T6,0.9952210748331983,43.41175412884798,circle,11.72083397292797,356.228765689851,303.6870866263689,461.663990384092,0.12008405306300764,0.769711853166372,1,379.64978284180904,0.0,0.5045059256063072,1.0,1.3860167643215497,,,,90.10332112739613,0.4
AA6061-T6,0.9988460195103573,45.1239679777202,circle,11.6925503149128,355.5135691892325,302.5668199553714,461.77308065602386,0.11953588322088926,0.7707610175412217,1,989.4114251786012,0.0,0.5013656982350971,3.0,1.3151266962253434,,,,89.86844171601138,0.4
AA6061-T6,1.0080110457903126,25.903560472886902,circle,12.55120900064405,255.47560594487774,187.96937716591546,410.942681418414,0.28684376566227837,0.6014074781226851,0,12.009856802170262,0.0,0.6721917820601365,1.0,3.3930464157499807,9.980124627033703,,0.8460772823386787,89.74455271014469,0.4
AA6061-T6,1.0032814185356462,42.48898464435183,circle,11.85033480720285,333.88859536252295,288.28649200876237,431.40243627656366,0.10501148081962824,0.7696985973127397,1,499.218235725988,0.0,0.5003565884181395,2.0,1.5182042460452512,14.059880643493111,,0.7022930130017685,89.8071065397415,0.4
AA6061-T6,1.7901760641995215,151.94512743373832,square,11.697323936686303,357.5737589857932,302.0143844491552,461.06866889452743,0.11915045483684178,0.7689542750479808,1,675.1082189467714,79.05321377770096,0.4929444095401731,1.0,1.3058842709463978,,,1.4036072653332892,54.42085764454393,0.4
AA6061-T6,1.001259002409597,45.21453361453959,circle,11.699363714166555,356.81028123648,302.2365668478451,462.2542040073187,0.11808552228387971,0.7698961557544836,1,1014.2262826649452,2.6209340670341987,0.4992783227121774,1.0,1.3260426845569344,,,,90.01508734015883,0.4
AA6061-T6,0.9969063999326615,44.66384509384981,circle,11.70522141872259,355.42350436268237,300.71705851492624,461.8078720272954,0.11976176255383061,0.7699419481473853,1,990.9811873831503,0.0,0.4974015992212271,3.0,1.3313291315911087,,,,90.0795771284798,0.4
AA6061-T6,1.0028236522890936,43.11199974863435,circle,11.87003321099078,328.4796663232464,287.68730719968363,427.50712838113407,0.10203396495350692,0.7686103174649507,1,435.5021488915731,2.895369791204317,0.5002552312417745,1.0,1.5211520191110084,14.01430466623155,,0.7019695627288729,89.7442382630225,0.4
AA6061-T6,0.992407793757843,43.68401876165559,circle,11.689688123273706,356.90213099298,301.51204408354295,461.8568082400946,0.11735102091979394,0.769783604715037,1,517.3054710126974,0.0,0.4994069165554426,2.0,1.372513036077305,,,,89.6541167676129,0.4
AA6061-T6,1.0044446137948402,45.141122425915476,circle,11.692288924678468,356.10359479031115,302.3797379175498,460.9916324293796,0.11765782351480275,0.7707594584733596,1,635.9534694037011,1.965513453697719,0.49871661910052856,1.0,1.3448816192217266,,,,90.1369034430021,0.4
AA6061-T6,1.0015589643307212,37.011719977462526,circle,12.218300751468917,307.838871864294,270.8584969108486,447.3203083528321,0.2295566627827649,0.7208170763592914,1,725.5702814158299,0.0,0.4308560120041354,1.0,1.9172891603652846,9.649474896832755,,0.8684574085834575,81.53779186266668,0.4
AA6061-T6,1.6071807835127572,123.27314452816667,circle,11.74785423088391,337.92653700821353,258.5946300464465,441.0692277700539,0.124429820412404,0.7060634614896413,1,603.8458068995976,98.47546917895426,0.6931869712621772,1.0,,9.998379700710236,,1.1712031003532746,62.59564252694269,0.4
AA6061-T6,1.0006579245626144,43.55557798762075,circle,11.692727748881179,356.76251331018756,302.29450788843485,461.9262585233305,0.12149703221144884,0.7706036006659338,1,1009.7349109426243,0.0,0.5017222746078068,2.0,1.3819731230535832,,0.82,,90.07096412035416,0.4
AA6061-T6,1.0001229232498676,45.52754809288279,circle,11.691362637499509,357.05183376477225,302.9228730314716,462.20515345888805,0.11771742031301792,0.7704392968981605,1,996.2680131829101,0.0,0.5018336534426652,1.0,1.31683105727186,,,,90.3569817769174,0.4
AA6061-T6,0.9900222374026499,44.92638066911149,circle,11.713144565791296,357.0929709721708,302.12302080507055,461.74236634954485,0.11933824480691989,0.7698500784851147,1,1012.4981154661625,0.0,0.5014578066794907,3.0,1.3147217182215358,,,,90.05232321670712,0.4
AA6061-T6,0.9998078194960477,44.2207624181899,circle,11.70300636461809,356.76406834022333,302.03704017096425,461.4693854073347,0.11932688806936875,0.7686443366250799,1,995.8779594597345,1.3072071315328548,0.4991454757976539,2.0,1.3544746446172051,,,,90.0574815901566,0.4
AA6061-T6,0.9999093769786921,41.342238081059435,circle,11.795207849653952,356.68455448958485,301.19054793707335,461.1626371382692,0.12045025346609757,0.7701210179047858,1,255.85124797677614,4.326561055886561,0.49723323872253045,1.0,1.4358961693600176,,,0.604756829860965,70.16320092089684,0.4
AA6061-T6,1.0026008104119384,46.669854018394396,circle,11.6820836297482,357.7654160079254,302.3085688172473,461.7775467205221,0.11858715990083142,0.7721965064714269,1,997.0750959786257,0.0,0.5054984830202099,2.0,1.2978104108453437,,,,90.3283464043157,0.4
AA6061-T6,1.0000404286510365,37.99985393726367,circle,11.880514330328518,310.89043608439374,225.30734943698758,406.2887210950183,0.10698628231384878,0.5994113598236902,0,1009.2261283135115,498.08049019915865,0.7851895677146103,1.0,2.153807264145524,10.409491723361995,,0.7640184741660832,90.0830239512996,0.4
AA6061-T6,1.004024729273701,41.88529352385587,circle,11.836089028697366,336.90927596969124,291.0291696463872,435.755690234702,0.10774551950141226,0.7702528377051593,1,569.7977383915411,0.0,0.5026657800757439,3.0,1.5082833409280776,14.00157642110989,,0.7028134047114336,89.80898366684708,0.4
AA6061-T6,0.9989183609529474,44.882599979667845,circle,11.69840094326005,358.5453562276843,304.1320163695958,462.16058456120464,0.12252611741382521,0.770350680302378,1,1005.626490750025,0.4982606369217266,0.5025807477538479,3.0,1.3396844872638136,,,,90.07618144929076,0.4
AA6061-T6,1.0026481508705838,31.63573860243698,circle,12.54069802111298,281.33790573358635,249.76914855904323,437.46286372028044,0.29553133560125533,0.689710960793471,1,544.4833770103269,0.35394355133730415,0.38696639716934206,3.0,2.28221037139693,,,,90.0625847229198,0.4
AA6061-T6,1.0017099549008117,43.42723543464327,circle,11.810393480512902,340.09041042913634,292.64071335483146,440.0843094272468,0.11014600487636862,0.7696421277917297,1,1001.2316028710461,175.9048035933535,0.4924626749016013,1.0,1.6255362664458015,10.939368336675686,,0.6487843070159576,89.71400819992552,0.4
AA6061-T6,1.0020679017866982,45.64186795665973,circle,11.704849690415623,356.66956418008164,303.04924727229917,461.7754671082962,0.12186139471701607,0.7720817376240288,1,659.6745495141047,0.0,0.5021793282560915,3.0,1.3273657831129695,9.165346776261517,,0.8733446899425374,89.10956359972262,0.4
AA6061-T6,1.5397005097478107,104.58749980498534,square,12.528515408111163,279.04890230692223,250.61888636172168,438.0026840193838,0.2932134709366534,0.6939553802530039,1,334.38526332445673,56.72748246835775,0.3840388159856802,1.0,3.4070458990826613,,,1.3956070987715339,44.95476485728927,0.4
AA6061-T6,1.0086748567332535,41.22637575894704,circle,11.891503191163483,325.6498373041203,284.0454530319621,422.9495496890545,0.10152350667999106,0.7710944199282385,1,347.9356895744247,0.22041740738446197,0.49925660987367065,2.0,1.5809086303984543,14.002888209943004,,0.7060723781434363,90.01416238799193,0.4
AA6061-T6,1.008018439166901,36.54243206548328,circle,11.886094693729115,310.8978792096256,226.93214967207592,406.5901223894426,0.10601501153245296,0.6003346988134663,0,5.284147998322745,,0.9957357244835966,1.0,1.7012899340536622,11.682552329003277,,0.6579883265223393,89.86091063196608,0.4
AA6061-T6,0.9983944796082901,40.019010800671396,circle,11.754221732737841,332.1013020473094,242.1725439511905,434.7071519563922,0.12013510550556031,0.6802718023065879,0,995.9803245773965,0.5537398830605401,0.7660161870441581,1.0,1.304029153380946,9.999987959901544,,0.8323686586188022,90.08904643406483,0.4
AA6061-T6,0.999244090297644,44.60917403279035,circle,11.695695862204273,355.61495439007854,300.94204916241694,461.7581355940985,0.12071841635371908,0.7692725759001999,1,1000.8506780976224,2.7361484053956566,0.4986323249602051,2.0,1.3198878612192768,9.620743283643293,,0.862593730167871,88.17263859595535,0.4
AA6061-T6,1.000977159655799,43.00677775650112,circle,11.723588300954251,345.8072397577599,277.9443852074867,450.9727817566296,0.11915160117090037,0.7348014115632331,1,1000.2990200016868,1.401755908974601,0.6042326553086431,3.0,1.3173060476415113,10.010908161624341,,0.8399142816599848,89.68436251337177,0.4
AA6061-T6,0.9995961312627886,30.509716244718593,circle,12.586601338498673,272.42123947445504,245.60416101757167,435.99245786838316,0.3085394211292413,0.6857116090206982,1,505.6043336234164,0.579743105027949,0.37109010883526433,1.0,2.344054643330206,9.636780799062578,,0.8721461297149976,81.3214614321438,0.4
AA6061-T6,1.009360177294275,44.215520860418806,circle,11.706204721903655,357.27042562786784,302.1616280117158,462.0823258988419,0.11814500160038623,0.769824569129618,1,989.2466857652778,0.0,0.4991667996288613,3.0,1.3477523852014217,,,,90.33270006135567,0.4
AA6061-T6,1.0074200497240184,44.99656594152209,circle,11.696913494347024,356.77833800550417,302.4848105787176,462.0418175780373,0.11852196353914547,0.769819766709732,1,993.297634237127,0.8280323149933333,0.5029909034554784,2.0,1.3377507341449726,,,,90.26618617939621,0.4
AA6061-T6,1.0079362046241451,40.29050146394164,circle,11.878244113611068,356.95617668930026,302.98335991292953,461.23528030793074,0.11945874202337246,0.7692438425039423,1,1007.668870830528,0.0,0.5009150852498565,1.0,1.4033947763046533,,,0.6106819743711213,78.51370857302967,0.4
AA6061-T6,0.9915836715904914,45.49579146993019,circle,11.69844117340187,355.99151626148637,302.3697243276323,461.66141696471567,0.12173220841285409,0.7693517742693532,1,996.6553089561298,2.251745881089126,0.4996082075713335,2.0,1.3200072892676586,9.685799889116367,,0.8652098418044015,84.23734449049049,0.4
AA6061-T6,1.0046190801221806,42.11372286358204,circle,11.906665985940299,324.6528744393793,284.02777563695446,420.7624972532489,0.0990237771673931,0.7721615348738206,1,323.82469420686925,0.7983931113736655,0.49435295311474026,1.0,1.5752724216708718,14.016533471644687,,0.7032299048167316,90.17950537985462,0.4
AA6061-T6,1.0028430253983558,41.051573980562594,circle,11.94551273475059,320.53312491617066,281.3394734023245,415.25114999523186,0.09529298934710746,0.7711378921997546,1,227.36113541865882,0.07064711395203839,0.504347161714003,2.0,1.6118170973325396,14.042668828269305,,0.7019900781268673,89.9807422926858,0.4
AA6061-T6,1.0020587408759871,43.364388309360436,circle,11.701880997035575,356.39303661210545,302.8279265361381,461.7728714366596,0.11831797960754402,0.7695446964098224,1,498.15398352229136,4.336047686307509,0.4975023555348832,1.0,1.3780310941870417,,,,89.75542837558889,0.4
AA6061-T6,0.9974224700542518,43.94693968957397,circle,11.70815154906998,357.76593115772295,302.32883212248464,461.2613797459751,0.11939872265770302,0.7695777847957908,1,994.9595911438333,0.0,0.49817099643741897,3.0,1.338253482969904,,,,89.57311613661368,0.4
AA6061-T6,1.0020283892539845,27.609987252879897,circle,12.684996799817062,264.10020576850445,239.08173679333774,432.8135366494078,0.3289917381639444,0.6769057365540314,1,452.01338796222797,0.0,0.3654148322946913,2.0,2.5109623024016914,,0.82,,90.04542211041353,0.4
AA6061-T6,1.0002314963233494,45.73488064130441,circle,11.700416237919912,354.955912752692,303.2287876673873,461.3975157743883,0.1221625247333176,0.770405522131235,1,1008.8237093140242,2.024390610257265,0.4987905886545819,2.0,1.300868990354417,,,,89.89947864763482,0.4
AA6061-T6,0.9997488077804814,43.40182342544151,circle,11.703804048085772,357.377730709545,302.89147211712,461.80095543549254,0.12188056770332732,0.7693876556674359,1,998.9787891781294,0.0,0.4933838254252377,1.0,1.380109163598884,9.625446085743683,0.82,0.8601984628497884,87.72262056225495,0.4
AA6061-T6,0.9985397201197255,34.982305330035636,circle,11.769013767144335,320.3509008770265,211.4467574331904,421.17157767626077,0.12058501419001356,0.6369015901857376,0,997.7773334800652,0.0,0.895452445506451,2.0,1.359945438788395,9.975222579251636,,0.8366337643647322,90.15380800111896,0.4
AA6061-T6,0.9951555021613143,32.136232663129604,circle,12.491556357892435,282.8672522500697,252.7605115524007,439.00899227276614,0.2881610977871393,0.6934873062080692,1,569.3031086524363,1.5146496511458563,0.3858275125861681,2.0,2.2274707862202883,,,,90.02281452699448,0.4
AA6061-T6,0.9897846283485168,27.363820889771578,circle,12.745418828567592,250.76739032193603,233.43272472356108,406.19016612029725,0.2891418003099918,0.6010797118321267,1,18.622641866552406,0.0,0.2525073942040325,1.0,2.540829125080433,14.008455094580242,,0.692848630968261,89.9240404101877,0.4
AA6061-T6,1.0030228224939899,45.298543413034004,circle,11.686978627443777,356.3793775956944,303.0101143425997,462.50308455601,0.11791797722173575,0.7692647692186808,1,1014.152177752977,0.0,0.49849569306334185,2.0,1.2970595062789332,,,,89.96685351813109,0.4
AA6061-T6,0.9981709260746282,36.64443253703362,circle,12.198564574564394,312.37181310628705,272.01765011460884,447.64152249232217,0.22343583740944709,0.7248159054647313,1,729.9357728694445,0.15447540281801492,0.4386214423388373,4.0,1.9140505711202571,,,,89.71062386018468,0.4
AA6061-T6,1.0017293008515278,41.851703811706656,circle,11.856529560351273,331.36944980301695,288.11305566640345,428.9543559660808,0.1042529427439954,0.7699672948695991,1,461.0109161356847,0.0,0.5013228545063921,3.0,1.5395988206672377,13.949110153437704,,0.7012105080400683,89.99510791568125,0.4
AA6061-T6,0.9979766959098941,43.874893525577605,circle,11.703044187567299,356.28502108579374,302.2667408163768,460.98313060193493,0.12407170184858365,0.7702508749970995,1,986.7773753737258,0.36520246819646446,0.5035271123862977,4.0,1.372154503143415,,,,90.14553161962584,0.4
AA6061-T6,0.9987040397324343,36.53405739507627,circle,12.240588387893009,307.6319778636981,267.95501697855974,446.40809598703214,0.23127158919528287,0.7192244488537883,1,710.2585778715267,0.4199253487574724,0.42644855001030446,1.0,1.9103430281477192,,,,89.94866691338089,0.4
AA6061-T6,1.0011789831787496,40.880313721012534,circle,11.871043693711277,328.9915605009339,286.5797129590527,427.71323295829467,0.10100754646738068,0.770909067513439,1,419.8532318464107,0.4704977633866079,0.49892512153711704,1.0,1.5579056275893266,13.94650603085133,,0.7008242331180489,89.90057832620975,0.4
AA6061-T6,0.999720508478002,44.90958892786641,circle,11.701352984207455,355.25921536282056,303.5307272802074,462.1215301133018,0.1203887422181858,0.7701595463125731,1,998.7836397091,1.8038251814775146,0.49855212185802295,4.0,1.3346251818634114,,,,89.81191567888479,0.4
AA6061-T6,0.9991977171916216,44.29165905640535,circle,11.70170360619326,356.22239358137455,302.8202761437558,461.6800575513356,0.12192203894019223,0.7716093391434792,1,998.902310752386,0.0,0.4981666186751854,3.0,1.3535005806171323,,,,89.82873958331633,0.4
AA6061-T6,0.9991877616717091,42.22794627429714,circle,11.711478352533732,356.2524521818588,300.89703963237844,460.63278308902244,0.11818469151427621,0.7706628509671896,1,1007.6492740418804,3.20966429269232,0.4983686886055531,1.0,1.383320494983794,,0.82,,90.17630090932398,0.4
AA6061-T6,0.9988766062994089,44.902062410034446,circle,11.699551436296606,356.5036426204287,301.7774347217287,461.07738587846626,0.11810519614742157,0.7719240227650456,1,1004.0591949807333,0.0,0.498938033622264,4.0,1.3556792964195794,,,,89.96502643327936,0.4
AA6061-T6,0.999613878351238,44.96919918779905,circle,11.702695599081746,356.4201590814374,301.9216481675507,461.353088838314,0.11977704761018956,0.7700665053516729,1,987.6426979712417,0.0,0.49943974957356324,4.0,1.3311643070493635,,,,90.67193884346278,0.4
AA6061-T6,0.9989768191105193,43.213706352109504,circle,11.814649327534218,339.4000154516706,293.1015184533237,438.9170313024324,0.10861119100235046,0.7702101003143541,1,1004.0682440506498,192.22174091488228,0.49788529782117663,3.0,1.6350918846531686,10.99857742679796,,0.6498855241604367,89.77127816812376,0.4
AA6061-T6,1.004462743975115,36.76895719422683,circle,12.16429966169708,312.7929129869165,273.0528772406284,448.34735767933796,0.2176365145424155,0.7277013952613561,1,738.6307583106013,4.1894899852129015,0.4351760048900942,2.0,1.8679412439422682,,,,90.2224643123196,0.4
AA6061-T6,1.0000017040083828,25.44184904812531,circle,12.875982249395511,246.14784689189213,226.37981672825788,427.8685158150485,0.3677713336255833,0.6579570002089148,1,350.3208993121052,0.0,0.33586485288332457,3.0,2.683531048293128,,,,90.18040291344838,0.4
AA6061-T6,1.0037104506353416,43.55294361353132,circle,11.69730641219167,357.00071534997096,302.69758143015025,461.74532277273005,0.11631378405380297,0.7679586756036874,1,1007.7132958436218,0.0,0.5023360210657398,4.0,1.3748048272243834,,,,89.82674157588772,0.4
AA6061-T6,1.001902416903258,45.17494077788499,circle,11.703078371193756,357.18772542094064,302.6410058388392,460.82857833296436,0.1196503520833829,0.770854388583393,1,1009.6092988622391,1.9557727629306685,0.49531707833148,4.0,1.3097756093543178,,,,90.09571558292949,0.4
AA6061-T6,1.000537863031769,44.51277604073054,circle,11.705866678019689,356.20671249569756,302.52212735715324,461.40185351175785,0.12002615814806146,0.7706268306316167,1,996.069652485791,0.0,0.501631947007141,2.0,1.3184920084487477,,,,90.13006783424218,0.4
AA6061-T6,0.9965554932198566,42.58173529843949,circle,11.834123733329175,335.2031714879704,289.16148631345254,434.1617056113883,0.1041733152376055,0.7695378046136818,1,533.5513320857553,0.7112968035270282,0.4920593832431036,3.0,1.5232436813254184,14.001800468490895,,0.6975877731693759,90.1004505769421,0.4
AA6061-T6,1.778961707761477,150.0776271875292,square,11.697828328058984,355.52419919119535,302.4580651441775,461.9315921783758,0.1188510030267415,0.7695744204775644,1,685.981225735758,78.2982527838409,0.5034137108836864,2.0,1.3246629103675767,,,1.4031951584611695,54.949499481768235,0.4
AA6061-T6,1.0063877728467183,45.41021884531336,circle,11.699727854010385,356.7440607260433,301.87703677314164,461.6171319764915,0.12044776855010463,0.7698195671425477,1,996.9467854620939,0.0,0.506762633873521,3.0,1.3290437221741596,,,,89.89813145463465,0.4
AA6061-T6,1.0029218657741146,45.6248919394242,circle,11.7145796909891,356.195269434403,303.30073754714925,461.0803814644293,0.11901826503594508,0.7691504996322188,1,1019.1059769401544,2.032114805917241,0.49906302773453454,3.0,1.3075706291767835,9.742824085743836,,0.8601082373942605,86.25345065881112,0.4
AA6061-T6,1.0030418046302643,46.54253602587985,circle,11.699423742055673,357.4593840951746,302.5942911292052,461.49575129676026,0.12123807621624325,0.7688998469414957,1,1002.2345225766309,0.0,0.4987183763985998,3.0,1.2982904242788855,,,,90.15151039751366,0.4
AA6061-T6,0.9954762563886886,44.711097201973395,circle,11.694379002376046,356.24611572834624,301.49559378055613,461.4036646669399,0.11948080248572876,0.7702789711026112,1,1006.6968704278722,0.0,0.4971293148820182,4.0,1.3352923335645706,,,,89.69070163583517,0.4
AA6061-T6,0.9991009604496678,42.08234167495001,circle,11.92740703924364,322.4168048043616,283.0450667351258,418.4383738360308,0.09687906037640007,0.7698606243461537,1,281.34872475845015,0.0,0.49961487056346204,1.0,1.5885090630653946,13.975487990626608,,0.6993700707289405,90.07515065169551,0.4
AA6061-T6,0.9997800443750506,41.31645948902401,circle,11.887566512151194,357.79163986265456,301.0687820833291,461.72794943074337,0.1197715395339212,0.7702599840866662,1,1010.2346439653356,0.3017067558988719,0.4982186343051845,2.0,1.2798241794348615,,,0.6195076187730862,77.89361735055304,0.4
AA6061-T6,0.9987803152516881,43.251027341071804,circle,11.686833489108729,356.38611277228273,302.9661570121601,461.81545965009366,0.1212173600882147,0.7718347940968683,1,999.3589534768687,0.0,0.5033158442206974,1.0,1.3726620815321728,,,,89.84872814809876,0.4
AA6061-T6,0.9965109326307301,44.316972367209154,circle,11.791477921358156,340.8697723982651,294.4239617102896,442.5594742081543,0.1129942260525473,0.7682952952456447,1,669.1032799548834,0.0,0.5033067345741905,2.0,1.4289732615138901,13.96962138449669,,0.6975548186170533,90.16332957957695,0.4
AA6061-T6,1.0052596085163015,44.45367588924385,circle,11.696340593466381,355.87802160734816,302.52046588729263,461.6077148612002,0.12132459916701696,0.7696784932040243,1,1004.0669886357418,0.38634914662572023,0.5032519051324706,2.0,1.383350836423045,,0.82,,89.86222432695011,0.4
AA6061-T6,1.418940377533646,100.95936966166406,square,11.699550862985939,356.69056931354237,301.6106183409676,462.0685960846472,0.11995640378842092,0.7711077291326367,1,827.8575827922053,44.48972444497839,0.5008267971960598,1.0,1.332285227734867,,,1.4023488918263307,71.29402220836045,0.4
AA6061-T6,1.003473866346135,46.41343830407309,circle,11.703120798193389,356.6295869848043,303.27787715315907,461.91617575647786,0.12068648147873613,0.7700436848616389,1,1003.78186175549,0.0,0.5031389194981053,2.0,1.313754679018966,,,,89.92702264334893,0.4
AA6061-T6,1.0037492178073586,44.19673640455887,circle,11.695271640134774,357.2453486081636,300.97606230011695,461.33899813426876,0.12167706451790414,0.771175578982814,1,1000.8570095452884,0.5913494172661492,0.49738269079968433,3.0,1.3753900644645962,,0.82,,89.72459243897197,0.4
AA6061-T6,0.9945050146157828,45.5631503666608,circle,11.705472288663398,357.47909259854333,301.92891740225303,461.2988378909781,0.12151621096679859,0.7703050314772817,1,1006.4198009017357,2.296860836800779,0.5005524993516685,1.0,1.3104068254510761,,,,90.25029742413395,0.4
AA6061-T6,1.0024925154086193,44.15979799777163,circle,11.701688685914464,356.58952658029557,302.7384934802367,461.789778444806,0.12136703134175784,0.7689999109248559,1,1011.8296174274452,0.0,0.5020738138448309,4.0,1.3550914772638325,,,,90.16396593764772,0.4
AA6061-T6,1.001918666098162,40.64655456004503,circle,11.926042954759014,322.38412479791714,284.0325164201024,417.3176205662742,0.09794617107444488,0.7700956245412661,0,993.4398865275277,368.8901958118284,0.4987039274809925,5.0,1.944397850654529,10.961672139938969,,0.6557634989703449,90.12264003307105,0.4
AA6061-T6,1.0055607787723422,43.02916679237824,circle,11.706723065197709,358.05142735390234,302.2751537786639,461.41918422584814,0.119830072557508,0.7703964923030945,1,1004.0060947854307,0.0,0.49878853911764526,2.0,1.3799815329636582,,,,90.1039302288948,0.4
AA6061-T6,1.0014237818218623,45.82198741741682,circle,11.69896676207074,355.5957533208825,302.0303401557855,461.0625199679596,0.11899241948700771,0.7702491621742379,1,994.0494799445114,0.0,0.4983287155622069,2.0,1.304430619515488,,,,90.0226291088421,0.4
AA6061-T6,1.0023548224330836,25.07501388345623,circle,12.882268093666987,243.7661578435823,226.36880350437255,427.3757094068224,0.3719887098207609,0.6573363934596345,1,344.33280664878197,0.0,0.3332686294072192,2.0,2.6857516095522365,,,,89.9587558859158,0.4
AA6061-T6,1.0021422911508668,29.97879190937734,circle,12.189640714357521,282.91804643751556,189.63627792322177,409.490491195142,0.20377289298933116,0.6012804089595774,0,17.529535781648498,0.017356632971510765,0.8331028393291756,1.0,3.3923142416401606,9.901150377093227,,0.8420272005446446,90.15544042710914,0.4
AA6061-T6,1.0041344417363778,43.75666756412889,circle,11.824744733776608,335.5390171411357,290.7737360889624,436.3330369640931,0.10597170567429437,0.7705729884118867,1,993.2916191750098,212.32603448296015,0.4997551028223657,1.0,1.6532618036612212,10.981254951526404,,0.6516307933538448,89.99198367596208,0.4
AA6061-T6,0.9985603129228697,45.50274653840977,circle,11.711892577163253,355.3026549628519,302.7074794464405,461.86873213303016,0.11846303373784596,0.7694970025696267,1,568.9990209325912,0.4264229196058897,0.5034194257775875,3.0,1.333620240148314,9.302858464434864,,0.874807272330191,88.34692834805854,0.4
AA6061-T6,1.0023021714073483,43.14833469910454,circle,11.706488281768808,355.90302560774256,302.63408072840775,460.934423533403,0.12150557835027045,0.7701546815982214,1,989.7629867480346,2.0626972587237735,0.5009250859075026,2.0,1.3651862407328934,,,,89.66699267133119,0.4
AA6061-T6,1.0053731690244128,44.929951431018864,circle,11.699301043219624,357.96476133786894,303.34977788286363,461.768179878466,0.12007226987347625,0.7701673082700015,1,999.0465752341778,0.0,0.4964828491834325,2.0,1.3140039626885074,,,,90.05866758398214,0.4
AA6061-T6,0.9989902211657624,44.97457921922701,circle,11.703996689362583,355.68891803161875,303.09608285208077,461.15893871435424,0.11899966137175463,0.7692212618846016,1,1007.9992380786204,0.0,0.504305215570714,3.0,1.315232770612895,,,,90.54211105522009,0.4
AA6061-T6,0.997454937212383,45.512522751115206,circle,11.703764167435283,355.29939651443254,302.4351293485999,461.71555835881765,0.11898999805540943,0.7714175122956607,1,981.9346643594653,0.05964462603165305,0.5014500855241336,2.0,1.3488973843436765,,0.82,,90.06904480437117,0.4
AA6061-T6,0.9975114733333673,43.913387743375274,circle,11.69855017531759,356.5309774843994,301.9289691995177,461.1084981678299,0.1208319054202178,0.7691740836188344,1,997.6804007526885,0.0,0.5031954032880059,4.0,1.3410340237488054,9.653806325470283,,0.8646168566058042,87.88568617895741,0.4
SUS 304,0.40218509508070227,8.931457294325472,circle,30.959669059879957,418.5958167816939,217.99046060840757,1275.0,0.6000578872614961,1.0,0,300.0,0.0,0.6967746307221092,3.0,2.5803506878627562,4.4564711888835395,,0.345,90.0,0.4
SUS 304,0.4432957744392451,7.072339022393811,circle,25.33437112822278,473.2003461595378,212.80667647195153,1275.0,0.44052562827058034,1.0,0,300.0,0.0,0.7991185188809691,3.0,2.4413552345012937,4.5002028312394975,,0.345,90.0,0.4
SUS 304,0.43121481678752976,14.428143870215072,circle,28.022378891645957,535.3562333961988,215.23784299422076,1275.0,0.27431416836278194,1.0,0,,,0.9999533112149672,2.0,2.208525502907001,6.37574895432193,,0.345,90.0,0.4
SUS 304,0.2890772253668788,27.725200265275994,circle,56.12549823821984,403.4899121143539,235.61308501813417,1275.0,0.7326652672866708,1.0,0,300.0,0.0,0.7058764295506706,1.0,3.096243827907491,10.053247668007417,,,90.0,0.4
SUS 304,0.2790783912090227,20.97541105849878,circle,54.73333534809417,313.47183534790247,236.21526961666214,1275.0,0.9684431611474034,1.0,1,300.0,0.0,0.4535933069257496,2.0,3.099710519345165,9.96918594380328,,,90.0,0.4
SUS 304,0.5001429912971036,4.725517308904876,circle,15.50424853799386,551.3195864529545,204.9748949643971,1275.0,0.21604094746459993,1.0,0,,,1.0075105854868784,3.0,2.2175463674532465,4.548731515680022,,0.3449999999999999,90.0,0.4
SUS 304,0.50755825234631,4.236189385311469,circle,14.91948116186722,548.2462016034676,205.43711365081217,1275.0,0.18553844627726648,1.0,0,,,0.9909670644458655,3.0,2.2276293167248475,4.646111574953981,,0.345,90.0,0.4
SUS 304,0.42660650475879486,15.528590406297042,circle,29.0003897740936,534.7362593904539,216.55894879660408,1275.0,0.28463992643030783,1.0,0,,,1.0033952900130023,2.0,2.2082611870701325,6.555972332534038,,0.345,90.0,0.4
SUS 304,0.28852707908845643,27.24589603566497,circle,55.739146214507144,397.13709828138724,236.49691992991458,1275.0,0.7260490938981429,1.0,0,300.0,0.0,0.6936078657390563,1.0,3.0931285842200853,10.015055587160933,,,90.0,0.4
SUS 304,0.383437078483069,21.865316714370458,circle,39.20226154920535,516.4621116657922,223.0680095844307,1275.0,0.3365823817416117,1.0,0,,,0.9909240843094654,2.0,2.2106941724986,7.703460238059172,,0.345,90.0,0.4
SUS 304,0.39808666992441805,19.715626525041863,circle,35.25846511467339,527.8970477093634,220.75339418737852,1275.0,0.3185461063405976,1.0,0,,,1.005638815479328,2.0,2.2230423357522087,7.285088497875114,,0.345,90.0,0.4
SUS 304,0.2994587683102139,35.08052085168237,circle,56.159868113049114,504.23682716693287,236.29169040569926,1275.0,0.4481264155180938,1.0,0,,,0.9963366980281975,1.0,,10.006721693121861,,,90.0,0.4
SUS 304,0.29116828934375755,29.43311194427596,circle,56.98599184487834,440.0610281111065,235.91707309966094,1275.0,0.6528907281190154,1.0,0,300.0,0.0,0.8057101737968324,1.0,3.1020459890866894,9.999852018921727,,,90.0,0.4
SUS 304,0.38841383670993695,21.443785280422894,circle,38.621465331067505,527.2939996614168,222.64728683129803,1275.0,0.33788290210234045,1.0,0,,,1.0101143471004228,2.0,2.220997655268533,7.468954220330917,,0.345,90.0,0.4
SUS 304,0.2983361332355383,29.797590108107634,circle,56.80870900793957,442.82425930204283,235.4725530223106,1275.0,0.6201352502384064,1.0,0,300.0,0.0,0.8226599314991428,1.0,3.115243965528395,10.067563404467332,,,90.0,0.4
SUS 304,0.3004553886324637,34.70275641400628,circle,57.489181397999175,504.12401277341513,235.67950595255076,1275.0,0.45486473775801656,1.0,0,,,1.0087623285338405,1.0,,9.978022757821194,,,89.99999999999999,0.4
Sheet Steel,0.7548629889253811,34.53600473933556,circle,33.34999024865651,426.4986913059884,229.11812087491026,447.82362587128785,1.0,1.4405550254714428,1,427.656191629746,,0.5,2.0,1.4669581207556561,25.55949954597229,,0.5271253189007048,86.01306682943515,0.35000000000000003
Sheet Steel,0.9968401547761117,63.917059318927144,circle,30.712290782779885,323.2950694532684,198.2452980217264,521.0879649445035,0.16133309341929788,1.183930788961102,1,1000.269965159235,,0.5,4.0,1.415510032894242,39.99753832994021,0.967,0.697273198933963,87.79875708061616,0.3764705882352941
Sheet Steel,0.7250123495938291,42.570936175078174,circle,33.76052682407342,459.91055531403157,212.94845656967442,482.90608307973315,1.0,1.4789951624375635,1,324.9608516760908,,0.5,2.0,1.4415614828703904,16.354934705492514,0.967,0.3815684275973632,90.0540553917834,0.3764705882352941
Sheet Steel,0.8398679329900748,53.158426627028625,circle,32.51854616530779,354.34145978043813,259.15705424152225,372.05853276946004,0.948247975577845,1.3558874763081337,1,592.4090516829895,,0.5,3.0,1.4252639362455104,16.49397082112752,0.967,0.5879075331855327,89.98508951781837,0.35294117647058826
Sheet Steel,0.9968810972330087,53.373240896875835,circle,30.80115815967601,327.7929192901628,202.04114265450147,514.008216974969,0.1597159330568292,1.1796733195782503,1,1020.4260031115793,,0.5,4.0,1.4433057076212819,40.19313691337732,0.967,0.6942860926106146,84.233940600712,0.3764705882352941
Sheet Steel,0.8706091288191836,36.50360326563975,circle,32.07018330495297,318.740328736805,276.7002124454967,357.1455246676203,0.7356985973379745,1.3193858119051995,1,711.2464531310751,,0.5,3.0,1.4713106667056977,32.32946472779352,,0.6049100162070055,83.02023946792744,0.375
Sheet Steel,0.8483280499724489,36.395644740957685,circle,32.36650962432787,352.14600508024137,262.13330937345825,369.75330533425347,0.8925516308784283,1.3447168028806027,1,615.3113661891647,,0.5,3.0,1.4694492722324137,31.05284192346377,,0.5904422649073727,83.87727602787328,0.35000000000000003
Sheet Steel,0.7304313457120659,44.0966269319528,circle,33.631501493258895,454.2824947885752,221.5618800238395,476.996619528004,1.0,1.4614900029601774,1,378.70314932548433,,0.5,2.0,1.4408105732936638,17.049248797253963,0.967,0.37903852798345095,90.04256066997786,0.3764705882352941
Sheet Steel,0.8917690654886976,37.53389422144124,circle,31.902084468602002,297.44913996880507,281.9631612056594,366.4303990401399,0.6470887721049091,1.2934138585388533,1,748.2688703268764,,0.5,3.0,1.471082133508981,33.77697861462239,,0.6191986966976933,82.71457024866847,0.375
Sheet Steel,0.5959258334567269,30.814203683737745,circle,34.9748668459991,578.9446848809255,165.26626549190627,607.8919191249718,1.0,1.5936593696658243,1,55.60227148473406,,,1.0,1.4599077450577362,16.21590161745149,,0.3781337522798889,90.02827613566484,0.3466666666666667
Sheet Steel,0.8931453628625367,37.467481538768524,circle,31.93289183201519,301.1601954012426,281.0025443712339,364.66127200831863,0.6707278938438108,1.2937453276302382,1,742.9151625378465,,0.5,3.0,1.4717405703989177,34.15082832980974,,0.6201523670197007,82.7131539651926,0.375
Sheet Steel,0.5982779811302857,31.434020481374933,circle,34.95268720801517,580.9384155999242,167.0475594544459,4.693447123121125,1.0,1.6034876367139441,1,60.33664227315459,,,1.0,1.4594887651385229,16.38749857551891,,0.3797424577832649,89.92813472152478,0.37333333333333335
Sheet Steel,0.6923924366415098,33.64113454035366,circle,33.97885985200167,487.9930088840942,200.62596035028272,512.3926593282989,1.0,1.5070117916829016,1,275.2228704295549,,0.5,2.0,1.4637289541450011,21.323031888493897,,0.48426468754693724,87.64308136906172,0.35000000000000003
DC01,0.9993197589258807,54.70947153444382,circle,28.0,315.2133401686113,181.52226949241185,610.2297251153014,0.2493494982702428,1.600104807728731,1,634.909960224109,598.972339082862,0.0794171700707675,1.0,1.38,31.226622852517938,,0.6755960048683805,74.97087188248263,0.3764705882352941
DC01,1.0017690343926235,54.992209241044044,circle,28.0,317.1762459899008,178.12454383230173,610.0234216635366,0.25000922518016233,1.6000380525691167,1,543.2590104398495,598.2567420565939,0.0693739299926521,1.0,1.38,31.14433531301828,,0.6777006144079815,75.11292946405419,0.3764705882352941
DC01,1.000475888311583,55.24449137061123,circle,28.0,316.08088807288004,181.27572348669773,609.9778475281983,0.2501562991283228,1.6003857971409656,1,516.3162604567736,596.3369732077465,0.06465107538766547,1.0,1.38,30.88740891872934,,0.6759100383584208,74.82405281664178,0.3764705882352941
DC01,0.9999172289363355,20.25477004057582,circle,28.0,437.433019934987,380.98619755609457,613.0170767267881,0.23701790215262827,1.576332650034465,0,,467.0565093435597,,1.0,,15.926757629401903,100.0,0.5987823408552955,89.95946105001491,0.4
DC01,0.9974188994788905,55.120555929715614,circle,28.0,314.40248130941626,177.76796799214975,609.9601609620421,0.250021852590709,1.5997753582313354,1,520.3956344477126,602.9761984564842,0.06575958733712224,1.0,1.38,30.30867994314179,,0.6738381744264101,74.82198485210732,0.3764705882352941
DC01,1.0008822184418285,45.116918478610316,circle,28.0,365.24017862975893,252.83813139888815,610.0599313643365,0.249975916964338,1.5998455151895092,1,802.3796769912417,575.491202114933,0.09993427252340999,1.0,1.38,26.475658814491194,100.0,0.6013452719590004,79.27181997640997,0.4
DC01,0.8779334772855978,20.130030606935104,circle,28.0,457.313147035548,400.1366108969232,609.9741547836721,0.25004653170116914,1.5986220197822865,0,,449.2608119585684,,1.0,,14.206627262906679,100.0,0.5416225415383676,82.83289255415124,0.4
DC01,0.7003630894778949,19.513716210455787,circle,28.0,417.8940946910437,355.36916840436686,609.9893042949939,0.24958699048424848,1.5998041527164832,0,,353.46066766069526,,1.0,,12.504382788341289,100.0,0.45426186064413615,72.01588065496574,0.4
DC01,0.9043744350701951,19.463124062085452,circle,28.0,442.4579068338548,382.88138125327544,612.866491388632,0.2369892349858646,1.5776903783312484,0,,471.6311372417637,,1.0,,14.34742318525199,100.0,0.6002610072780197,90.28720830956303,0.4
DC01,0.9999808729609371,29.696353331504625,circle,28.0,439.9985152684726,358.3069659135827,609.95861435311,0.2497723101015954,1.6000457648781061,0,397.5076706092574,548.647556273688,0.04979419148287122,1.0,,14.912729159510079,100.0,0.566253257623313,86.11668304085224,0.4
DC01,1.002848021235222,28.981044571085928,circle,28.0,441.5132444308754,364.28073364681796,610.134512553219,0.24988988121228087,1.5998440143427668,0,397.01561182971693,547.9532748404015,0.05039453105245666,1.0,,15.315579222570666,100.0,0.5682624676860587,86.204912694856,0.4
DC01,0.8809477705935198,20.307131870849993,circle,28.0,371.2274204909895,314.57551513460567,615.3516445085161,0.22581221746355504,1.5589620218810778,0,,350.2326353477251,,1.0,,15.406438063099381,100.0,0.5424134714881094,82.95857150524826,0.4
DC01,0.9952000733092635,34.511061972542656,circle,28.0,414.62552288069895,324.980804106576,610.0366771437923,0.2500116669431918,1.5985535712700536,0,400.4580798169134,552.983853884872,0.048347336858996115,1.0,,15.203839436847677,100.0,0.5459873465862193,83.92377667453769,0.4
DC01,1.0023718062652824,47.385726517945045,circle,28.0,320.8346070971615,200.1881802869319,611.9103409424661,0.24180312800664774,1.5855159727647927,1,402.7146599477779,546.9348064196486,0.04926672305227231,1.0,,17.521811994638433,,0.4977143859584605,78.39564624990179,0.4
DC01,0.8252737717893021,19.910630004107897,circle,28.0,341.00362267019113,284.98676015151403,618.9681173627566,0.21007906773170199,1.5299722122373745,0,,350.7847407868263,,1.0,,14.488037547452642,,0.6009041507986022,89.72673170819986,0.4
DC01,1.003853338894684,31.229425223102925,circle,28.0,433.07239898100596,352.2816976354376,610.0199028228022,0.2494413305565172,1.599922594749042,0,400.800490522413,554.0520770700139,0.05000759367667182,1.0,,15.26151281716013,100.0,0.5611796792756171,85.47787566509459,0.4
DC01,1.0006739611585984,37.26490976058683,circle,28.0,326.874307326793,230.17913653215783,614.6115756607705,0.22970285439322194,1.5641357017595907,0,396.1189868304957,474.79309404963504,0.04961380269968158,1.0,,17.354232145578226,,0.5337799132259523,82.59267313305186,0.4
DC01,0.8499555053652064,37.499460587452326,circle,28.0,363.7953392972484,264.0277999879647,610.0506024718023,0.2498339561576549,1.5999067951473271,1,399.1932330399717,478.7752015651567,0.04992542766783691,1.0,,12.604702126589851,100.0,0.46322081600551757,73.32664638359537,0.4
DC01,1.0010998848973607,26.856291498899544,circle,28.0,452.2779318072716,378.11140166662676,609.9604044463144,0.24974195318105663,1.6007034107851177,0,400.40489494038457,539.5290381833707,0.05035386911231114,1.0,,15.264676588542612,100.0,0.5763700688701529,86.85678840014998,0.4
DC01,0.9988071189570512,54.53400647793225,circle,28.0,315.59291327543434,180.83103866425634,610.073169840737,0.25003772085374165,1.6001242626360113,1,399.2261127998413,600.972964729402,0.0493200550438638,1.0,,,,0.6754273949068171,75.02721620681159,0.37333333333333335
DC01,1.0012911105211015,43.835046153704376,circle,28.0,323.4383079165268,210.43532658773677,612.9643970222105,0.23782859828782954,1.577653262675984,1,396.17979565032834,521.1075391873105,0.04994462033688232,1.0,,17.945245990585704,,0.5119696219019798,79.86083936733925,0.4
DC01,1.0011071851699007,41.55927347239508,circle,28.0,381.24588016001167,275.46256162765866,610.0030000682576,0.25013959599430075,1.5993810926646446,1,395.8963270869519,568.8458731798808,0.04997415490152526,1.0,,15.267065207055838,100.0,0.5203530944096265,80.83994700320335,0.4
DC01,1.0007139847979172,54.59347076064959,circle,28.0,314.0785811863417,178.14058557160027,609.9564853128037,0.24979875143007077,1.6002423480319354,1,698.0431381327955,602.3332852717054,0.08864538379857022,1.0,1.38,30.89727148743583,,0.6769426005022171,75.09884233525092,0.3764705882352941
DC01,1.002725492185357,27.760374597363555,circle,28.0,450.68427270487143,372.16166253094974,610.1029093314463,0.2500082168135095,1.5996006689796898,0,399.5309176258858,543.4063996907959,0.050289122745180645,1.0,,15.167254116335714,100.0,0.5699590929579402,86.768833240851,0.4
DC01,0.9978894461441239,55.03942945821202,circle,28.0,313.54547671625164,177.7944537014929,609.995194611393,0.2496952766248424,1.6011477888077952,1,802.6321549829115,603.5526922750197,0.09845273780096689,1.0,1.38,31.06224540213395,,,74.74997256736573,0.4
DC01,0.7023708193995437,19.89681009616948,circle,28.0,402.33083169415295,340.7645523647428,611.7991897959257,0.2417703231773702,1.586605253582778,0,,349.6135237034975,,1.0,,12.445698126016547,100.0,0.45573306716315215,75.67246184323703,0.4
DC01,0.8720516489052583,38.996339645053446,circle,28.0,329.832033212118,224.38495038969822,613.9890320980761,0.23176268007858342,1.5690101486507342,1,400.5498043893007,491.51978435367045,0.049832241064404204,1.0,,12.618460513597443,,0.46905810847518,81.59371975367551,0.4
DC01,1.000727633740288,54.61968426807771,circle,28.0,315.8872914105961,179.03538408459318,610.0719533656495,0.25065457890940823,1.6004036161400432,1,397.33365112279927,600.9867664494728,0.04982072156147396,1.0,,,,0.6769867826929311,75.10996257902143,0.37333333333333335
DC01,0.9955486429679241,39.498388324141864,circle,28.0,389.4774898837202,288.46688176539215,609.9486727726082,0.25016262385617866,1.6005487482463938,1,392.83315883673794,566.9441392110261,0.049402663635659066,1.0,,15.666781535479304,100.0,0.5273931387602753,81.48188546198175,0.4
DC01,1.0015642010248977,43.914485121515966,circle,28.0,370.94656530544404,257.88193658922074,610.0561234466064,0.24885362424979646,1.6004565304909615,1,397.23435568277586,575.7579208249299,0.049867002085203234,1.0,,15.094143652716467,100.0,0.5133833721191037,79.913539128797,0.4
DC01,0.997079323000801,34.526797796068124,circle,28.0,328.2683281041656,240.16884599182052,615.241222743458,0.22686929441256204,1.5590386736468131,0,799.3081367967524,452.81634930472626,0.1011882837824114,1.0,1.38,22.84964215625482,,0.6003685393014083,83.78375194061852,0.4
DC01,0.6977835256995835,19.533514292658154,circle,28.0,390.5254977422772,330.01602168289367,613.1191010924316,0.23681173717592158,1.5764475428748261,0,,350.71741868150934,,1.0,,12.672863629169342,100.0,0.4575132036509909,78.15090379254906,0.4
DC01,1.0024950633322467,43.19258133194457,circle,28.0,323.0228031605492,212.54323700112874,613.1167948347746,0.23663264750330865,1.5773340846740174,1,400.076661447072,514.2209685015494,0.05039453002499722,1.0,,17.624038360792966,,0.5100513911318247,79.96173767245206,0.4
DC01,0.7849165967582994,29.75428024559894,circle,28.0,386.13670813741544,308.2178095123578,609.9511217685163,0.2501570754772638,1.5994981798119337,0,799.0747744625622,422.436416775861,0.09920841677564714,1.0,1.38,17.918109888905814,100.0,0.4552265190647275,72.796661275061,0.4
DC01,0.8958893636716,42.810822519610326,circle,28.0,349.42745003720944,238.81223805459223,609.9816959252864,0.25019991191622637,1.5998982289149517,1,386.9785651140294,517.7203649728995,0.05079182385487072,1.0,,12.33810806083548,100.0,0.4649659410610043,74.0623277920097,0.4
DC01,0.7803868328074738,29.336277499678253,circle,28.0,387.88072090798795,307.195933502231,610.0520188203827,0.2498336845684368,1.6012321117472703,0,398.2633558672471,417.24051546681187,0.04978304791470801,1.0,,12.628920186739512,100.0,0.459206978184901,72.7762809645247,0.4
DC01,0.8337537838071599,18.76839045001894,circle,28.0,383.50880759128063,321.4387033390404,614.0763987694576,0.23202975109457274,1.5671404715596202,0,,350.46371552536596,,1.0,,14.868275839716045,100.0,0.523805854420602,80.10241134876628,0.4
DC01,0.7725423517895252,19.685268168994735,circle,28.0,434.9718062082515,370.7007584716077,609.9940378785165,0.25012239552947196,1.5998500980298025,0,,394.69620688494206,,1.0,,13.18565787367004,100.0,0.4907792639891981,76.3447516262507,0.4
DC01,1.0015497063596501,55.493195985875836,circle,28.0,314.0559163163412,179.20369998787987,610.1086830641949,0.25013531457388094,1.5994585832105188,1,517.3038637011583,599.520072892166,0.0650029470949449,1.0,1.38,30.933265077935395,,0.6770130149722866,74.94235763250359,0.3764705882352941
DC05,1.2,14.02344365625197,circle,41.0,300.0,160.0,500.0,0.23,1.9,1,6000.0,80.0,1.0,1.0,5.7,28.0,,0.84,90.0,0.7471027495853416
DC05,1.1999999999999997,14.016644332922523,circle,41.0,300.0,160.0,500.0,0.22999999999999998,1.9,1,6000.0,80.0,1.0,1.0,5.699999999999999,28.0,,0.8399999999999997,90.0,0.7471972103190528
DC05,1.2,14.040220181188934,circle,41.0,300.0,160.0,500.0,0.23,1.9,1,6000.0,80.0,1.0,1.0,5.7,28.0,,0.45,,0.8842311658716021
DC05,1.2,13.999783589260021,circle,41.0,300.0,160.0,500.0,0.23,1.9,1,6000.0,80.0,1.0,1.0,5.7,28.0,,0.84,90.0,0.7472933217735277
DC05,1.2000000000000002,14.015691910960514,circle,41.0,300.0,160.0,500.0,0.23,1.9,1,6000.0,80.0,1.0,1.0,5.7,28.0,,0.8400000000000001,90.0,0.7472078907972252
DC05,1.2000000000000002,14.039876056574084,circle,41.0,300.0,160.0,500.00000000000006,0.23000000000000004,1.9000000000000001,1,6000.0,80.0,1.0,1.0,5.7,28.000000000000004,,0.45,,0.8843634120268447
DC05,1.2,14.02991995731881,circle,41.0,300.0,160.0,500.0,0.23,1.9,1,6000.0,80.0,1.0,1.0,5.7,28.0,,0.84,90.0,0.7469831492920948
DC05,1.2,14.040051717623902,circle,41.0,300.0,160.0,500.0,0.22999999999999998,1.9,1,6000.0,80.0,1.0,1.0,5.7,28.0,,0.45000000000000007,,0.8842959002761425
DC05,1.2,14.040015570259778,circle,41.0,300.0,160.0,500.0,0.23,1.9,1,6000.0,80.0,1.0,1.0,5.7,28.0,,0.45,,0.8843097918110508
DC05,1.2,14.02614863200068,circle,41.0,300.0,160.0,500.0,0.23000000000000004,1.9,1,6000.0,80.0,1.0,1.0,5.7,28.0,,0.84,90.0,0.7470563037860972
DC05,1.2,14.010203504296616,circle,41.0,300.0,160.0,500.0,0.23,1.9,1,6000.0,80.0,1.0,1.0,5.7,28.0,,0.84,90.0,0.7472571982161159
DC05,1.2,14.015311600723367,circle,41.0,300.0,160.0,500.0,0.23,1.9,1,6000.0,80.0,1.0,1.0,5.7,28.0,,0.84,90.0,0.7472119802276586
DC05,1.2,14.01666885761224,circle,41.0,300.0,160.0,500.0,0.22999999999999998,1.9,1,6000.0,80.0,1.0,1.0,5.7,28.0,,0.84,90.0,0.7471969270101957
AA5052-H32,1.5073456297011238,43.90598524388681,square,14.307235079508725,263.48864480298425,195.71726110084802,421.63503764194564,0.12808648082673252,0.6734215342749748,1,1685.0259334320745,912.2275975649698,0.21794758182396576,1.0,1.5969287454462748,7.8850766767908285,0.24251979029373288,0.92947544001833,84.9900460537733,0.5
AA5052-H32,1.5032924965027832,40.769315459608876,square,14.549139768740217,264.0859742803843,195.7940301880314,324.3714851650025,0.14214600680352607,0.6253439894586535,1,1407.2161463180375,163.621611493098,0.4229108697933309,1.0,1.4218041074562542,11.116228780756636,0.24118320164285878,1.051611948183764,87.92080876021292,0.5339227659530298
AA5052-H32,1.491102980219242,42.225345007432445,circle,14.569936033822643,267.7202600492678,197.30574146728088,374.69405845242284,0.13575402403032416,0.6668562396212001,1,1452.0142707780383,789.2383027991041,0.448768234104849,1.0,1.3913381443480783,10.90876811079314,0.2735985142390693,1.1606890226680657,87.69416270318638,0.4666666666666667
AA5052-H32,0.799971276423786,10.60877445847561,circle,26.002673356013567,195.30095828458232,114.69399829592304,347.5457978974058,0.22968761891075473,0.749849460727536,1,1475.9448051541926,5965.068469035585,,1.0,3.6715074696578296,16.96371054838569,,,89.99048179059908,0.4
AA5052-H32,1.5076154050877273,39.72919775017365,circle,14.317916234415732,264.14364838795547,196.0307238716513,408.50659564257853,0.1315222424485988,0.6675339874695887,1,1885.7712959538699,538.230721879009,0.3247992602939058,2.0,2.0162960070108324,9.708796090744803,0.2676355136511608,0.8989334070583773,83.90952695994606,0.4666666666666667
AA5052-H32,1.5011137769305831,41.55756557050865,circle,14.346085208956733,263.7006004850221,196.45058167615275,328.2676521830985,0.1423716252018909,0.6263159439834026,1,996.0480711860372,0.0,0.21368447647939237,1.0,1.3747597888238123,10.989865558527045,0.21874810630729627,1.0505116082328734,88.7058420276731,0.46711527171370637
AA5052-H32,1.499109942560393,44.81180863791238,circle,14.646742918389007,269.9179826348882,197.11876408555824,392.27695600040494,0.13186491073017906,0.684348392117552,1,1207.0867095421922,1004.5898644450231,0.21361267358394845,1.0,1.3115010135920016,11.005106797780899,0.2515138035647423,1.231391911115419,89.00068089699303,0.4666666666666667
AA5052-H32,1.5074648862971112,44.89077248551054,square,14.617374799523965,270.56079847628615,197.49180766551547,390.8011732881292,0.13359740540473589,0.6834760199600612,1,1013.1540336277732,923.5222909634772,0.27130114787736215,1.0,1.2965447074287415,11.09038320920473,0.27103883313653276,1.2413382904150698,88.87273800596476,0.4666666666666667
AA5052-H32,1.4976086090623146,33.98400494772337,circle,14.364159937627234,263.36408545711157,195.83272756097136,325.4294503631187,0.14227285621973823,0.6266245546064668,1,2320.6603114540317,369.6452935102957,0.6776251415874441,2.0,1.722097501997245,12.188053452176833,0.27987621819505487,0.953749376253508,84.62951130410877,0.4790383719845674
AA5052-H32,1.2349889983465625,37.844648928006,square,18.73483019161358,238.65536293554808,165.12042569119964,332.5440374314944,0.1757011961982693,0.6728529470313092,1,773.3297350872966,49.5069660771561,0.20522997476298155,1.0,1.360963804028315,,0.21416366446172902,0.8644922872352893,89.99061092622048,0.5
AA5052-H32,1.496581905032605,34.45194559851627,square,14.242182285791037,263.7602592509466,195.62764980892044,370.590953560852,0.13735523096841742,0.6453216080619519,1,2436.732176352951,0.0,0.41284670398083345,3.0,2.002473283330165,12.120177062153031,0.21517119722036807,0.897691334715093,84.0090450564187,0.5333333333333333
AA5052-H32,1.5075135864320404,45.78965557320111,square,14.442907986213866,266.72252271657237,196.51386463921398,358.1321876315645,0.13845203839698664,0.654350039298948,1,996.5937133613373,421.8741428222777,0.2007739143694258,1.0,1.241193928152929,,0.23622029388939947,1.3036645661550639,90.03855329777907,0.4666666666666691
AA5052-H32,1.5066675785800767,34.558942053796116,circle,14.38709175777855,263.9041685807099,196.1508401233156,327.8034348570946,0.14237525089046402,0.6258181430270798,1,2991.5879716710688,311.46440414763225,0.3417851381479272,1.0,1.7141087691634935,11.800521430354687,0.19032799380720836,0.9127695518259894,84.89345728121268,0.6069526332715015
AA5052-H32,1.5051432555585749,46.40923486211953,square,14.3153327144421,264.44053024086367,196.10120854031783,406.6710386534031,0.13079677634847744,0.6671881941361272,1,999.9861101652448,481.60530151524665,0.20189248869931917,1.0,1.2669489769863094,6.3714555882762625,0.28243523840182516,,90.05292442409683,0.4666666666666667
AA5052-H32,1.499709073366697,44.84459814249555,circle,14.353529714544921,264.6608512469027,196.49665075596772,389.81538036304755,0.1340372073744206,0.6792475683769201,1,1267.9966646209991,724.5145909648504,0.27646132141765556,1.0,1.6039569163929988,7.529002053643717,0.31816237887681764,1.0134924505665575,85.02996852448483,0.4666666666666667
AA5052-H32,0.9794499941842996,31.82382816420007,circle,23.231492251645413,214.02238353754268,134.70464181604788,362.28908634499714,0.20660598461792934,0.7376717781316204,1,615.4763113331197,170.68748374761037,0.20284147901374772,1.0,1.4178559452429595,,0.26821392951566825,0.9794499941842996,90.02277311620833,0.5333333333333333
AA5052-H32,1.0020070232883957,32.72942771947034,square,22.595701250066558,214.70724727440995,137.66915706488257,383.24089153909927,0.19883837823229417,0.7362013974154056,1,624.8594410001283,282.58731163247205,0.19586493207012567,1.0,1.4543260653537953,6.204792010364446,0.26909912989091145,,90.0503848161236,0.5333333333333333
AA5052-H32,1.1894164052152922,31.128716607421527,circle,19.71184610853708,237.69666966679165,159.61506187599684,381.50185222238406,0.1744494632864161,0.7221211425137228,1,1226.358283204326,3250.788827134687,0.18898730827502697,1.0,2.1295920789844116,16.865359966028418,0.2684758075355715,1.1894164052152922,89.97982803483275,0.4666666666666667
AA5052-H32,1.499856311873334,38.44948150078843,circle,14.40255864328243,265.45426993859604,196.3534445514798,343.8787239109336,0.14003486436848736,0.6411745224093176,1,1016.5485388408586,190.85721877854505,0.23764857286186622,1.0,1.6202012366455598,10.07972853508453,0.2504565575329169,0.9439994480050563,84.95302072061362,0.5000000264871901
AA5052-H32,1.5002621363019417,41.95107461249787,square,14.31537845373574,263.32431644881524,196.39860877454177,328.9572579477939,0.14315637331471887,0.6245564745764001,1,1019.7457215829796,61.3186677300411,0.28276238485760985,1.0,1.3693075741517966,11.05375484942217,0.22990397018881056,1.0499245921919504,88.72772004749505,0.46695743452069705
AA5052-H32,1.4973480637703318,43.25997628512332,square,14.46691263068138,269.74153473274725,196.81320621812256,392.59342764989646,0.13105510429227837,0.683587284442041,1,1467.285328045742,781.6162863168925,0.2665129875635038,1.0,1.3491177972000101,12.86995576494154,0.26958398671675,1.213322980101117,88.90310669944407,0.4666666666666667
AA5052-H32,1.503129440105158,47.00967591301545,square,14.57633513228626,269.46776030464144,197.14735397617977,389.44459159567464,0.13356820643521744,0.68110068250941,1,1016.2042543915865,1003.0642843359635,0.20373678693312525,1.0,1.1787299546709638,,0.2702681770863712,1.3077389603822058,89.99980257099111,0.4666666666666667
AA5052-H32,1.503653620517956,43.976082532068546,square,14.28928107836722,263.4940684258525,196.2759918476722,426.56562219300406,0.1287961404792101,0.6743998173302249,1,993.9027760068645,265.331863822042,0.39404373107743695,1.0,1.6131584752287924,7.785379554739425,0.2271501322597607,0.9535437184774215,84.98391366446621,0.5
AA5052-H32,1.500569230235852,40.76114611125988,circle,14.289374092747783,264.2540822391702,196.15725487811176,360.3003486920372,0.1369601401315271,0.6551755425969551,1,2198.579630855379,419.66177052951775,0.5337193230894663,1.0,1.6378645302589794,9.251639295954247,0.2845401343466972,1.0107998538230598,85.00313101984013,0.5666666666666684
AA5052-H32,1.5052780699935306,36.24187479809238,circle,14.408162247687242,264.6046549180059,195.86551401107016,326.88107858601205,0.14331393664911857,0.627699956831971,1,1648.0233269524047,500.3804380801307,0.6604275898310197,1.0,1.607431456683508,10.996360418082613,0.2763336895782889,0.9851235794346925,85.05746656883439,0.6637569843414869
AA5052-H32,1.5051126712083147,44.210540760669424,circle,14.439006204401526,264.58750027924845,196.68846981790506,383.71559106814743,0.13452987846843842,0.6766940558347794,1,1326.9054865963574,666.6597729578788,0.2987954404883304,1.0,1.6253082613811456,7.946684547068729,0.31399995281378207,1.0177374571789959,84.93871657711003,0.4666666666666667
AA5052-H32,1.4963834008767518,37.48966009017032,circle,14.437636028607379,263.8239482842808,194.70612781670238,327.855776249212,0.1424710190086797,0.6253456198466926,1,981.5033966185972,456.8061351920806,0.43325936147402666,1.0,1.5167992773449652,10.950695632296794,0.2589337752259112,0.8838852468154158,86.13120127505834,0.5306109483942156
AA5052-H32,1.4967820983883633,33.48254703449668,circle,14.355502557264288,264.1934198302025,195.84708814359783,327.88403609045133,0.1420434278419864,0.6261539825458767,1,2286.2268445688314,43.989640202352746,0.4057856209712176,1.0,1.730455560928274,12.29907162757775,0.22853393378665957,0.9078388619971217,85.0288155865106,0.5534338656552807
AA5052-H32,1.5012658364848641,42.12609999145141,square,14.349435916303216,264.0190413979235,195.7066265973116,395.89485112333205,0.1322628486826523,0.6592095573823493,1,966.3986472329125,466.73968988073125,0.22456336113443875,1.0,1.599828254049888,8.875143635446912,0.2804800592143746,0.9415288316563284,85.04521274450805,0.5
AA5052-H32,1.5041585528400103,37.003421577737406,square,14.302387332332279,263.7206064430547,196.40860391634428,326.9824768566212,0.1435880572721481,0.6268516315133891,1,2345.4694134695096,299.571562202209,0.4020842983119266,1.0,1.5778361761444222,13.028945778850725,0.2689586047826732,0.890280052238657,86.57008139417539,0.48566144168633146
AA5052-H32,1.5065650145362388,36.243152016254804,circle,14.355607375357785,262.9484336970803,196.08042342132342,326.9134806417504,0.1429461144970536,0.6245675342858913,1,3001.3277709848226,116.56414155294678,0.6158634364228561,1.0,1.6272835036090305,11.012877361301312,0.23431988669140286,0.9954996201772311,85.01099823437943,0.6090742110021868
AA5052-H32,1.0260462423476753,18.353237569844865,circle,22.207260982355542,217.33223796139737,141.11811665426393,340.4296032312229,0.2008848313555308,0.7095411911212722,1,1325.6329958413096,4246.062409342575,0.49494713936555984,1.0,3.207445677086694,10.98471428831013,0.2735588271153311,0.9895168871325105,88.40517385449952,0.4666666666666667
AA5052-H32,1.495121649958132,36.35087007776565,circle,14.414663479939927,262.8220486123526,196.26615946348636,327.37265629973393,0.14362859926322305,0.6263782853930148,1,1670.2427045023032,415.1896510366294,0.5831217152288605,1.0,1.6094150997356795,11.058070720906061,0.2633078698542121,0.995287009775163,85.02716135418831,0.7143620459031359
AA5052-H32,1.5053359243294397,35.970424615964035,circle,14.185919502943085,263.1646336318114,196.22683981048607,329.2254893126573,0.1426079949552167,0.6276988924427751,1,2328.0727075377345,0.0,0.5849773572495586,1.0,1.5895138615203435,11.108159737714749,0.24414879542185217,0.9878216752019194,84.98721576254516,0.6309810335223063
AA5052-H32,1.296265221847515,33.22685673924728,circle,17.716560343461936,244.26505232436898,172.40078931298112,333.3050294913059,0.16888497306047684,0.6621701886814154,1,866.3996457882074,0.0,0.24988483142426435,1.0,1.57261104548346,10.993014680343794,0.2297357445565894,0.9481267828799255,86.43326471731187,0.5000000000000069
AA5052-H32,1.5031554440287938,43.14537741929151,square,14.367876581060452,263.91788614096737,196.2847563853647,327.4293447692527,0.14358052080946243,0.6251035642314973,1,1340.9402698563176,638.8314539570703,0.298423056241277,1.0,1.331243480318081,10.993815309094474,0.26583539982952664,1.0149213607108618,88.32240709896271,0.46681400010737223
AA5052-H32,1.495983919450415,47.163426433527135,square,14.519434439040502,265.8165984461003,196.0729553445903,354.4527083347056,0.13867944760134104,0.6496663105884151,1,990.2455530961914,964.5684399624287,0.19667572565085067,1.0,1.2051444950065329,,0.2718383937072749,1.3026834088738108,90.00253162695799,0.466666666666715
AA5052-H32,1.505603123600965,38.87740684054501,circle,14.355080175199046,263.4799792750821,196.9860733897478,363.96513564450817,0.1372272531486129,0.643261510424297,1,1739.5963537233051,286.96509994394177,0.4209159929628425,1.0,1.63283581316839,9.890880488031486,0.27850636927470285,1.0115033936128348,85.06260959004634,0.5333333333333334
AA5052-H32,0.800587649818289,18.24537991854995,circle,25.97588794244674,195.46622352526515,115.99560881273187,347.3934628037552,0.2304245918361149,0.7491058915986171,1,1074.657435746786,3482.0084652615596,,1.0,2.5047564543526124,17.051776583101354,,,90.03942615493999,0.4
AA5052-H32,1.5044510745655457,41.61348284594803,square,14.353554562277907,263.8391726661609,196.56099995821765,328.26229402003315,0.14306614288448555,0.627361584428185,1,968.6879825701868,304.874611248141,0.3541996726779159,1.0,1.424140835528069,11.023330369553056,0.22548068932050078,0.9575948466867108,88.55404932804073,0.5004920179562118
AA5052-H32,1.5052511276003937,40.26640161865833,circle,14.4627230536973,263.80983267079483,196.6283316071803,378.1198016850309,0.13513853370781223,0.6522914639762128,1,1015.5403967652243,2.4022060671642085,0.23443835637756816,1.0,1.643508674644384,9.266675794822014,0.2242785530846697,0.9368264965040779,85.01779828870643,0.5
AA5052-H32,1.5003268512367265,44.50337689757828,square,14.51866366778181,264.058228322981,194.9077943746861,328.4444734888178,0.14345698248495015,0.6254066912792784,1,986.8203277576387,0.0,0.2005192061903099,1.0,1.3288714546840321,,0.21461751243957125,,90.05075520654628,0.4666846172069678
AA5052-H32,1.498363072391242,32.72549548723492,circle,14.252636486008335,262.6859704235634,196.12254705478625,329.26421714826625,0.14298412915149755,0.6260236090956187,1,2431.9684796055903,18.881282509274268,0.4997573038334131,2.0,1.8092411036382494,12.566875797050951,0.26145011717553873,0.9809357596027877,84.55486156365882,0.5052270694974663
AA5052-H32,1.494841782921728,43.421461979078515,square,14.429949778899827,263.7185016306077,196.79412463832395,412.9916162226066,0.13046261454486657,0.6688570113459388,1,1413.6328757232206,863.7524126002123,0.4167379487875389,1.0,1.5915723196451617,8.127173162256433,0.27299044497651687,0.9787674051800538,84.97096432121866,0.4666666666666667
AA5052-H32,1.230477078711475,26.504313050597148,circle,19.152792266730252,236.22550735111767,164.47055106412273,337.4899162330875,0.17833267803301533,0.6752793667594537,1,1203.7890078232651,2374.9406125996634,0.25476372294379346,1.0,2.3039148681496866,13.312216926956863,0.23369518762404576,0.9492727149990227,87.01036794604282,0.5666666666666667
AA5052-H32,1.5043448050254535,41.822123213682765,square,14.346244536433057,263.9101738780743,195.9155881131898,399.396773434,0.13112313606377599,0.6640150284107736,1,999.2005212980081,529.8263061235402,0.22670385483380068,1.0,1.6244338996075083,8.59410698753301,0.28468362698060773,0.9351847272843288,85.03526811042953,0.5
AA5052-H32,1.070512176400321,19.789329134473252,circle,21.437628756323942,222.03735366140748,145.9949115736484,341.94880399934453,0.1951259572050531,0.6993606949519067,1,2081.947174485431,3877.851122755747,0.24745900219278574,1.0,3.0652949575519344,11.138381533847243,0.1904367963706697,0.9277977231876666,88.05410716542106,0.6000000000000001
AA5052-H32,1.4953393186833965,43.08613225731826,square,14.321815009884997,263.5097503797991,196.5545006736369,328.17441471195315,0.14340780712521195,0.6256698191152947,1,1004.6315923566149,640.0878393538446,0.22056638940214485,1.0,1.3353791254750698,10.997434360760215,0.25447168171561235,0.9440903413777039,88.13111732315325,0.5001602510793567
AA5052-H32,1.4968442761582335,47.94030974039774,square,14.342978598627528,264.40934777688545,196.47994735745618,429.48938928797673,0.12663156872927167,0.6997505571180649,1,987.8038001273108,1010.9322853223329,0.19945045318240676,1.0,,6.26846860202506,0.3183877298640783,,,0.4666666666666667
AA5052-H32,1.5036037858471094,41.20994015255201,square,14.633660355431163,268.9208440911074,196.90373642986273,377.54641020603253,0.13560840018150183,0.6704716965089035,1,1826.6569080050858,589.9188065399974,0.32042482372342984,1.0,1.4158398270460242,12.927165938820899,0.26743398716353234,1.1379249898043098,87.8940627973503,0.4666666666666667
AA5052-H32,1.0867263907974458,31.242340316153868,circle,21.120742482654933,223.8965148656056,148.20842349632218,339.35851921807324,0.19414729692504487,0.6981773596156707,1,1156.0149265529215,229.88746276052376,0.7576752690207511,1.0,1.5297983696786752,11.016625598681525,0.28013555815602,0.9869618949671837,88.00808982929259,0.6000000000000001
AA5052-H32,1.5000198823460558,36.15937880171439,circle,14.500285615218766,264.01739945122904,195.6948801972461,328.1143754513515,0.14310656824966791,0.6260938247021678,1,2587.036844894554,716.3840142557374,0.2524159832046415,1.0,1.612031716433524,10.98279261460668,0.18954389701813126,0.9365206886076037,84.97423075700416,0.7827138755267926
AA5052-H32,1.4936355975337705,47.02293393402863,square,14.482064414659728,264.21576166478957,196.27680762842343,423.51806292613554,0.12607658072202815,0.6750237044240439,1,1011.9360053349685,680.9984194062357,0.1985375586765603,1.0,1.2731288297492334,6.359503423430708,0.2513481568670056,1.0455440929964972,90.07198901300968,0.4666666666666667
AA5052-H32,1.0041736906541385,32.817404424781095,square,22.78387449477533,216.69677602377405,138.01642664580555,365.7656277129427,0.2011250297365778,0.7350721418252638,1,649.2317288778651,404.23614232678506,0.1998965187160824,1.0,1.3859640882223383,,0.2683777974377544,1.0041736906541385,90.01081998785037,0.5333333333333333
AA5052-H32,1.501354912312488,48.27577765197133,square,14.381017116591327,264.15549897206915,196.3821572346059,471.9480169907969,0.12008646427900486,0.7001292085756041,1,980.7261770163955,580.5864943238437,0.20330318186159446,1.0,,6.144991297704183,0.2452104262036471,,,0.4666666666666667
AA5052-H32,1.4981659028677565,46.2339347143245,square,14.556959464568378,269.4833531627788,197.4238750527346,390.2245926320367,0.13384853424336274,0.6809933690465383,1,1008.8785914570685,747.1560836953182,0.2108744845314276,1.0,1.251658616118797,,0.2549231597127806,1.3090218134419422,89.97516698901723,0.4666666666666667
AA5052-H32,1.4914731172179272,46.494727079567284,square,14.312708933024409,263.2568086563921,195.833733315429,421.10135407292984,0.126641986520714,0.671924247104148,1,996.986950573947,662.929670459873,0.20831183763233715,1.0,1.27305367523262,6.340774779798054,0.29497949642134347,1.0440311657895225,89.98988696334759,0.4666666666666667
AA5052-H32,1.4889425832743333,47.648882541506815,square,14.30443164931662,264.4637496844589,195.43733114199907,442.81288279907795,0.12364275316302939,0.6852698174642803,1,987.9409856274627,0.0,0.19766185722656693,1.0,1.3592176154274749,6.127366332905092,0.2150130990839161,,89.99021940897524,0.4666666666666667
AA5052-H32,1.4975837540501382,41.10176047855674,circle,14.160265611880984,264.61423931748834,197.12783804951096,328.8226732185016,0.14245215205780348,0.6266436190126715,1,1321.1032524179907,36.49231296104027,0.30726186567191505,1.0,1.4379218975811165,11.039871660517695,0.23117610771897443,1.0133313006186393,88.2373538350944,0.46739693404458427
AA5052-H32,1.506723061973572,41.00786678265554,circle,14.363617468206645,265.15733114851344,196.1478944122129,373.7710682039428,0.1345586341980069,0.6670865176614625,1,1437.2587717842732,477.48073823881396,0.2212963160951932,1.0,1.4207508715265202,10.997004345249861,0.20415153093846708,0.9426824267805396,87.79185622929718,0.5666666666666667
AA5052-H32,1.4991151852279152,33.86238025163627,circle,14.258410326703476,263.66584717962775,197.28744580930487,328.7555603457893,0.1414332756835384,0.6234254419067831,1,2081.910220637737,272.7269737749508,0.4974086310744983,1.0,1.704298960939002,12.10450825372474,0.2696879358969593,0.9358813592691526,84.99098434148067,0.48659519602848383
AA5052-H32,1.5006866971918167,34.96768306540261,square,14.413522909131714,264.34231041925034,195.6179962338532,328.26722099803436,0.14314315840742495,0.6251740717701108,1,2226.966724301582,2.8022576502326992,0.3775085114373275,3.0,1.7021863675959246,14.567701682022811,0.2149289782977165,1.0482972942590851,86.3052515227673,0.5041591735465945
AA5052-H32,1.500661795243758,38.25711673078455,square,14.362980991453993,263.31940019764335,195.63324849790175,328.4855205659403,0.14250146406991407,0.6255677954579808,1,1008.8494794751632,0.0,0.24021200083417,1.0,1.5560957635239456,11.007807049877586,0.22474342983672863,0.9433099366043408,86.34353529989227,0.522501578363794
AA5052-H32,1.219878016636181,32.50555708865384,circle,19.013590491086653,236.72586949087332,164.4582704387916,334.13972750622327,0.17676052708461712,0.6762934635515875,1,824.4980256077564,0.0,0.24786916758353691,1.0,1.547795546315147,10.93637234413117,0.2309847120546817,0.9447725372685167,86.8331570747783,0.5
AA5052-H32,0.9476491265230637,14.254819090917366,circle,23.6116681905807,209.64705536560353,131.0014157017294,345.5500045596873,0.21425072610176316,0.7246799278454317,1,1834.1257699365651,4658.652339109972,0.4949182634808375,1.0,3.5551241198050008,13.010473442582576,,0.8916619331815173,88.87909506770227,0.6000000000000001
AA5052-H32,1.4956542703065066,38.239242029111075,circle,14.400949262835995,266.37663099534217,196.52221706411476,344.0972814061346,0.14065153813956485,0.6413283495055342,1,2562.5839553354967,212.72365689484974,0.6265340621024111,1.0,1.5175770318166415,10.990303923299317,0.254147729535337,1.0793237247639331,86.16403363228217,0.5666666856884434
AA5052-H32,1.4959605998266976,40.87571860791487,circle,14.306426219966566,266.93234694292886,195.94197276976212,363.8002631548951,0.13691762333387766,0.6583777118631883,1,1566.8633337633541,715.4161288845268,0.5062964303850536,1.0,1.4069512642317532,11.027472744813567,0.2727486605954432,1.1255763337147482,87.40259376844264,0.5333333333333334
AA5052-H32,1.4973580971182434,45.94835045923432,square,14.546596440664834,269.44646916273064,197.03593798406672,386.1578262201953,0.13489997737883228,0.6782730271172818,1,985.5888478664511,721.6051271168077,0.1945336177711613,1.0,1.2503201797558612,,0.2537621338928142,1.3042326775608437,90.01438032632042,0.4666666666666667
AA5052-H32,1.5008993651250064,38.42730089831286,circle,14.59989379084016,267.6407845404176,197.5607522208589,364.0887703789568,0.137585966378517,0.6568528821012389,1,2183.529815927876,439.05152446512005,0.36938673803455735,1.0,1.560267535831023,12.950384710894093,0.2695647818811285,1.0688316497872608,87.13678480152646,0.4333333333333334
AA5052-H32,1.1578444367481306,28.456872065370014,circle,20.08386979936568,230.45036907691812,155.56075346698628,337.40125127921,0.18491057441353576,0.6872707977635266,1,1249.543198007175,2957.3064528599066,0.20663774747306626,1.0,2.2639515224487994,16.879782148846257,0.21569377175377172,0.8104909873747838,89.96903681442434,0.5666666666666667
AA5052-H32,1.30101431879597,35.24638576003417,circle,17.682783548714113,243.64812314278007,171.4666307650857,391.0705637847118,0.15978573998946322,0.7142293191261596,1,1165.3915588567534,1792.0534492299369,0.20793800983552435,1.0,1.8607351856202952,16.91352357489885,0.2157637222604489,,90.04260327047686,0.5333333333333333
AA5052-H32,1.4944832939795685,42.16649919267456,square,14.358839011899406,264.0792665545123,196.17475337539324,384.38444226093776,0.13329223727545844,0.6785268369596906,1,991.9425653054094,311.49102225936963,0.3638825247751856,1.0,1.3598854800555598,11.033882672493673,0.22421455955441574,0.9447167655070342,88.3948503029708,0.5
AA5052-H32,1.3320842844667795,30.32365378621832,circle,17.07582960368043,247.64460491765695,176.17024248413645,332.86953469020324,0.1633553925575021,0.6535319597405458,1,1133.8638490142935,2177.8238236493307,0.7475733192231503,1.0,2.169864182115364,10.995114371593308,0.24947739804826818,0.9546801315470562,86.13245459956293,0.500000000000674
AA5052-H32,1.4968224896029025,46.25470996009083,square,14.328699354008021,265.4528505695948,196.94905894333803,364.8454983819545,0.1374927564073565,0.6601966369243677,1,943.5260031113929,459.4132769270433,0.19796662466447107,1.0,1.2507102705325088,6.394459454308412,0.27042236854958795,,90.01602692613187,0.4666666666666667
AA5052-H32,1.5046031352869764,39.66025573559319,square,14.240642090207094,263.8440328336434,197.39087548086667,327.6321191727777,0.14232257514173577,0.6276651807490409,1,998.8846631915848,625.7888178376337,0.4017347725697418,1.0,1.4659737495641414,10.91810730014655,0.26968132892791413,0.9940679621878312,86.756062259421,0.472363847555231
AA5052-H32,1.487737324738914,48.163983249900916,square,14.230543348789002,265.0582088412653,197.1982804635785,424.3951841615757,0.12588042161845353,0.7000185523072804,1,997.3037638599169,733.1908352648552,0.21089456536763646,1.0,,6.3167683936743355,0.3097492422413937,,,0.4666666666666667
AA5052-H32,1.4793167486051662,41.28147768834459,circle,14.459974811296656,263.7891664381728,195.80489748694947,328.3733729716079,0.14410849921629204,0.6267529840939606,1,1330.8420993664072,371.6267848411709,0.21599620848056844,1.0,1.379128226918231,10.971911111904502,0.20645232878829556,1.035096727286831,88.3584063048131,0.4673339352606243
AA5052-H32,1.5038691074706398,42.17870258580025,circle,14.491377832291892,268.0447478280738,196.97259203740646,373.2684206211345,0.13496981592194504,0.6667449063646156,1,1470.133573357888,572.2656766546962,0.3334388133174122,1.0,1.3824012105618246,10.875281083163863,0.2654523038669481,1.1721489467933361,87.81227764303677,0.4666666666666667
AA5052-H32,1.4991871432710777,43.156726456783694,square,14.388111115896036,263.47172680870756,195.89973264208663,428.5746691789938,0.12639959606646636,0.6789015186677123,1,1608.0164912153423,0.7657594033964314,0.2954447249333574,1.0,1.800762309907587,8.135892972711517,0.21456468492423952,0.8947432546893191,85.03578261727375,0.5
DDQ Steel,1.0027263627744847,42.56821889064934,circle,30.79947309654358,327.29154917312826,205.79222917279046,518.9876442065902,0.17585406183850671,1.18,1,1000.0,67.66518170612798,0.4996543077594321,4.0,1.6321610466874703,42.68826622470123,1.05225251738908,0.6964691908227602,82.86246449586478,0.5
DDQ Steel,0.6322052846675746,39.71924320127049,circle,44.58445313911934,323.3795061719426,221.60557105490105,519.5148304535436,0.18861492510759784,1.18,0,,252.42276267063616,0.7558202307911855,4.0,,10.345953053358343,,0.34070206687503607,80.02184424382051,0.5
DDQ Steel,0.9925987961720049,40.33513170876757,circle,22.112722114568616,323.976881671919,197.8561954352784,519.4426459572182,0.18668571966245553,1.18,1,,249.51902648473794,0.7236294164447908,4.0,,10.24301276889766,,0.6844022697518216,80.06621374818114,0.5
DDQ Steel,0.9955936287230713,63.97339927328526,circle,30.766999617716614,327.1135522328269,206.40835610938396,519.0047651811554,0.17617643365332114,1.18,1,1000.0,159.70295226588047,0.5018585457028862,4.0,1.612619005376225,28.6686217892634,0.7642083998565677,0.5800896659372519,89.77909452452823,0.5
DDQ Steel,1.001317363578127,45.05370217876388,circle,30.622867599542747,327.2341330356237,205.82198804374323,519.0084748796646,0.17600202968121853,1.1800000000000002,1,1000.0,61.22657859824362,0.49555142279247055,4.0,1.5359591956899505,38.37810467298578,0.949630275711902,0.6950210199839296,82.55995327756851,0.5
DDQ Steel,0.4868914517056441,38.05782533835527,circle,50.42153009096906,321.8969410617219,228.37322155952043,519.7578552874885,0.1940271898816373,1.18,0,,251.54844710797795,0.8811862182425504,4.0,1.4639390551010174,18.87572627527636,0.6537591976981738,0.3402173004571721,70.016222440781,0.5
DDQ Steel,1.0008826502591226,59.311956951952446,circle,30.706357586333556,327.2087805396696,205.7271903150807,519.0020383797774,0.17598242203975065,1.18,1,1000.0,135.06646873340324,0.49886751549644565,4.0,1.7549037750634653,36.04675298475978,0.9639564945913619,0.5023870753598491,89.91571143475626,0.5
DDQ Steel,1.0076631438407861,52.114542650329426,circle,30.68896628687919,327.21557394198334,206.06167242774058,518.9970599302378,0.1760273089622162,1.18,1,,250.37606656065302,0.5052193019639188,4.0,1.7311381110969524,34.47258304961707,0.6575543619138264,0.7025721952863373,84.90044349752328,0.5
DDQ Steel,0.995957984230405,56.670920325377786,circle,30.36560518593561,327.2240742116409,206.01691147761844,518.9932623571374,0.17633324536814854,1.18,1,,252.11691789850062,0.4981316213209481,4.0,1.8766908646845748,40.22897546147176,0.6483488416560792,0.6971696400652312,89.90546829943648,0.5
DDQ Steel,1.0050865606034964,61.4991258132553,circle,31.375809686302286,327.2149710325633,205.6394749685591,519.0097317268151,0.1759034279895605,1.18,1,,251.49996425727232,0.5036548032213912,4.0,1.482950604643027,29.10136638165593,0.6547663815665212,0.5953177080613788,83.36322573130933,0.5
DDQ Steel,0.9976986728458138,60.166408531276005,circle,30.698495683348444,327.23692201086334,205.80104759116628,518.9881193062156,0.17611947071733375,1.18,1,,248.76859568533186,0.49499001667331105,4.0,1.7806604185587602,36.23626731776342,0.6483239398687461,0.5484589277649973,90.0846096745468,0.5
DDQ Steel,0.49179294743605,36.60609468279815,circle,49.92293485399095,321.7554244446142,227.62815080909462,519.7301982606168,0.19359611402972862,1.18,0,1000.0,0.0,0.8632359143482582,4.0,1.4651361908027976,18.19077510125453,1.051021007393518,0.33908772204939525,80.06024297174001,0.5000000000000638
DDQ Steel,0.6422593022360291,52.012550176290276,circle,44.23633458311178,323.408292481829,221.58691535082446,519.5126310950625,0.18828807108516088,1.18,0,,246.61010548395132,0.7635550185518792,4.0,1.5196698360284455,15.398156141399362,,0.6422593022360291,90.05889952172348,0.5
DDQ Steel,1.0049500867850625,63.67398716234041,circle,30.675658242388923,327.00764830267104,206.18457715364906,518.9998304847877,0.175963814874691,1.18,1,,247.85681087087679,0.500905317245608,4.0,1.683181591908191,31.374884181395192,0.6515154457721253,0.6083850193396695,90.04693240581264,0.5
DDQ Steel,1.0042925227291637,45.713801757053474,circle,24.705045760406794,324.6796913049593,200.32670287019877,519.3281070557939,0.1838678643713396,1.18,1,,248.6121412354033,0.6664982369208248,4.0,2.053672227693945,36.90581049964649,0.6584875573518645,0.7030044667618407,89.9471430646143,0.5
DDQ Steel,1.0040135317474201,49.89762466255493,circle,30.64055613383919,327.12023638652835,206.15531400844222,519.0173620572897,0.1757933413063673,1.18,1,,252.34265904968527,0.49406461306831667,4.0,2.063247997963044,49.788317319570154,0.6461434551878739,0.7028093683495981,89.96884904136941,0.5
DDQ Steel,0.9944478408347861,35.08678707886181,circle,11.81220888094544,320.01121759765647,188.42516715956094,520.0080215276641,0.19978214262503163,1.1799999999999997,0,,,1.0051289210793983,,,10.26045267831436,,,,0.5000000000008396
DDQ Steel,0.6615754537018262,40.2754120697267,circle,43.2814558824467,323.68309380241055,220.41387937495986,519.4896973569319,0.18758568945987764,1.18,1,,248.78033881710698,0.7371576268322351,4.0,,9.561744539496985,,0.3343189025882713,79.90013898246261,0.5
DDQ Steel,0.6362049321803275,46.93373925377085,circle,44.65433912857663,323.3145778699323,221.5594956062451,519.5346625181945,0.1885974490356053,1.18,0,,254.97626634279982,0.7582160849359895,4.0,1.7234236224955521,21.314222470074935,0.6504671204717277,0.5374998500352681,89.7861496105625,0.5
DDQ Steel,0.9928556701713115,49.98411550181258,circle,31.20719186134423,327.2536101644222,205.95804461963942,518.9952950552663,0.17620811151245136,1.18,1,,248.35369382872594,0.5036388466166264,4.0,1.5227631455751214,22.03566776312794,,0.6886144841989326,82.2278440132705,0.5
DDQ Steel,1.0044430774074058,37.79160207708591,circle,20.595990024683733,323.5461831549705,196.52608053631593,519.5030223712977,0.18826330706204955,1.18,0,1000.0,0.9239816870251011,0.7554294661107521,4.0,1.4752055482975401,25.03814438032535,1.0497193022540197,0.6925593819435042,80.0616874736531,0.5000002024719601
DDQ Steel,0.6639548135261583,35.835275493555955,circle,33.06715288120559,319.93730697472864,210.23112611961096,519.9863456843498,0.20006595555060297,1.18,0,,,0.9998120927901477,,,10.28693533556429,,,,0.5000525229207861
DDQ Steel,1.006226118799283,54.74762912793213,circle,30.717785774403424,327.18248829684524,205.9328620899122,519.001321998492,0.175511292295838,1.18,1,,248.06602598907526,0.5064058337204896,4.0,1.6366630650821208,37.53966040160142,0.6499264204587313,0.6991892892813619,83.05439987386109,0.5
DDQ Steel,0.8449333022335073,61.579441419179815,circle,36.477895587518454,325.54201375693526,212.21480819310685,519.2451201157212,0.18140328426821437,1.18,1,1000.0,0.5758200996623986,0.6127581486600703,4.0,1.3983504596307454,17.895688522488935,0.9680534661903724,0.6490712554592707,89.90087076892866,0.5000705463164069
DDQ Steel,0.9984186760845167,55.4297687134535,circle,30.46245730747076,327.1081018145687,205.9602159513748,519.0025223599267,0.17599372038467434,1.18,1,,251.18037649972615,0.4945119671546357,4.0,1.8741553919380731,40.70500058121569,0.6422354545578837,0.6988926677742633,89.93828089420288,0.5
DDQ Steel,0.4965286032179569,37.72003280980309,circle,49.49897515115856,321.96367516881367,227.32248162323685,519.7169450242723,0.19368225313034587,1.18,0,,249.13689268694685,0.8585425038181087,4.0,,9.989997235942047,,0.33716473891272597,80.0212987981285,0.5
DDQ Steel,0.99908060276744,40.351169446839535,circle,21.09548938767095,323.59991301158146,197.29969241466452,519.5063912817329,0.1880125989604179,1.1800000000000002,0,,247.26866364453895,0.7613790561511729,4.0,,10.124715764524352,,0.6886557094080158,79.96424594627443,0.5
DDQ Steel,0.681256386038767,43.42566131826605,circle,42.62852076703033,323.832650492889,219.63195564349917,519.4665588558865,0.18693104113477627,1.18,1,,253.53004451480626,0.7340838227190797,4.0,2.0675451591860234,31.962071934488936,0.6458639052830099,0.37917810593949197,90.02217079443136,0.5
DDQ Steel,0.9981289409845424,41.47619847356332,circle,30.852436788104157,327.21053280183753,205.9798503570922,519.009559228545,0.1756414994575427,1.18,1,1000.0,67.867887565255,0.498105697988792,4.0,1.476947208439422,40.20665934196975,1.048671944607241,0.687945734323228,79.93886419326267,0.5
DDQ Steel,1.0053308245900028,65.08983964113887,circle,30.86730388682739,327.2534131317322,205.45164002656432,518.9919375485701,0.17597561818015253,1.18,1,,248.69141431328052,0.5024313172086069,4.0,1.6413448640935382,29.113077653571967,,0.6427758134198184,89.88717359275647,0.5
DDQ Steel,0.774541178542494,35.41343198306387,circle,26.699704913728205,319.93155334312655,203.77324155314562,519.988730111354,0.2001007895946608,1.18,0,,,1.0056257543791893,,,10.140118611438236,,,,0.5000582416127439
DDQ Steel,1.0090007947485913,61.0835799551272,circle,31.016209034317,327.1828489285041,205.97429250780198,518.9970966061991,0.17619475895160946,1.18,1,1000.0,114.45327171241559,0.5046295250311735,4.0,1.6996777670772336,33.414559325666794,0.9685982499059418,0.5300591952539166,89.79983953118085,0.5
DDQ Steel,1.0036699771624717,56.844593225519446,circle,23.59065929486005,324.6119323170421,199.3061120848872,519.3783266121744,0.18522595997850122,1.18,1,1000.0,2.6198228408480313,0.6904730892461314,4.0,1.3916171808622664,16.09886668284939,0.9671334135427153,0.6482294469198375,90.21449988293746,0.5000111207279639
DDQ Steel,0.9984181673203758,57.240034157029136,circle,30.860305071933276,327.1794623655686,206.0474513235422,519.0141708322409,0.1759942882084198,1.18,1,,251.23268844866865,0.501039620079286,4.0,1.7279641523439975,33.77377989673056,0.652398400763868,0.5004846296759201,87.90410197309795,0.5
DDQ Steel,0.6216397523111535,35.48119773940609,circle,36.41174724236884,319.9998119787702,214.16207017312064,519.9982955635248,0.20002978453926917,1.18,0,,,0.9914395615097368,,,9.818103084090517,,,,0.5000016001915698
DDQ Steel,1.0042427418493807,67.17995271708506,circle,30.746222680873615,327.1364445143071,206.22442312968454,519.00440066543,0.17594166710389827,1.18,1,,250.97677097072884,0.5010988389000308,4.0,1.5728839601436189,25.670243867157698,0.6467685079729578,0.6661737813854235,90.04290958237635,0.5
DDQ Steel,1.0038212833304632,52.89441284017655,circle,25.202201011331315,325.10952455321797,200.96424332843162,519.3046667323125,0.18277592087507338,1.18,1,,246.95486388205663,0.6488694199019258,4.0,1.7185222568282497,27.182993321318424,0.6509343429354878,0.5463726334360219,90.20727445230675,0.5
DDQ Steel,0.999558953851108,47.421698969819325,circle,30.96955675410876,327.21005199441197,206.21704156769303,519.0049122892465,0.1758896451342401,1.18,1,1000.0,62.79060771115076,0.5010368849808291,4.0,1.4862094404644832,35.55183292846271,1.050102399983816,0.6939814715058958,82.67528913682858,0.5
DDQ Steel,0.68164258821738,53.91991856912834,circle,42.80474874253986,323.8738410386955,219.44424230885545,519.4652688505607,0.18702971329744053,1.18,1,,249.19407528489052,0.7286741320964147,4.0,1.516047850107176,16.73773049338053,0.657300963009365,0.68164258821738,89.82164781057162,0.5
DDQ Steel,0.9993076714425688,58.40462574247822,circle,31.02943992193883,327.1898761231619,205.86657760338505,519.0059828509202,0.1758598513789735,1.18,1,1000.0,142.8748876200261,0.4906548311962802,4.0,1.7823487431529124,37.29791131964934,0.9654806927489626,0.6995102591407781,89.78097855519502,0.5
DDQ Steel,0.4603336046448488,35.31499145801201,circle,47.23091384576116,320.0667079434952,225.64358928252662,519.9880346034175,0.2001792704847892,1.18,0,,,0.998865527450396,,,10.424740240447298,,,,0.5000000000010231
DDQ Steel,0.834740812773418,42.44591636880568,circle,36.89340304003126,325.36677469118627,213.59230451584733,519.2537749176686,0.18185911803220053,1.18,1,,249.41470737672586,0.6170301297007296,4.0,,9.967867185434491,,0.5754002337468517,79.97674883581685,0.5
DDQ Steel,0.6511349572652984,52.847018100666915,circle,44.33398217660759,323.442109005658,221.4283298126631,519.517784116465,0.1883298383502486,1.18,0,1000.0,0.0,0.7526969725210713,4.0,1.4004644293034212,14.926540627769896,0.9570941675669675,0.6511349572652984,89.94558047897762,0.5000000003216313
DDQ Steel,0.9998760212918223,53.70861527297063,circle,30.677132351855533,327.18356997296445,205.8421860713229,518.998328489553,0.17567925864749348,1.18,1,,246.6201376386039,0.5138789340258257,4.0,1.479747258001563,36.82848671670753,0.6481460590696199,0.6813649683691138,76.78002138269193,0.5
DDQ Steel,0.5183472412432109,39.84684591422639,circle,48.647042174712496,322.38246513842324,226.36345951594043,519.69299884446,0.19269073397660488,1.18,0,,247.5557295386133,0.8398155376321282,4.0,2.05980537499125,22.90618031442898,,0.38474056411996005,89.99261783362782,0.5
DDQ Steel,1.0034836016304622,40.99904812983505,circle,16.303749542906477,321.72380253430595,192.05425698647596,519.783343382612,0.19454690320765955,1.18,0,,251.90987285787514,0.8847988349980778,4.0,1.7319256173574937,15.569139120970036,0.6537303288726264,0.5431841659039679,89.77805574023144,0.5
DDQ Steel,0.7650935987227884,45.32598899825527,circle,39.603761598271014,324.72455874539196,215.68016982763714,519.3434558021274,0.18413422937670776,1.18,1,,251.46031584912805,0.6686797612459816,4.0,2.064608795650904,36.902997440730644,0.6493080931692571,0.5355623668255771,90.19658209457603,0.5
DDQ Steel,0.6393310642834712,42.93098444118226,circle,44.292229406037386,323.58511160343863,220.93607633042095,519.5083538325911,0.1881032143758201,1.18,0,,250.51447457412917,0.7541049353049583,4.0,2.0576625827219064,29.843073208149953,,0.3829121939696273,90.00089801964386,0.5
DDQ Steel,1.0090505378922265,63.400136418017375,circle,31.10321453985568,327.2209667126752,205.85799908635587,518.9990127624507,0.17617116162671956,1.18,1,,250.04158295314073,0.5017689938224367,4.0,1.6981635866561577,30.689077138241867,,0.6096819185787532,89.99613581054119,0.5
DDQ Steel,0.9950456330435972,48.225676265273016,circle,30.891679477164978,327.1028962636044,205.7986976172721,518.9982535387519,0.17597714609470075,1.18,1,,247.0103381250189,0.5009840232207198,4.0,1.5143855298716833,42.13400235618321,0.6465396792784069,0.6718429737254605,74.69935184817331,0.5
DDQ Steel,0.9989468277777616,63.05241491479913,circle,30.856839340583992,327.1965535975565,205.81954396321154,518.9885507119086,0.17586314451699928,1.18,1,1000.0,165.93245499991949,0.4967216612730843,4.0,1.621758408732337,29.506941681535704,0.7476608203348196,0.5712220465859467,89.87818698878637,0.5
DDQ Steel,1.000086890481184,46.913112495454385,circle,30.855099672780558,327.2087728830319,205.86533422955674,519.0055520299117,0.17564731192636657,1.18,1,,248.67093466238404,0.49513942937963484,4.0,1.6894295631815326,46.883264836832474,0.6495769599073047,0.6831053364581735,77.36412428184985,0.5
DDQ Steel,1.0006967556747324,58.23441507272025,circle,24.516835488310207,324.770849172774,200.42083296452694,519.3306696910058,0.18420417473922124,1.18,1,,251.71643074950651,0.6535640594904559,4.0,1.5078726894146892,18.2653102215235,0.64831520481216,0.7150025995821682,90.00041598132209,0.5
DDQ Steel,1.000567593196714,51.14101308005503,circle,23.94623124128047,324.5912482552104,199.6651982002786,519.3553980056088,0.18456352223393788,1.18,1,,251.1412340615926,0.6818873358103982,4.0,1.7341776888283424,25.166305695500597,0.6505001207245503,0.5381999182205717,89.9915341270514,0.5
DDQ Steel,0.9903850934510293,61.55691707914434,circle,31.36071659422854,327.1084931596935,206.20466538995686,519.0206618242897,0.17584204934751488,1.18,1,,248.87744553347517,0.49773461476503233,4.0,1.74087602259548,33.346562994841875,,0.580480545548849,90.1255114173622,0.5
DDQ Steel,0.9875392139491184,42.22981422918329,circle,30.808774918562055,327.1879927685295,206.02716890700614,519.0051306525222,0.17603021255366366,1.18,1,1000.0,62.546046932976815,0.5008886728916228,4.0,1.6208575873493232,42.495547813706594,1.0475545171484095,0.6851672902754605,82.37643478071473,0.5
DDQ Steel,0.9879266855959713,48.018422571473465,circle,30.638916349342008,327.2349968209809,205.94395664683074,519.0049154695104,0.17607600756870898,1.18,1,,248.8533846361316,0.4976430056012132,4.0,1.5185195487722296,42.12580109068982,0.6480713920169128,0.6654266357523044,74.20184181364989,0.5
DDQ Steel,0.9981568775850835,53.66783814198542,circle,30.623827755553233,327.25182268149416,206.1769164697441,519.0071270211131,0.17578362668437583,1.18,1,,253.46961886142427,0.5031849332584085,4.0,1.9436227253764895,44.45453376907753,0.6475551910707471,0.698708708431135,89.89806039225684,0.5
DDQ Steel,1.005534665921727,53.191254366698224,circle,30.552353434994796,327.20025970939025,206.29244935770865,518.982001269151,0.17592357559552266,1.1799999999999997,1,,251.36612238783192,0.5016049673984216,4.0,1.9699575878325555,46.284294981148236,0.6470373309402516,0.703865854734613,90.28010762780445,0.5
2205 Dual Phase Steel,1.4188633110700895,24.301084181906067,circle,24.47308676344258,583.3503349084141,293.4132595244295,914.2652044486451,0.15563190244552505,0.9000000000000001,1,1100.0,145.67069945184642,0.5,1.0,1.67,13.75,,0.7897457319522003,90.0,0.4
2205 Dual Phase Steel,1.5728050558218873,25.647663416520565,circle,19.475064769065334,569.6631836067764,275.74556549939075,973.7652456886608,0.15997815743191166,0.9000000000000001,1,1100.0,128.96852438302622,0.5,1.0,1.67,13.75,1.33,1.100963539075321,90.0,0.4
2205 Dual Phase Steel,2.0012613084044606,30.238283237448698,circle,24.946573624402948,520.557290964986,216.6165778541695,798.8925658239648,0.14987594196234058,0.8999999999999999,1,,74.10554682784075,0.5,1.0,1.67,13.75,,1.3467404714193056,90.0,0.4
2205 Dual Phase Steel,2.009000559177302,30.141365911229755,circle,18.547449350995326,522.8702820686331,218.77242251226056,914.625194461762,0.15691548842164835,0.9,1,,74.15005732918416,0.5,1.0,1.67,13.75,1.33,1.3411340241790743,90.0,0.4
2205 Dual Phase Steel,1.9953272001494062,29.88144663116887,circle,25.01084042872288,522.21652150421,221.5120008471639,803.0487151061379,0.14977270294816514,0.9000000000000001,1,,74.6576097736852,0.5,1.0,1.67,13.75,,1.3095275016554906,90.0,0.4
2205 Dual Phase Steel,1.6221423727879591,26.386993341298375,circle,24.50274296015706,561.6085818397444,268.3894355351074,875.468860740281,0.15373553343665478,0.9000000000000001,1,1100.0,121.56841789627431,0.5,1.0,1.67,13.75,,0.971483802646023,90.0,0.4
2205 Dual Phase Steel,1.9882551605458816,30.05387446300844,circle,20.59943688433257,520.0571961493953,220.66465899810473,875.0097689016897,0.15478163313749202,0.9000000000000001,1,,75.47316464577138,0.5,1.0,1.67,13.75,1.33,1.3267542159110068,90.0,0.4
2205 Dual Phase Steel,1.3595300345098942,23.63447451767147,circle,24.267879444870225,590.0112574132252,302.92447822317496,925.1486383400475,0.15637565030866774,0.9000000000000001,1,1100.0,155.23954125167432,0.5,1.0,1.67,13.75,,0.7242590713198738,90.0,0.4
2205 Dual Phase Steel,1.991105785783995,29.957173210125035,circle,20.97191244051887,521.6433737057707,218.70947131759647,870.4577598251402,0.15459923494157612,0.9,1,,74.23904794992579,0.5,1.0,1.67,13.75,1.33,1.343886073195193,90.0,0.4
2205 Dual Phase Steel,1.6218023293339223,26.128848390382682,circle,24.70110718858286,563.732150390417,267.489483005951,876.4199461110425,0.1539099045497893,0.9000000000000001,1,1100.0,122.51839359963977,0.5,1.0,1.67,13.75,,0.9614210057621091,90.0,0.4
2205 Dual Phase Steel,1.539567043757982,25.426923556244983,circle,24.478903624667073,571.6341053025224,278.23711785380266,892.3044114204939,0.1546485340556404,0.9,1,1100.0,132.25043362996234,0.5,1.0,1.67,13.75,,0.8837814658028521,90.0,0.4
2205 Dual Phase Steel,2.010006366676311,30.048511242768477,circle,18.99571681206098,523.2663482231043,219.7242650311175,902.8014240224378,0.15684227011485505,0.8999999999999999,1,,75.23482153950762,0.5,1.0,1.67,13.75,1.33,1.3399820438256416,90.0,0.4
2205 Dual Phase Steel,2.007763620031709,30.13366285615014,circle,21.229562390643512,521.5408604409857,218.01939197603647,866.6450395022696,0.15407718016276076,0.9000000000000001,1,,73.84494701602499,0.5,1.0,1.67,13.75,1.33,1.3247793327273125,90.0,0.4
AA1050,0.8782180198040482,19.782647266101616,circle,33.01823627696871,127.35133229500214,61.89924094574343,140.15187176240255,0.20144284647881772,0.6000000000000001,0,377.35334370262785,184.2866089181509,1.9864577716098395,1.0,1.8953372909358281,10.116276448225708,100.16281040534908,0.42275669111382375,45.20217431850081,0.5
AA1050,1.4110388433022325,30.74507400319124,circle,40.473579948000285,80.87073435064987,42.63689402222637,159.54523316442072,0.2145683359500825,0.6,1,1680.0316725072503,13.216443911235837,0.8521916228446667,1.0,1.0,7.42002087283111,0.5552085973428411,1.3090413620707486,,0.5001030884200206
AA1050,1.3221906724721937,29.391325980286375,circle,31.92309390189494,91.51648003959366,46.62546626970085,158.2591421627419,0.24670170349592105,0.6,1,282.40594945436743,111.9333430546025,0.49914925157570705,1.0,1.0,17.605973952359218,1.7920401907273567,1.0585144993246522,90.00056704917172,0.5001058111038611
AA1050,1.1929206160173846,25.185959077528338,circle,34.550503087915324,139.26106624415675,43.04482615641221,149.65811575264,0.2074867775538178,0.6,0,885.1003096035251,104.84157870954697,0.49620693105850194,1.0,1.0,16.56570657045547,63.57685257442767,0.7447537521403059,72.06030848322489,0.5
AA1050,0.8659992474265849,19.905139848588647,circle,20.13601635233224,139.22179217129843,58.30503384801995,142.36223608194803,0.25392272972125374,0.6,0,,352.1795589973732,,1.0,,15.735737445260677,99.05258402132806,0.45936392749770927,68.52817286753834,0.5
AA1050,1.3025615466950358,28.52574495312623,circle,26.091536977578226,113.98726950529053,84.38059245230387,145.33284557435516,0.2511990455476525,0.6,1,2108.2761819030375,134.97775436464664,0.4874845261544159,1.0,1.704017762456985,15.44313535586403,0.13090824798214307,0.8337164889396448,90.11015955454765,0.5067562342909602
AA1050,1.1064433390769601,22.970032213694328,circle,36.75554069018289,98.94568927493664,76.42924318252098,145.47603378847788,0.20537524463025833,0.6,0,616.6806621189725,28.755899280573352,1.687776414605489,1.0,1.653425213065766,7.508818887307056,1.5564259246511027,1.1064433390769601,,0.5006421767794298
AA1050,1.498895408360765,34.39141468065626,circle,42.018422162810715,74.85968807411226,27.34655883548712,165.04970031651555,0.22129429123727895,0.6,1,747.1224966103315,5.580689907541027,0.75197841848253,1.0,1.0,,0.5414604364378037,1.270861576555892,,0.500158920145702
AA1050,1.1410578719936166,24.56735331985646,circle,36.79071302541961,95.61393094227428,72.16169944261064,147.28084464945997,0.20566038652213073,0.6,0,1122.959889883513,313.9402240518957,1.5906432597393982,1.0,1.8172034955406766,8.295440192320203,0.8940062747887796,0.9519386045979318,85.20706904499197,0.5012413790730156
AA1050,1.2648109250674586,27.528127122715663,circle,36.4854057710323,122.99683551066157,36.64838958094042,153.54938813057134,0.21061764021372642,0.6,1,1496.3540113396327,71.08686113873854,0.5011791848138532,1.0,1.0,16.472946531819563,46.0439409966768,0.9271784940527047,72.34030511878082,0.5
AA1050,1.1410159779488052,46.018953503200386,circle,14.820493935692031,105.23393827920522,79.92967587634276,146.94915429129063,0.10912269156671614,0.6000000000000001,0,2972.560892606732,1009.654823127449,0.4856066080250376,1.0,1.573032776408916,12.739774558885463,0.6630575151291329,0.8659323386198322,80.55578005750726,0.5004456520283028
AA1050,1.2302529676590133,43.11326240793155,circle,22.900731185956673,83.24633071240245,77.92302061779017,152.92964623739744,0.14133537252522035,0.6000000000000001,0,3017.1123611110042,1003.9940719365256,0.5039515355403635,1.0,1.5806718242504507,12.253154519021342,0.001,0.896539188015886,81.40249840346719,0.5030456604758354
AA1050,1.5071604815904664,33.99044015744903,circle,41.56018605241922,74.55438298285132,28.046919270331696,165.34420584417654,0.21822648138450199,0.6,1,1899.879037826956,0.0,0.5085008859878944,1.0,1.0,,0.8506232565936989,1.3079010746719326,,0.5001711804888997
AA1050,0.7936321648528115,19.759148926089715,circle,19.269170995526817,118.61343078223014,86.86331061604301,142.98267749147752,0.26865541069565113,0.6,0,697.3836239312426,258.23764874382385,2.0138268186724555,1.0,1.9126759332246939,10.7925596763621,,,90.00665803768301,0.5001049999397201
AA1050,1.4971972656724568,33.99094538514284,circle,41.49709151989555,74.51050243597166,28.778904847830056,165.37283506544728,0.2200274821267684,0.6,1,565.6810753896104,0.0,1.2159140079486295,1.0,1.0,,0.001,1.2337330656627734,,0.5001666034186834
AA1050,0.9888796657748324,25.164695375689384,circle,33.76941120707,127.84453398941139,25.58198445472078,149.07796569108012,0.2068159737496748,0.6,0,895.9982406260904,223.75784384783125,0.503431256790588,1.0,1.0,13.512305195196749,64.18108181244305,0.6983765854503939,45.14152446163878,0.5
AA1050,1.5003463799919412,34.051301224472155,circle,41.82558535643521,73.32260880368696,28.157211634157232,165.36414892841185,0.22008284800951183,0.6,1,805.0003334858503,0.0,0.49120764044508775,1.0,1.0,,0.6393009695671152,1.190298839217489,,0.5002258908460505
AA1050,1.4849073001357727,34.15326965388368,circle,41.94568873795483,72.88851459954016,27.81518557213376,165.45703588558501,0.2190483724207068,0.6000000000000001,1,672.3678591070932,0.0,0.5110870756115643,1.0,1.0,,0.37346002987513005,1.2715065420877958,,0.5001532513600456
AA1050,1.0001375486313948,19.900749193829302,circle,25.43661573642183,166.2253907472116,59.09576301563266,174.5366602845722,0.2259191161720505,0.6,0,,221.76004662148063,,1.0,,16.597615694475518,98.7531443013682,0.49027622050861935,76.70722068080819,0.4733333333333334
AA1050,1.4967076508834565,34.06789098761098,circle,42.60436328894928,74.3460053121415,28.183883705675527,165.2888499248214,0.21985882487423802,0.6,1,908.226117923211,1.026621938786923,0.49771908295642303,1.0,1.0,,1.5255483069821323,1.1859539723222854,,0.5002132428742267
AA1050,1.1737321694809866,24.5970156910027,circle,37.05348306099707,94.94558970502992,68.60221469863669,148.2570555903385,0.20898404505801316,0.6,0,569.1425337607664,35.61881833751686,1.749344377064118,1.0,1.5345875571933634,7.3178409031002385,1.166859618677004,1.1737321694809866,,0.5008311360507633
AA1050,1.2353702316110349,26.373177895477266,circle,38.22356691437297,90.92913349699653,60.79498033489782,152.2541297499749,0.20792789018535587,0.6,0,1192.3692353525983,25.89955988959388,1.3106965997525881,1.0,1.3375819196963814,7.403714057170338,0.35617260881802926,1.2353702316110349,,0.500562254365932
AA1050,1.1875234140646678,28.393821429392954,circle,37.370291470852074,105.4870888462901,27.12242908278058,155.64613500822267,0.2121900946668958,0.6,1,1204.5812381339476,134.73619934658808,0.4977240951701451,1.0,1.0,13.535108682005648,39.69850058777078,0.9251108378326034,45.629152409647546,0.5
AA1050,1.3442047170390397,29.746107274088295,circle,39.88810461022141,85.39746568054292,47.451689130802784,157.39630914080254,0.2131476659722707,0.6,1,1565.8544378210436,13.891662937494743,0.9676588407602579,1.0,1.0800282874725593,7.4281216203087075,1.3652552299101088,1.299700436135749,,0.5001498883688993
AA1050,0.9313530007217414,23.79973573267899,circle,20.850637841475656,110.4853577356856,71.7206322278409,150.81035082219518,0.2776043428377688,0.6,0,886.9711982657486,244.52339492785018,0.5121768447189413,1.0,1.0,12.379057954703864,0.525075871797523,0.9313530007217414,89.40806349894078,0.5000283284135368
AA1050,0.9714060234682389,24.803328227347446,circle,22.348425578669154,107.56664402699963,65.7639239405346,151.5347925912433,0.27074439904594944,0.6,0,271.7376582332967,228.0671155119533,0.7252912742454024,1.0,1.0,12.530745609139451,2.0268624890664526,0.9714060234682389,90.33331675428774,0.5000352348854606
AA1050,0.8277668297956183,19.927641907008045,circle,23.224073235549604,114.0656806628322,86.94280620423591,141.9853120628348,0.25212118577479253,0.6,0,692.4850367923723,214.94162880664058,2.015634307405397,1.0,1.897139999645383,10.084269407449677,,,90.1106050479195,0.5001311349552044
AA1050,0.9396123368640475,24.18480831124902,circle,33.529637541527144,131.84030413859603,26.34956574347234,147.8664970497399,0.20513351616789666,0.6,0,303.1564958368336,250.21285438686138,1.5355298644483675,1.0,1.0,13.286208547575285,71.02448795289699,0.6718694509082036,45.061955593455465,0.5
AA1050,1.5053887583480345,33.81514675874252,circle,41.86339273863915,73.88505524592043,27.1024168628118,165.52137406742514,0.2192901421129752,0.6,1,1038.7814412553937,0.0,0.49967626675093335,1.0,1.0,,1.4007197356724512,1.2254066822199747,,0.5001913682373645
AA1050,1.493377836864271,33.99149920089384,circle,37.71590675088102,96.64069362231065,61.939088434750715,153.02531111098816,0.21979096844573073,0.6,1,1954.2428033533963,0.0,0.5030330583885598,1.0,1.3060704198385946,13.975542065712737,1.4816954282803951,1.147950314767682,90.06483108163819,0.5047645332134258
AA1050,1.378706561563753,30.42937119195945,circle,39.25792442274767,98.7337449949675,33.037897316715004,159.59956848938518,0.21571935930234792,0.6,1,1807.9883250935081,49.404565123529515,0.4893340419117694,1.0,1.0,16.504738438325823,22.762497727923687,1.1152270824615882,71.27747610998735,0.500000000003485
AA1050,0.9955734105648856,20.124668002000345,circle,33.07171871466811,138.02621955440796,71.20690138034367,140.27028848975812,0.19963261597124773,0.6,0,452.2988956887395,89.44341337115604,1.9915368152397233,1.0,1.9063727160368926,11.300293662451544,99.96415874119337,0.4879891700258396,71.35770801682118,0.5
AA1050,1.5003802118462166,33.6315868237941,circle,41.64543973656104,75.08803877326534,26.938010917816964,165.41298698090867,0.22019966583956566,0.6,1,901.3512799216863,0.0,0.9901416629404173,1.0,1.0,,3.2623677130683086,1.2704512870057798,,0.5000824209874405
AA1050,1.4982114323026767,34.16693158549966,circle,42.01596972540717,74.77695011154219,27.173213749006425,165.429416246205,0.2202461212676258,0.6000000000000001,1,964.9963265220946,0.0,0.946573926878455,1.0,1.0,,1.58570385454818,1.2458373792067092,,0.5001666274743314
AA1050,1.5083918897065456,33.94076770497019,circle,42.41902609998799,74.91928923104516,27.864212589544124,165.16131862633904,0.21969389791382077,0.6,1,1083.3101373664067,2.284831834131413,0.5941915097172262,1.0,1.0,,1.8475277399891914,1.32717375692824,,0.5001081762611678
AA1050,0.7799137585843473,19.844071495516168,circle,24.53507435311028,147.86654130271972,42.76934076658785,155.25986836785572,0.22848133346944713,0.6,0,,354.2548725745278,,1.0,,14.667663101140398,100.20248102493245,0.44738601259158056,57.80514661825703,0.5
AA1050,1.5150220516558204,34.08492971110155,circle,42.324980241485264,74.40680881855164,27.42828610553656,165.39144961182294,0.2206240460300392,0.6,1,807.4489440031684,0.0,0.6818718733574304,1.0,1.0,,0.001,1.3311715773429285,,0.500115748877547
AA1050,1.1818499575659107,28.60643256384587,circle,37.64991080185261,104.01419923703446,26.59652436046928,155.58123372079876,0.21273372095528273,0.6,1,299.6559274154324,130.69352253659548,1.503356190110745,1.0,1.0,13.430654140346562,39.374677313902744,0.9098338238683852,45.43915928052197,0.5
AA1050,0.7694491791984964,20.071340241212795,circle,17.109978732484816,120.74357113055584,86.20371221487618,143.32401124628666,0.27584383537670526,0.6,0,387.5070558334884,275.43729998320714,2.008581891252675,1.0,1.9054265547767075,11.368586431064465,,,89.57057658979895,0.5001060266218198
AA1050,1.2394461142415545,26.613650343473257,circle,35.65668097223999,130.14658196351087,39.03600525785952,152.17693835628643,0.21240189996030487,0.6,0,906.5568217541467,88.84557168579526,0.48376592138535435,1.0,1.0,16.557013598620614,52.5413760663028,0.831503110611962,72.09818270495214,0.5
AA1050,1.4899664747406205,33.79459120762917,circle,42.13956323287923,74.00017612843376,27.9212961112013,165.05593600924416,0.22052834203804098,0.6,1,289.03581495642334,0.0,0.8701499571657264,1.0,1.0,,1.6769193635140793,1.299877770245282,,0.500096830284913
AA1050,1.3116417718395044,28.675163500763073,circle,39.6740443284922,86.97641837608559,52.07372138160087,154.76496805962614,0.2120483555722693,0.6,1,1361.0071988492193,20.593413899414653,1.0984805491637502,1.0,1.19057018858479,7.514768997859116,2.1255098832941477,1.2979061729876988,,0.5002894460631641
AA1050,0.8515174140736862,35.70065379434771,circle,16.94881229867401,117.35510147971661,82.51149343595667,140.29636815736353,0.12938310184907906,0.6,0,,346.8882232901757,0.5157576918235254,1.0,1.5427134692510414,13.388659213225909,98.4432156764592,0.6468882122969264,63.43766150816798,0.5
AA1050,1.1735902549186388,29.466453838010587,circle,37.24847011642763,107.91774743974887,27.845618257536515,154.41644904152,0.21228121554238213,0.6,1,3017.16112062083,728.0286195490615,0.4911982034522414,1.0,1.6029803451891937,12.018041566601738,41.560303994266064,0.7421662597846798,68.33632404876066,0.5
AA1050,1.092040003322082,26.844456797733017,circle,35.76336866346329,115.62700102037871,26.02484471490227,152.2556272014277,0.20947681715355626,0.6,0,1799.8876844849538,182.44739809594446,0.4829144664332374,1.0,1.0,13.525181930991065,50.643017485906434,0.8459290706952195,44.89275117267924,0.5
AA1050,0.8105499420571785,19.764512884599633,circle,20.765204430365937,117.7058589723113,87.51363807250418,143.07926380611804,0.2622793163692463,0.6,0,418.6989848933762,237.98469687766584,2.0002137939351674,1.0,1.8946241646433442,10.473736647960884,,,90.00957708811336,0.5001084436474345
AA1050,1.5014730111306098,34.00234724755837,circle,42.63739445206121,75.328808131986,27.142839371859285,165.6051356149725,0.2213236747575178,0.6,1,1214.9201608148062,0.0,0.4806548246849025,1.0,1.0,,0.4890385593791724,1.2489997895192346,,0.5002015929942776
AA1050,1.2353234953462722,26.936752498415057,circle,38.57317555608208,90.3079395182346,60.39494629148253,152.04344310992008,0.20819175326382391,0.5999999999999999,0,488.1621799527408,18.33329787160993,1.274782959773387,1.0,1.3302000612570157,7.419649064610824,1.5786155139080111,1.2353234953462722,,0.5005643887718637
AA1050,0.7027116531233251,19.98050528950385,circle,20.92926163143048,141.57480902884112,54.1749354460739,142.1897844856529,0.2500768510022022,0.6,0,,347.675393517931,,1.0,,12.967336968736088,100.20548004692735,0.4483969733307586,67.11275378156708,0.5
AA1050,1.141729172294535,23.886240454559545,circle,37.086351180094475,96.01407767174227,73.6022453183861,147.24005305018304,0.2052507064751325,0.6,0,590.2145954570836,39.94963877193938,1.6565575163652924,1.0,1.5593126761787097,7.310051472757857,1.94790850075404,1.141729172294535,,0.5007055822690907
AA1050,1.3307249340391998,29.414586756385386,circle,37.87881682752174,109.27682980810783,34.68613422541797,157.17860490979382,0.21302364786075698,0.6,1,594.8385931935065,56.9313956620633,0.5038051426074335,1.0,1.0,16.445006053453323,33.349629542636855,0.9336223454515283,72.28283241124116,0.5000000000000001
AA1050,1.1658611360438262,24.850886215307472,circle,35.00019140656345,106.23086964912987,87.83910620293837,142.06451492830004,0.20467064611144456,0.6,0,1187.7590231531099,28.369223713056982,1.4955881022574935,1.0,1.824697836586651,9.699440536777505,1.0039457108226826,1.06263217255334,89.88497408010905,0.5020548249838663
AA1050,1.4832667941180877,34.041246517906536,circle,42.085072395400026,74.82879733635039,28.396987099761237,165.66063272130586,0.22070530594018659,0.6,1,287.8759037835138,5.661405208833364,1.1313008676037353,1.0,1.0,,3.4380743669966147,1.2809583439949983,,0.5000641552600056
AA1050,1.5045630082628527,33.87824112782329,circle,36.87784146714263,100.50764770318523,68.86585371406576,150.83622681971403,0.21991634830234147,0.6,1,2124.5030840692893,0.0,0.5205119300588615,1.0,1.427554626842059,13.978884454402372,0.9676748654891796,1.115717533112521,89.62696287236301,0.5182898461805214
AA1050,1.1976171351097173,28.304091763943877,circle,37.329586282882744,105.56461957536912,26.06395720450383,155.24648835811297,0.21187996377441914,0.6,1,287.9259015087027,128.84278838348393,1.4948650514583848,1.0,1.0,13.718278979743376,40.52661390979907,0.8946513696702887,44.69252819764529,0.5
AA1050,1.1261051334455208,23.502054569961814,circle,36.608694624716485,96.86478826299799,74.46532222032393,145.76713868219323,0.20466733620462663,0.6,0,621.5131258566639,41.79183819974704,1.610270583218515,1.0,1.5889103445170591,7.434205165571702,2.3363013922853098,1.1261051334455208,,0.5006416765815489
AA1050,1.4865287349731249,34.0168236429633,circle,41.994081885721066,73.76683144890349,28.967636311616914,165.19526516958354,0.22022221110676418,0.6,1,1158.6759272945806,0.0,0.47494818307772396,1.0,1.0,,1.1068299951463156,1.2201632287925686,,0.50021533382129
AA1050,1.1423103495516564,23.65338778802171,circle,36.8925269053601,96.89868955595564,73.08650426736008,147.22747286573556,0.20570389491506325,0.6,0,767.2690022288197,31.938432739171926,1.6053903650704906,1.0,1.519380046791687,7.2931163359193665,2.3779555228950304,1.1423103495516564,,0.5005620174703643
AA1050,1.3441091633820568,29.466526351639565,circle,39.35229570355169,81.89590032746294,49.5340715340038,156.46029672090378,0.21345397012302872,0.6,1,336.654336573472,12.68116800931173,1.3451815333807806,1.0,1.0944801813346843,7.4415911302578825,3.4565273240258056,1.2978022032440686,,0.500085591463809
AA1050,1.5019120797276495,33.90713204686538,circle,42.4545669040608,74.06877311797611,28.287554070486827,165.54441834853208,0.2199355218118675,0.6,1,1368.265958329866,0.0,0.4943828151431691,1.0,1.0,,0.18375751518287808,1.3165135548560218,,0.500147769485517
AA1050,1.014180090982921,26.18491104608086,circle,24.43616117312291,159.400830814462,67.71606055801075,167.37087235518513,0.17339260068575543,0.6,0,,170.13374433304537,0.514496945034889,1.0,1.5572814550458065,15.857976826417381,100.02517833436688,0.5637971539764167,73.25300055149062,0.5
AA1050,1.2963628432640302,40.70113313136048,circle,27.005643934408592,76.34562461378782,71.81569721690845,154.3879005225662,0.15707510997570984,0.6,1,2107.333789010458,1.2797252258902967,0.5273523467029998,1.0,1.0650676049221959,13.439686295774617,0.5881376537394244,1.1040527119172225,79.01420773675805,0.5003212408908324
AA1050,1.2869694455712115,30.05895448448422,circle,38.86311908268183,100.31299167390767,26.95612490738483,158.02371845273953,0.21209591215036472,0.6,1,305.557490888691,103.47721626369233,0.7638850822758313,1.0,1.0,13.295483922732691,29.733181571442405,1.0723065619476437,44.97952194999362,0.5000000000000008
AA1050,1.497274192529411,33.90464238168378,circle,41.94159629221192,74.64594348305612,27.07566262575169,165.312158473865,0.21962148755072652,0.6,1,765.5755919216131,0.0,0.6196500205661857,1.0,1.0,,0.9929846133111352,1.2233863800072704,,0.5001874277642849
AA1050,1.1206283837565068,23.38651402888639,circle,36.61961745674718,97.19808414064775,74.1207463229033,146.18334209196308,0.20662326855877217,0.6,0,611.5851404198629,46.604045244639416,1.7316094385199512,1.0,1.596714848194792,7.353309625259313,3.245047082866182,1.1206283837565068,,0.5004638821717025
AA1050,0.9946511060276578,33.91457842274542,circle,21.329644270621138,109.41524774165374,93.8879274350477,139.7874079959913,0.1412842425994726,0.6,0,409.36320879713844,49.625553626499155,1.3316881473127355,1.0,1.757240924850308,10.210249634302242,,0.8316504262811473,79.24100718173516,0.5037551240739642
AA1050,1.4965149919423972,34.35540090084426,circle,42.134203770456885,74.32205602120627,27.76429969633168,165.68871193125472,0.21887729566709918,0.6,1,740.372962256913,9.18615992433138,1.1925556922266574,1.0,1.0,,0.001,1.2384380999817814,,0.5001786330713319
AA1050,1.2533638266192755,29.74875794563794,circle,38.669733897740755,100.01233412562914,27.1245241267079,158.1255391955022,0.21532645813772816,0.6,1,273.16934882030165,107.64267744919036,0.5205347355300235,1.0,1.0,13.52565223693911,29.992622132782905,1.06901652101899,44.78858731345069,0.5000000000000006
AA1050,1.5033064088172314,34.15100367760278,circle,42.59543850599141,74.91395633826913,28.54459623490758,164.8427545222441,0.2190534161490212,0.6,1,598.1171224734433,0.0,0.519175725302851,1.0,1.0,,0.7011969714436795,1.3411335123963393,,0.5001019958591053
AA1050,1.4953614641087167,33.787691653887464,circle,38.841159843788795,92.39442193218119,55.72094763020674,154.8057374101962,0.21897805115092497,0.6,1,1200.5033972985332,4.238666585250464,0.7334029732291287,1.0,1.1887277960536993,14.09843846265096,1.7453871009534305,1.1710858983195664,89.67992890453185,0.5011834100769257
AA1050,1.2792402091248896,27.764426973494505,circle,39.060204896476144,87.21140587385324,53.46026612243236,153.95562566731832,0.21364441650342184,0.6000000000000001,1,1345.673872509182,23.183198736135047,1.1443747843876313,1.0,1.211925607484174,7.41767234686781,0.658391943101084,1.2792402091248896,,0.5003195541475479
AA1050,1.3729704343242757,38.49919328611662,circle,33.01999201216931,76.31113882588132,54.22462175938803,158.19515287180153,0.18192336081353644,0.6,1,1807.493401547807,0.0,0.508355531730514,1.0,1.0,13.406340635171762,1.4585274969003956,1.1767898748446555,77.96527216543673,0.5002008376851637
AA1050,1.2526859407485131,27.00765981455524,circle,26.889787654334594,99.84510911156828,57.245947234061006,155.15498183862533,0.2600468706744151,0.6,0,1795.1739265398433,171.37613198406802,0.4852188009876552,1.0,1.0,17.623492498224426,1.110976756491673,0.8998613915363899,89.60172283664153,0.5000700188585128
AA1050,0.7797762118007209,20.113254217839064,circle,30.08954072325163,163.12216461897842,30.440657823888653,171.27827284992733,0.20025954328350612,0.6,0,,311.56117933495676,,1.0,,14.334164715300837,99.76863062817998,0.4409118118341803,51.793105523833326,0.4733333333333334
AA1050,1.1361796529477322,27.764440533074275,circle,28.43082834921814,96.62638085604182,54.11448922653102,155.81334195959442,0.25637946020989977,0.6,1,1492.1784514112899,165.6184389900005,0.5098330145276897,1.0,1.0,12.431642751583649,1.0634827502239417,1.1361796529477322,90.0672630737599,0.500102494215116
AA1050,1.1187782585509198,23.380301356450307,circle,36.45200637104739,97.54286596497977,75.28553642991221,145.6974803228506,0.203770369820108,0.6,0,959.0731771190491,36.53599064076697,1.6724463884824323,1.0,1.6232900138424182,7.3272256372405264,0.001,1.1187782585509198,,0.500681386641561
AA1050,0.9191784896937185,19.844671399459042,circle,17.309718021212838,134.285052165077,66.4634225601906,143.7018931352432,0.27062046001299095,0.6,0,,345.75548637693834,,1.0,,16.3467914896044,100.2051348100022,0.46931515792562295,76.33016430505334,0.5
AA1050,1.0909926631744185,26.869435290294238,circle,26.87529299437774,100.01543945273913,57.56840325282298,154.52259592892537,0.26109175172165217,0.6,0,2080.029168267915,177.60092438221798,0.5165395530252634,1.0,1.0,12.49339835257757,2.154304191965911,1.0909926631744185,89.38085701749374,0.5000798760859024
AA1050,1.2361247463978824,26.986053291282087,circle,27.018880801777918,100.01521479929445,56.779618588924656,154.51623966180168,0.25930056983985655,0.6,1,2098.7584207479013,183.0506864578495,0.4944138199061293,1.0,1.0,17.55081678282939,1.7851902522234306,0.8995609627128378,90.3276071497338,0.5000731860268112
Copper,1.0,22.0,circle,45.0,220.0,69.0,350.0,0.45,0.9,0,200.2674769122616,301.69928349976055,0.9979911502757343,1.0,1.5,,,,,0.9961103695998637
Copper,1.0,22.0,circle,45.0,220.0,69.0,350.0,0.45,0.9,0,129.11385944705955,150.78741813774502,0.6417308422168362,1.0,1.5,,,,,0.8477208517004307
Copper,1.0,22.000000000000004,circle,45.00000000000001,220.0,69.0,350.0,0.45,0.9,0,176.71412062062745,252.69171891927854,0.8839321911206995,1.0,1.5,,,,,0.8667785387862872
Copper,1.0,22.0,circle,45.0,220.0,69.0,350.0,0.45,0.9,0,135.85470935075807,170.7565013643904,0.6881357926824453,1.0,1.5,,,,,0.813307962320192
Copper,1.0,22.0,circle,45.0,220.0,69.0,350.0,0.44999999999999996,0.8999999999999999,0,164.9836929519147,228.8012658619459,0.829943834017316,1.0,1.5,,,,,0.8186110197890022
Copper,1.0,22.0,circle,45.0,220.0,69.0,350.0,0.45,0.9,0,198.30674207137176,298.19308491878627,1.0029699380248698,1.0,1.5,,,,,0.9920440879282251
Copper,1.0,22.0,circle,45.0,220.0,69.0,350.0,0.45000000000000007,0.9000000000000001,0,99.83839784984248,100.18557597215124,0.510536170104127,1.0,1.5,,,,,0.9916270457227654
Copper,1.0,22.0,circle,45.0,220.0,69.0,350.0,0.45,0.9,0,100.35431198913281,96.42945840943644,0.49964639627368823,1.0,1.5,,,,,0.9927800985250526
Copper,1.0,22.0,circle,45.0,220.0,69.0,350.0,0.45000000000000007,0.9000000000000001,0,140.29381290616712,181.5011894180499,0.6980014431489948,1.0,1.5,,,,,0.799312492638447
Copper,1.0,22.0,circle,45.0,220.0,69.0,350.0,0.45000000000000007,0.9000000000000001,0,136.7451361176936,177.6210705102043,0.6811636558662181,1.0,1.5,,,,,0.809718348137501
Copper,1.0,22.0,circle,45.0,220.0,69.0,350.0,0.45,0.9,0,152.11020127024256,201.74617197702693,0.76198973180172,1.0,1.5,,,,,0.7735436404895075
Copper,1.0,22.0,circle,45.0,220.0,69.0,350.0,0.44999999999999996,0.8999999999999999,0,168.0304092746626,230.73482618557208,0.8436940344908596,1.0,1.5,,,,,0.8272137310949284
Copper,1.0,22.0,circle,45.0,220.0,69.0,350.0,0.44999999999999996,0.8999999999999999,0,202.87400037851063,297.9014710641078,1.0020999407227313,1.0,1.5,,,,,0.9878358373972185
AA6061-T7,1.0,46.0,circle,11.7,356.47,302.45,461.7,0.12,0.77,1,1000.0,0.0,0.5,1.0,1.3,,0.86,,90.0,0.9
AA6061-T7,1.0,46.0,circle,11.7,356.47,302.45,461.70000000000005,0.12,0.77,1,1000.0,0.0,0.5,1.0,1.3,,0.8600000000000001,,90.0,0.8999999999999773
AA6061-T7,1.0,46.0,circle,11.7,356.47,302.45,461.7,0.12,0.77,1,1000.0,0.0,0.5,1.0,1.3,,0.8599999999999999,,90.0,0.9
AA6061-T7,1.0,46.0,circle,11.7,356.47,302.45,461.69999999999993,0.12,0.77,1,1000.0,0.0,0.5,1.0,1.3000000000000003,,0.86,,90.0,0.8999999999999773
AA6061-T7,1.0,46.0,circle,11.7,356.47,302.45,461.7,0.12,0.77,1,1000.0,0.0,0.5,1.0,1.3,,0.86,,90.0,0.9
AA6061-T7,1.0,46.0,circle,11.7,356.47,302.44999999999993,461.69999999999993,0.12,0.77,1,1000.0,0.0,0.5,1.0,1.2999999999999998,,0.8599999999999999,,90.0,0.8999999999999678
AA6061-T7,1.0,46.0,circle,11.7,356.47,302.45,461.7,0.12,0.77,1,1000.0,0.0,0.5,1.0,1.3,,0.86,,90.0,0.9
AA6061-T8,1.0,44.0,circle,11.7,356.47,302.45,461.7,0.12,0.77,1,1000.0,0.0,0.5,1.0,1.36,,0.86,,90.0,0.9
AA6061-T8,1.0,44.0,circle,11.7,356.47,302.45,461.69999999999993,0.12,0.77,1,1000.0,0.0,0.5,1.0,1.36,,0.8599999999999999,,90.0,0.8999999999999773
AA6061-T8,1.0,43.99999999999999,circle,11.7,356.47,302.45,461.69999999999993,0.12,0.77,1,999.9999999999999,0.0,0.5,1.0,1.3599999999999999,,0.86,,89.99999999999999,0.8999999999999487
AA6061-T8,1.0,44.0,circle,11.7,356.47,302.45,461.7,0.12,0.77,1,1000.0,0.0,0.5,1.0,1.3600000000000003,,0.8599999999999999,,90.0,0.8999999999999999
AA6061-T8,1.0,44.0,circle,11.7,356.47,302.45,461.7,0.12,0.77,1,1000.0,0.0,0.5,1.0,1.36,,0.86,,90.0,0.9
AA6061-T8,1.0,44.0,circle,11.7,356.47,302.45,461.7,0.12,0.77,1,1000.0,0.0,0.5,1.0,1.36,,0.86,,90.0,0.9
AA6061-T8,1.0,44.0,circle,11.7,356.47,302.45,461.7,0.12,0.77,1,1000.0,0.0,0.5,1.0,1.36,,0.86,,90.0,0.9
AA7075-1,1.6,55.0,circle,16.0,228.0,103.0,400.0,0.17,0.8500000000000001,1,1000.0,,0.2,1.0,1.7200000000000002,,,,,0.8999999999999999
AA7075-1,1.6,55.0,circle,16.0,228.0,103.0,400.0,0.17,0.85,1,1000.0,,0.2,1.0,1.7199999999999998,,,,,0.8999999999999999
AA7075-1,1.6,55.0,circle,16.0,228.0,103.0,400.0,0.17,0.8499999999999999,1,1000.0,,0.2,1.0,1.72,,,,,0.9
AA7075-1,1.6,55.0,circle,16.0,228.0,103.0,400.0,0.17,0.85,1,1000.0,,0.2,1.0,1.7199999999999998,,,,,0.8999999999999999
AA7075-1,1.6,55.0,circle,16.0,228.0,103.0,400.0,0.17,0.8499999999999999,1,1000.0,,0.2,1.0,1.72,,,,,0.9
AA7075-1,1.6,55.0,circle,16.0,228.0,103.0,400.0,0.17,0.85,1,1000.0,,0.2,1.0,1.72,,,,,0.9
AA7075-1,1.6,55.0,circle,16.0,228.0,103.0,400.0,0.17,0.8499999999999999,1,1000.0,,0.2,1.0,1.72,,,,,0.9
AA7075-2,1.6,61.0,circle,16.0,228.0,103.0,400.0,0.17,0.85,1,,,,1.0,1.57,,,,,0.9
AA7075-2,1.6,61.0,circle,16.0,228.0,103.0,400.0,0.17,0.85,1,,,,1.0,1.57,,,,,0.9
AA7075-2,1.6,61.0,circle,16.0,228.0,103.0,400.0,0.17,0.85,1,,,,1.0,1.57,,,,,0.9
AA7075-2,1.6,61.0,circle,16.0,228.0,103.0,400.0,0.17,0.85,1,,,,1.0,1.57,,,,,0.9
AA7075-2,1.6,61.0,circle,16.0,228.0,103.0,400.0,0.17,0.85,1,,,,1.0,1.57,,,,,0.9
Aluminum (unspecified),0.9979331737579055,9.980720956189156,circle,24.909125471061135,80.07800536756642,27.43383368859137,144.69017430878998,0.3004730864875881,0.5999049686255822,0,230.66067707723676,401.7642189438577,0.46896872197358475,1.0,2.999228517064159,5.882611725251078,,,29.711178226176738,0.5
Aluminum (unspecified),1.6525693416678184,7.06360412338831,circle,18.534378971682617,105.29372251122945,52.071713427264235,167.72276967817533,0.500141684950788,0.6660344921535204,0,38.61344702506037,136.93047310635237,0.3950839486736157,1.0,3.006013325937115,5.439378471160306,,1.263388835639656,68.84826229802613,0.5
Aluminum (unspecified),1.3979141735054545,8.536216293166442,circle,21.01780659097136,95.38680848553767,43.02872296892043,158.87554917410563,0.4234068835039234,0.6393737132467988,0,120.47871443637267,245.77502155479195,0.5954170295494777,1.0,2.987041631217827,5.731531277822053,,1.2448969630908082,53.64541706326869,0.5
Aluminum (unspecified),1.0061361331259946,9.873896673518777,circle,24.939360360510914,80.2078033865705,27.556119135820666,144.59845157458034,0.2999319199004231,0.5996784587982146,0,238.55354716556505,403.74563690043294,0.4337095679267467,1.0,2.996635153255397,5.856050105551735,,,30.209130379401277,0.5
Aluminum (unspecified),1.352351566835746,8.577456257241867,circle,24.96528395850479,80.0504596823151,27.76583828742105,144.66375831810134,0.29988012455825164,0.6008155637674759,0,65.58479154630562,403.5722239253728,0.39820994615548455,1.0,2.6430023284940227,5.573848171301655,,,40.91781700442134,0.5
Aluminum (unspecified),0.9901706687931698,30.644084279784906,circle,25.013252943907588,80.2524074163355,30.74987692474317,144.52305896883314,0.2995778111163765,0.6101803232332326,1,262.30475278781967,558.4491248570095,0.41903333235669704,3.0,2.4898531921882645,14.68651021093959,,0.5485980777254084,58.7943714461381,0.5
Aluminum (unspecified),1.7988415582766382,6.85883991255728,circle,17.02518478448954,110.3966414886215,57.59846961049585,173.22324483748952,0.5435319160528037,0.6797618561657927,0,23.979104173538254,74.7756435518983,0.5952257489052777,1.0,2.991593785129324,5.323350466114706,,1.255822477122825,77.62901029422457,0.5
Aluminum (unspecified),0.9907777283544008,9.694115336498697,circle,25.132418774425258,80.16665217169802,27.896720621500826,144.5653259891401,0.3006608559838056,0.6007282835447605,0,122.32082673307566,402.2180098014798,0.29421860360559016,1.0,2.9971594822390286,5.834016481818251,,,30.25023743403927,0.5
Aluminum (unspecified),1.0070787934243373,10.092896980454599,circle,24.936946163451164,79.93383949366266,28.31900577912867,144.76384889009793,0.29992087004488777,0.6012761002117814,0,182.18388891336875,396.5427410210357,0.31967058346462635,1.0,2.9938297226049966,5.654141360497793,,,30.14775850058516,0.5
Aluminum (unspecified),0.9702085380489649,9.616450501590462,circle,25.009129217219968,80.16700534826407,27.95683766659969,144.91449190331463,0.30126556216324063,0.6004341523674248,0,171.4444752056304,400.66368781878384,0.2040659571919891,1.0,3.0000155927704175,5.784630657015455,,,29.793636817942225,0.5
Aluminum (unspecified),0.9906146976003355,9.273425657000256,circle,24.99957254472741,80.17685878972445,27.99752929825832,144.95906690372553,0.30134357774074133,0.6001250327895516,0,174.87367122039507,395.86004303728123,0.48596615741982313,1.0,2.996372440141484,5.877726739239393,,,29.84303885542062,0.5
Aluminum (unspecified),0.99727098988006,9.677162741904269,circle,24.91180514557998,79.67747222409751,27.634142020295677,144.5224871912426,0.30065226081275326,0.599636552967615,0,277.1345231397318,403.0177680470591,0.29582752109624155,1.0,3.004237442610661,5.880951886347766,,,30.712472232753104,0.5
Aluminum (unspecified),1.0065460746518857,10.093385356442884,circle,25.02211280589377,79.95567991377725,27.7348478366707,144.50175054797327,0.3000736042625031,0.6000037784919566,0,143.48233314607288,402.6118186770554,0.4886812399587115,1.0,2.997372381359427,5.939406415997906,,,31.28707089880392,0.5
Aluminum (unspecified),0.9990570649967837,10.101071857773913,circle,25.074547611231047,80.05776239787635,27.426139149525557,144.97376540801127,0.30104284114232366,0.5998514313704092,0,165.38702334650492,399.9660526316279,0.27165157219143954,1.0,3.0009212494126065,5.815879657970164,,,29.889384032673796,0.5
Aluminum (unspecified),1.0113578867792314,9.926129802252257,circle,24.95578343857041,80.37511728309663,27.338928738689937,144.70033961556888,0.300090411383471,0.600080829824644,0,199.97908281670752,400.411508358914,0.33317294675434556,1.0,2.9921700003833864,5.824319142546409,,,30.00170120354105,0.5
Aluminum (unspecified),1.2164854240755745,40.679324897513936,circle,22.76605456895043,88.13366286090502,40.24512033466513,152.43798607035194,0.3640562546182104,0.6380732876281118,1,245.45838132872038,554.2853836468756,0.43772091992963996,4.0,1.9994507618476265,19.244305108850206,,0.6948282647927353,88.13968927391792,0.5
Aluminum (unspecified),1.0267445577781287,10.170873063429964,circle,25.01053419771513,80.07515981871325,27.93779689982335,144.47991661034658,0.3001615811166938,0.6003190845840094,0,302.57122690475643,398.02342323506036,0.24533650896457318,1.0,2.996966038957218,5.746434611029172,,,30.075434302662988,0.5
Aluminum (unspecified),1.0028905159351857,10.099034821457517,circle,24.86766044295013,79.96354776557281,27.702631916195802,144.4896014365755,0.2987348758023473,0.5994371380212307,0,196.86485072281042,404.3630294564778,0.35989696235840046,1.0,3.0088763563685776,5.880180553901506,,,31.215416767238448,0.5
Aluminum (unspecified),0.9958515506361085,9.592710769975973,circle,24.919316839180198,80.09021564647979,27.675047902744847,144.54729063197234,0.29956311252876255,0.5995083709539802,0,169.22758933712623,401.39642507767496,0.48352364558401056,1.0,2.999104713597553,5.908041567009333,,,31.108354255649655,0.5
Aluminum (unspecified),1.4741155597462983,8.251416244912914,circle,20.482786284676227,98.20848456240134,44.93767343568446,161.09434073053498,0.44536689294231196,0.6456721411696672,0,112.05583961964206,214.03557604607894,0.20000838294561632,1.0,3.011455467921931,5.746246960921863,,1.2585917254868002,57.626304461947214,0.5
Aluminum (unspecified),0.9973057561747488,29.57227330438878,circle,25.034563943765402,79.85128728466943,30.0834349039838,144.6673008683578,0.30061909555085387,0.6089431242191377,0,203.94436845498342,552.4712111234468,0.32089004061006526,3.0,2.5283171544808885,14.385255093306435,,0.5538072564273847,59.03871870463314,0.5
Aluminum (unspecified),1.0062028147671507,9.92393046301767,circle,24.962655309244926,80.04749706521241,28.047023780194923,144.2187355617053,0.29982832991964703,0.5999735756385011,0,168.76173898929585,399.27524154256236,0.6014400973249425,1.0,2.973876833683462,6.120456035509434,,,29.165828211246218,0.5
Aluminum (unspecified),1.00402862554751,9.47439828003012,circle,24.905749156058057,79.75435188287794,27.86467471963079,144.525555254739,0.29879159227990315,0.60027816769826,0,175.28387993560298,398.3150577895967,0.400105162684553,1.0,3.0017974119662307,5.7965383439399645,,,29.8217486066824,0.5
Aluminum (unspecified),0.9983838358944025,9.723300037337182,circle,25.03305842774941,80.15781391334112,27.795893489643188,144.5477965381063,0.3015703780830114,0.5985945216642901,0,206.71135722533043,404.65856407407153,0.4030585627028054,1.0,2.9916919098738206,5.820761002875391,,,30.182883752416174,0.5
Aluminum (unspecified),1.50023754435747,27.974482789539298,circle,19.98429166684107,99.20004226922825,49.088010795816245,162.3506732908673,0.4561441551514761,0.6605835348066537,0,156.31873105081513,350.90875878209414,0.43517553018190863,3.0,2.00455156793208,14.037167898657692,,0.918632609373859,88.26994262870767,0.5
Aluminum (unspecified),1.0118433342534017,25.885906876303125,circle,25.072162391029906,80.02573347815246,29.68833692866672,144.88176422101932,0.2994008300520215,0.6079850856294581,0,305.34825011729976,528.3647992247834,0.3028863294308761,3.0,2.5919967800555,12.68265340712859,,0.545614379425574,53.612285980802014,0.5
Aluminum (unspecified),1.3640970696823478,8.480894902109334,circle,21.34770351260779,93.64796140713523,41.23978534445754,157.0795266392473,0.40916925034191703,0.6357118267568557,0,65.30389552988134,256.98145815594876,0.6070812799922332,1.0,3.0141180583390623,5.585431364377601,,1.246243907985924,51.5819576014738,0.5
Aluminum (unspecified),0.9913188703952163,9.83894613493815,circle,25.060873655082105,80.05035860933258,27.949452551626187,144.65726371863175,0.29579116896570734,0.5994679699918143,0,199.05647941673053,403.79246419242463,0.20320674769543137,1.0,3.012188899192722,5.951312137266533,,,30.26443591749919,0.5
Aluminum (unspecified),1.5724455141216647,8.076527749814499,circle,24.965385776699485,79.9669950458273,28.01221723162508,144.68870610480744,0.2993337158187603,0.6011955886586116,0,46.409457945208686,397.6624846074301,0.39957508344539905,1.0,2.433487373950825,5.511495912542561,,,47.09584058418703,0.5
Aluminum (unspecified),1.6238059444549036,7.703328809444663,circle,18.65891264909057,103.95684236730537,51.330031442571695,166.73798414496892,0.49591293010939513,0.6637116802055606,0,41.31044319567151,149.10681332865528,0.3973327165717278,1.0,3.0047939962436097,5.671086991949518,,1.2625824027728823,67.43854328575691,0.5
Aluminum (unspecified),0.9992871796768505,9.57507016881861,circle,24.902275749352448,80.05280686250136,27.847098558454295,144.7519241086034,0.3012875934414419,0.6006261523069794,0,123.80363795600096,397.8367118056411,0.4016950072687937,1.0,2.986414372223103,5.783271538806576,,,30.781468312271883,0.5
Aluminum (unspecified),1.0007201935909826,10.09142263088912,circle,25.077211406568157,80.00058555101036,27.94653761148929,144.70207495071466,0.29904607566328995,0.6007645058340642,0,262.9192027523809,400.9069283229957,0.352347293304703,1.0,2.9912125899189173,5.972331686068563,,,30.194769727948056,0.5
Aluminum (unspecified),1.0074942454409206,9.839837106230204,circle,25.0965436574182,80.47585363459922,27.40718798146312,144.31515231088824,0.29979361206240457,0.5986451500783505,0,197.42921282577706,399.91504095563596,0.2971054807063259,1.0,2.9879348224992177,5.737552223402299,,,29.704832446351542,0.5
Aluminum (unspecified),1.2504441300911542,39.640913589912294,circle,24.98758591028173,80.05232712295836,31.819984184986144,144.33441994505654,0.29923164082209613,0.6160913793768855,1,238.31378711972155,709.5378928307099,0.44622249701688244,4.0,2.003268569389088,18.844517587452565,,0.8617599783020634,79.90508605218541,0.5
Aluminum (unspecified),1.4281729617473577,8.08884071779557,circle,25.033583271249707,79.93585933631351,27.56332670765266,144.64284450907994,0.2998197877929688,0.5996976629588459,0,121.17057380295805,403.2427612913249,0.4029462732286062,1.0,2.5580345514984666,5.3945393816949325,,,42.54685521712513,0.5
Aluminum (unspecified),0.9965497963999279,10.037108511798161,circle,24.990038152280476,79.8840380127562,27.56701298194578,144.57366685205312,0.29740724530516316,0.5998195130185412,0,222.04245783983657,401.6549073521382,0.39999710228708196,1.0,3.0253496481789446,5.856273272277186,,,28.223557653411586,0.5
Al 1051,1.5,34.0,circle,35.0,110.0,85.0,145.0,0.22,0.6,1,900.0,0.0,0.5,1.0,1.706,14.0,1.229,0.95,90.0,0.9
Ti-6Al-4V,1.0,20.0,circle,24.01,631.85,349.93,1100.0,0.16,3.0,1,1100.0,200.0,0.5,2.0,,,,0.7,90.0,0.7751635150760706
Ti-6Al-4V,1.0,20.0,circle,24.01,631.85,349.93,1100.0,0.16,3.0,1,1100.0,200.0,0.5,2.0,,,,0.7,90.0,0.7751635150760706
Ti-6Al-4V,1.0,20.0,circle,24.01,631.85,349.93,1100.0,0.16,3.0,1,1100.0,200.0,0.5,2.0,,,,0.7,90.0,0.7751635150760706
Ti-6Al-4V,1.0,20.0,circle,24.01,631.85,349.93,1100.0,0.16,3.0,1,1100.0,200.0,0.5,2.0,,,,0.7,90.0,0.7751635150760706
Ti-6Al-4V,1.0,20.0,circle,24.01,631.85,349.93,1100.0,0.16,3.0,1,1100.0,200.0,0.5,2.0,,,,0.7,90.0,0.7751635150760706
DC04,1.0,48.09378142093616,circle,38.0,310.0,175.0,530.0,0.22,1.75,1,198.01580918253129,458.9280442072884,0.440912107870857,5.0,1.9802743383132484,21.95702094053051,,0.6189618897198927,85.88591701823339,0.5318494514799581
DC04,1.0,111.90945491644302,circle,38.0,310.0,175.0,530.0,0.22,1.75,1,679.5252204620224,231.14646584079384,0.47635652594717737,3.0,2.003788661185142,23.218321086121563,,0.6944375543120196,82.77214369444067,0.48000000000000004
DC04,1.0,51.819830396306926,circle,38.0,310.0,175.00000000000003,530.0,0.22,1.7500000000000002,1,125.02880958145278,281.80113656136524,0.4401026503078494,5.0,1.9916802091785968,22.60477150035954,,0.5769565799166002,86.93371157893516,0.6622160038054168
DC04,1.0,115.79903036245594,square,38.0,310.0,175.0,530.0,0.22,1.75,1,760.563949173229,382.7405125125409,0.4786961603786622,2.0,1.9423989061316225,19.857176940194364,,0.6928866445279961,81.8248764267486,0.5333333333333333
DC04,1.0,50.074483376754415,circle,38.0,310.0,175.0,530.0,0.21999999999999997,1.75,1,209.13656684548718,451.22583412712476,0.4400643387549856,5.0,1.977383600522191,21.771879170001885,,0.6326802799496182,85.73157586705891,0.7125373788428129
DC04,1.0,83.31387584275674,circle,38.0,310.0,175.0,530.0,0.22000000000000003,1.75,1,456.73051827288435,372.9949599221591,0.45957139220156923,4.0,2.003992950166762,23.178913459611223,,0.6970445836304813,84.73315101645993,0.4800000000000013
DC04,1.0,50.75643289565334,circle,38.0,310.0,175.0,530.0,0.22000000000000003,1.75,1,234.35091885202698,533.0351127367445,0.44182990973961045,5.0,1.98397992065888,22.080443335148463,,0.5943901754945805,86.39687685118308,0.6376816814942506
DC04,1.0,49.80199944261923,circle,38.0,310.0,175.0,530.0,0.22,1.7499999999999998,1,173.4451688321544,403.2237029653316,0.4392544164504264,5.0,1.9563059898489283,20.68563286461758,,0.6804442974202896,85.0605110662834,0.7942902743575078
DC04,1.0,48.668173648120124,circle,38.0,310.0,175.0,530.0,0.22,1.75,1,171.48328125660575,367.248705611894,0.44082450486794966,5.0,1.953288515390449,20.628807396379283,,0.6810317474025344,85.0330844102925,0.5957266138088478
DC04,1.0,84.54620428404526,square,38.0,310.0,175.0,530.0,0.22000000000000003,1.75,1,485.5738846395326,373.04248402162443,0.46108010038959957,4.0,1.9616672471385683,20.802336552890406,,0.5261986367844332,83.2363530888524,0.49333333333333373
DC04,1.0,118.61564004467225,square,38.0,310.0,175.0,530.0,0.22,1.75,1,765.3783332687852,368.6070354525585,0.4798971850711475,2.0,1.9420597704517635,19.815557780842763,,0.6927106391158665,81.72418201684647,0.5333333333333333
DC04,1.0,49.670566777985016,circle,38.0,310.0,175.0,530.0,0.22,1.75,1,234.66210958062655,561.058794751482,0.43890236967375207,5.0,1.9537896693555954,20.407732425929275,,0.6775579323447183,85.02341030786293,0.8421937537286759
DC04,1.0,108.08243906509749,square,38.0,310.0,175.0,530.0,0.22000000000000003,1.75,1,643.6184501197364,233.00435670397914,0.47497526446404015,3.0,1.944614412681815,20.340563059082537,,0.6933922423036019,82.12123966032736,0.5333333333333333
DC04,1.0,50.081521630885206,circle,38.0,310.0,175.0,530.0,0.22,1.75,1,152.64247830656853,331.63802873109904,0.43981838758215736,5.0,1.9909814107755677,22.525113581379216,,0.5895236102318553,86.5881014700724,0.824104643218516
DC04,1.0,122.77734865357107,circle,38.0,310.0,175.0,530.0,0.22,1.75,1,800.8355287983653,257.13498447609066,0.4847933103224966,2.0,2.0044102122313854,23.169808170728352,,0.6926832019889627,81.70859438517589,0.48000000000000004
DC04,1.0,49.76383763508867,circle,38.0,310.0,175.0,530.0,0.22,1.75,1,153.41183010115518,348.9037269765773,0.4397294783280752,5.0,2.0044456136877806,23.22939459026216,,0.5485611662257065,87.26553641003883,0.886946454900247
DC04,1.0,49.04409269424072,circle,38.0,310.0,175.0,530.0,0.22,1.75,1,237.0011229281515,524.8281222889807,0.44077332620980425,5.0,1.9565462795586015,20.598628920712887,,0.678506596805894,84.95458836417752,0.7469593528334999
DC04,1.0,49.91323659964531,circle,38.0,310.0,175.0,530.0,0.22,1.75,1,151.11616614335995,321.4246013039303,0.4403027608454273,5.0,1.959679821531999,21.00077206440254,,0.64174708190971,85.60522839916379,0.7298892354134261
DC04,1.0,50.71540339767803,circle,38.0,310.0,175.0,530.0,0.21999999999999997,1.75,1,159.51793887014767,384.6765539952665,0.4404671734601757,5.0,1.9547228734475115,20.73012884997909,,0.6789512772393698,84.98203868306197,0.6785694664027648
DC04,1.0,82.40459575681592,circle,38.0,310.0,175.0,530.0,0.22000000000000003,1.75,1,465.84331596390444,362.15983068003163,0.45967206414499134,4.0,2.0039243819328054,23.186378069837556,,0.697017907302738,84.70941763790873,0.4800000000000032
