Material,Thickness (mm),Precut dimensions (diameter/side length) mm,Precut Shape (circle/square/etc),Total Strain/Elongation (%),UTS (MPa),YS (MPa),Strength Coefficient (k in MPa),Strain hardening coefficient (n),Anisotropic (R Value),Is lubricant used?,Feed rate (mm/min),Tool speed (rpm),Step depth (mm),No of stages,HER,Flange Height (mm),Roughness (µm),"Minimum thickness (after final stage, mm)",Final angle after the final stage (degrees),confidence_score
AA1050-H111,1.0,119.90034868266467,circle,9.985631180731893,120.8906990909996,119.75792925157532,140.00169410453486,0.03987071440408613,0.84,1,1000.0,,0.19947754582511254,6.0,1.2803229315906681,,,0.6999999866829003,89.98882381877804,0.5
AA1050-H111,1.0,116.59461800024732,circle,9.97193094038936,120.871338781906,119.80339068493365,140.00728305685405,0.040090629354886095,0.8400000000000001,1,1000.0,,0.19978123355345823,6.0,1.3283240722665661,,,0.6999999571386931,90.02005032037289,0.5
AA1050-H111,1.0,98.99370378474937,circle,7.683654567422931,119.06646213480553,108.14783636338211,137.79350263711132,0.049245441051946164,0.84,0,1000.0,,0.2940449770053405,4.0,1.561870603662535,13.43,,0.8401137550801266,86.55779196535774,0.5
AA1050-H111,1.0,134.07754213727665,square,7.765314818301989,120.62580148904644,119.85436010375483,140.00514310763603,0.0399840871905353,0.8399999999999999,1,1000.0,,0.2001820386628626,6.0,,,,0.6999999078242356,89.97059663813504,0.5
AA1050-H111,1.0,117.29055967439415,circle,10.011274186856022,120.91832987777317,120.03968728065364,140.00563711476795,0.04000073075819469,0.8399999999999999,1,1000.0,,0.20023874742718495,6.0,1.3304102807653224,,,0.6999999507241291,90.02149838157018,0.5
AA1050-H111,1.0,123.50978173143601,circle,8.573582504108657,120.7017442012671,119.9513463635922,140.01961391844472,0.039932445726744065,0.84,1,1000.0,,0.19952303624565154,6.0,1.3206491043960273,,,0.6999986009764834,90.1145516080051,0.5
AA1050-H111,1.0,114.60993306256793,circle,9.990916723550933,120.90918361303041,119.91925662919832,140.00804858640575,0.040002887455419175,0.8399999999999999,1,1000.0,,0.19869229110406872,6.0,1.320865242800306,,,0.6999999813555579,90.01322401421751,0.5
AA1050-H111,1.0,140.1653025000542,square,6.789110427258965,120.49451781446196,119.97343725500531,139.98547861984747,0.04010948026160258,0.84,1,1000.0,,0.2017416946225842,6.0,,,,0.699999985228494,90.01177066496531,0.5
AA1050-H111,1.0,82.99254780296617,circle,9.988911021655865,120.90665315178042,119.95341827634927,139.9920900950528,0.0400167567067095,0.84,1,1000.0,,0.20000208903206598,4.0,1.3184292890649665,,,0.6999999948884088,90.00692415313767,0.5
AA1050-H111,1.0,114.83914406785551,circle,9.952941235662095,120.9060962988312,119.89131867416253,140.03371752474746,0.040172698231190296,0.84,1,1000.0,,0.2002566014731061,6.0,1.3208857802026321,,,0.6999997881557506,89.95542442430475,0.5
AA1050-H111,1.0,76.5210868773513,circle,5.769432933523825,117.54406385974143,98.21063628247195,135.96613624917586,0.05705305596571448,0.84,0,1000.0,,0.3698406186662229,3.0,1.4550280655514987,13.43,,0.6558626310211544,83.61443791869667,0.5
AA1050-H111,1.0,87.76685130277069,circle,6.503317980861238,118.1084658875488,101.84031503963566,136.6473759028958,0.05426592243473361,0.84,0,1000.0,,0.3390947208638179,4.0,1.5614208915478014,13.43,,0.8395913368061491,84.71708639411385,0.5
AA1050-H111,1.0,99.66798565320157,circle,4.935246387541431,118.08670480887426,103.27171349806963,136.88648798549582,0.05320950336560388,0.84,1,1000.0,,0.3327673074883233,4.0,1.555780977665561,13.43,,0.5892949036045136,85.05247730116835,0.5
AA1050-H111,1.0,120.66018356729444,circle,10.00621451210325,120.89997985777558,119.85624043305721,140.02435369500128,0.03993057690731904,0.84,1,1000.0,,0.20020220981731965,6.0,1.2649279444277812,,,0.6999997204104329,90.051209331386,0.5
AA1050-H111,1.0,120.628950930606,circle,8.046410510893153,120.63630877935815,119.99981820696779,139.966936611072,0.04014921753552983,0.84,1,1000.0,,0.19957493811609664,6.0,1.3400397618598032,,,0.6999999927150257,90.00826613744074,0.5
AA1050-H111,1.0,126.28831005417415,square,8.695044443136991,120.7688014939148,119.8715921300814,140.01599718337494,0.03988550358601774,0.84,1,1000.0,0.0,0.1991829420715155,6.0,1.2974685825571028,,,,89.97292149534154,0.5
AA1050-H111,1.0,100.51378534206091,circle,8.190326333898781,120.68351961797943,119.85530603861166,139.99347145940513,0.04000316433324184,0.84,1,1000.0,,0.1993716085985383,4.0,1.0,,,0.6999999307728696,89.97451839502928,0.5
AA1050-H111,1.0,91.46410943936563,circle,10.02902663815302,120.87654186137215,120.10051047878845,140.02717707306743,0.040235159010099726,0.84,1,1000.0,,0.199350183379192,4.0,,,,0.6999999618184224,90.0189241136103,0.5
AA1050-H111,1.0,122.34238526934456,square,8.753525346155206,120.77587283640793,119.84133189368922,139.9489526352715,0.04013522101508052,0.84,1,1000.0,,0.2004880059486116,6.0,1.0,,,0.6999998411609637,90.03859821670552,0.5
AA1050-H111,1.0,87.110208200681,circle,10.014864528379945,120.95613213591776,119.91891325936318,140.02360639663107,0.04020197786431452,0.84,1,1000.0,,0.1989247732500695,4.0,1.312257765525786,,,0.6999999979384446,90.00439730024927,0.5
AA1050-H111,1.0,120.56352339257488,circle,7.9040060296391665,120.6255926697287,119.8149655062991,139.98632838913306,0.04007068435703309,0.84,1,1000.0,,0.1998074524987132,6.0,1.3243609679267019,,,0.6999982588002417,89.8722052539303,0.5
AA1050-H111,1.0,53.13612118117707,circle,10.00077181613099,120.9039658747687,119.88928949052436,139.99955840025817,0.03995193280320697,0.84,1,1000.0,,0.19988018291929235,1.0,,,,,,0.5
AA1050-H111,1.0,140.32026176267357,square,6.801659188183046,120.49858334221241,119.85746627274483,139.99667473022316,0.040023824010798875,0.8400000000000001,1,1000.0,,0.20018836771312473,6.0,,,,0.6999998088080354,89.95765292305342,0.5
AA1050-H111,1.0,128.32547585068136,circle,8.766517801454945,120.7472247664629,119.74746778306462,139.99878128406763,0.03988707696960091,0.8400000000000001,1,1000.0,,0.19918073834087044,6.0,1.0,,,0.6999999891721788,89.98992235285209,0.5
AA1050-H111,1.0,130.37619710480837,square,7.937166122957927,120.59847224564699,119.76281949098424,140.0055270895162,0.039964866093754436,0.8400000000000001,1,1000.0,,0.19943963751798463,6.0,1.0,,,0.6999998590999705,90.03635332670221,0.5
AA1050-H111,1.0,115.01689361746102,circle,9.983201892990476,120.91189890257613,119.75775445221316,139.9991404414989,0.040035323327545835,0.84,1,1000.0,,0.20032904904604706,6.0,1.3248515361005062,,,0.6999999867753223,90.01113733184451,0.5
AA1050-H111,1.0,130.50898868885056,circle,8.394071158872324,120.68378784951655,119.93271463758718,139.98825906300047,0.04013001214650869,0.84,1,1000.0,,0.20019375141164014,6.0,1.1991290969156285,,,0.699999988867962,90.01021823647498,0.5
AA1050-H111,1.0,120.31516753152796,circle,9.994465139031165,120.88733827584751,119.85620671040947,139.99964936380132,0.04001720487281773,0.84,1,1000.0,,0.20096452632339581,6.0,1.27242551386574,,,0.6999999637095393,90.0184495107106,0.5
AA1050-H111,1.0,99.74383365163605,circle,9.98431093486508,120.89421617962984,119.94820287739617,140.03132510746954,0.04008823611562197,0.84,1,1000.0,,0.19929884416102997,4.0,1.3276500035334744,,,,90.01346319493217,0.5
AA1050-H111,1.0,120.11620641101187,circle,10.014302854794705,120.89253341672331,120.0000078343163,140.01185769320753,0.04013549284542731,0.8400000000000001,1,1000.0,,0.20035489522470407,6.0,1.3289927838960873,,,,90.00396413157982,0.5
AA1050-H111,1.0,117.01484494102309,circle,8.073147651335304,120.64799553265473,119.91635696759866,140.00313598379987,0.03995080648431712,0.84,1,1000.0,,0.19947958654960926,6.0,1.3170715863439786,,,0.6999999993244423,89.99748278800669,0.5
AA1050-H111,1.0,139.3293351722256,square,6.7893106297353665,120.48469668413162,119.99215538939299,139.97241305584774,0.04022219465992827,0.8400000000000001,1,1000.0,,0.19991311856266747,6.0,,,,0.6999999873555516,89.98910973231257,0.5
AA1050-H111,1.0,115.52572724246733,circle,8.661550657814784,120.75453843859343,119.93943320815352,140.0114391024384,0.040008732888200574,0.84,1,1000.0,,0.1996073917803509,6.0,1.312386720738969,,,0.6999999990943713,90.00291449763637,0.5
AA1050-H111,1.0,126.38324059577889,circle,8.975061965128084,120.77744587274955,120.04375117991746,139.99393890537175,0.040152636139400275,0.84,1,1000.0,,0.20015631215108648,6.0,1.0,,,0.699999985129603,89.98819000016006,0.5
AA1050-H111,1.0,112.08875804704624,square,7.853037425567902,120.64165572290977,120.00068313139936,140.06257613289827,0.040068983673425956,0.8399999999999999,1,1000.0,,0.19859254406852297,4.0,,,,0.6999998380233671,89.96102242625219,0.5
AA1050-H111,1.0,92.19743285125935,circle,4.656348234403132,117.73640238934001,100.56661355712414,136.39453710759702,0.055164831788622054,0.84,0,1000.0,0.0,0.3506124568791448,3.0,1.4083115776420643,13.43,,0.8410309991882742,84.26409109821185,0.5
AA1050-H111,1.0,89.33671247560854,circle,8.554774061943627,120.75074058276327,119.88839749385912,140.00108866280695,0.04002506741147878,0.84,1,1000.0,0.0,0.2003631392856838,3.0,1.2442977195907838,,,,89.98500129176307,0.5
AA1050-H111,1.0,114.15683049216905,circle,10.016754851741045,120.91708725287045,119.9305735176461,139.98224734280294,0.0399702655204906,0.84,1,1000.0,,0.1997431320728921,6.0,1.3345267938599719,,,0.6999999923892185,89.99155104033069,0.5
AA1050-H111,1.0,86.59210106544928,circle,6.350753900735005,118.05265293783408,101.6967863591228,136.60218000426835,0.054468681010287234,0.84,1,1000.0,,0.34638032175337996,4.0,1.4414249594021071,13.43,,0.8405708531692995,84.5437754623578,0.5
AA1050-H111,1.0,131.6553217579403,square,8.166700096427167,120.66528853164306,119.9269850332176,140.0029937001656,0.03996888564029406,0.84,1,1000.0,,0.20023729270518473,6.0,1.335573544380781,,,0.6999999546224129,90.0206304789923,0.5
AA1050-H111,1.0,120.14725143057922,circle,8.766564546174145,120.7486916737028,120.03628237023136,140.01698413843386,0.04008191078427632,0.84,1,1000.0,,0.1995236048611017,6.0,1.3306180090775037,,,0.6999996103394555,89.93954505269835,0.5
AA1050-H111,1.0,127.50740215046085,square,8.972762718519096,120.7731398527888,120.04906440182323,140.00908846552034,0.04009436870859713,0.8400000000000001,1,1000.0,,0.19987505334149247,6.0,1.0,,,0.6999999678948116,90.01735306617624,0.5
AA1050-H111,1.0,120.66001622672573,circle,10.044442226784533,120.88159292277253,119.9375311151855,139.99995909675647,0.03997418769405783,0.84,1,1000.0,,0.2013349867898613,6.0,1.3333941863546293,,,,90.01561022798852,0.5
AA1050-H111,1.0,127.71381908956428,square,6.793914143648783,120.5005155503127,119.98169438408637,140.00117362045182,0.03984583122667489,0.84,1,1000.0,,0.19939139910072826,6.0,,,,0.699999993273457,89.99205699981692,0.5
AA1050-H111,1.0,138.34353772202618,square,6.787828955447862,120.52453140755614,119.72527367935284,140.0356719175333,0.03998285526888049,0.84,1,1000.0,0.0,0.19887834829051587,6.0,1.0,,,0.6999999868874024,90.01109003653849,0.5
AA1050-H111,1.0,133.51595337216082,square,6.815564613982141,120.50349385857574,119.91972164379366,139.99754913555668,0.039998047260347856,0.8399999999999999,1,1000.0,,0.20096580968619063,6.0,1.0,,,0.6999999220982523,89.97296899364592,0.5
AA1050-H111,1.0,120.9702467908769,circle,8.326061347407926,120.68970924692496,119.79938286927317,140.0204432069529,0.03997950728783608,0.84,1,1000.0,,0.19985763702042533,6.0,1.2086825826260874,,,0.6999999998567037,89.99884067275546,0.5
AA1050-H111,1.0,130.671749877586,circle,7.796365469256525,120.61765871736104,119.76364292236063,140.0174753643585,0.03986588046834976,0.8400000000000001,1,1000.0,0.0,0.2001077194692824,6.0,1.271441603190025,,,,90.03058464390541,0.5
AA1050-H111,1.0,115.99381428326029,circle,10.007049851952354,120.88106990263374,119.8098653953672,140.024853708081,0.03990625888766638,0.84,1,1000.0,,0.19908579399730264,6.0,1.272020560428437,,,0.6999999889205364,90.01019407863157,0.5
AA1050-H111,1.0,126.15070841721153,square,8.97830087319721,120.81479768170298,119.90515519075926,139.99654189219942,0.040009082116426786,0.8400000000000001,1,1000.0,,0.1997202366568309,6.0,1.0,,,0.6999998842393335,89.96704896006096,0.5
AA1050-H111,1.0,76.33763466085547,circle,5.7501748213865245,117.51525955563906,98.07755593854608,135.99025566256853,0.05739746868026237,0.84,0,1000.0,,0.3718207781878338,3.0,1.4577430352023868,13.43,,0.654649907100314,83.51270649776917,0.5
AA1050-H111,1.0,92.21766153616849,circle,5.086618162616368,118.30435841050651,104.50594547705204,137.10025559238724,0.05220269229076086,0.84,1,1000.0,,0.3214825781111925,4.0,1.5632355479397126,13.43,,0.5111024570235907,85.43435008636413,0.5
AA1050-H111,1.0,129.90042253500584,square,8.139017616009872,120.64491205379609,119.89117992476699,139.9881841573775,0.04015223194098586,0.84,1,1000.0,0.0,0.19932046332710562,6.0,1.2338910327366364,,,0.6999999993598036,89.99754955362536,0.5
AA1050-H111,1.0,138.1819360278825,square,6.810227303487027,120.46259379783747,119.92729477886233,140.02499292177788,0.04003994708890475,0.8400000000000001,1,1000.0,0.0,0.19856697698732206,6.0,1.250614462635975,,,0.6999999596232107,89.98053947720373,0.5
AA1050-H111,1.0,120.17215587709063,circle,9.989472685556677,120.89574265342672,119.95167265938561,139.96379545106672,0.039881115901731275,0.8399999999999999,1,1000.0,,0.2001403816262782,6.0,1.3326013422714906,,,,90.00327484267162,0.5
AA1050-H111,1.0,140.02017065869546,square,6.8087946868958245,120.47594941498483,119.88648753994039,139.9841517385309,0.03996467301750847,0.84,1,1000.0,,0.19979820305940776,6.0,1.0,,,0.6999998591548942,90.0363462406361,0.5
AA1050-H111,1.0,93.64258327290167,circle,10.01058004545441,120.89340611394478,119.949038577135,139.98688113991338,0.03990658480332871,0.84,0,1000.0,,0.19972969617642705,4.0,,,,,90.02708644879482,0.5
AA1050-H111,1.0,120.6408034119496,circle,7.89769252030744,120.67506953143992,120.02670523209105,139.99242813921765,0.04024351228143579,0.8399999999999999,1,1000.0,,0.198954024207942,6.0,,,,0.6999999298974483,90.02564221438416,0.5
AA1050-H111,1.0,121.13162677348478,circle,9.988708633942998,120.93770418562848,119.82329520107663,139.98718062322234,0.040062020508921464,0.84,1,1000.0,,0.19961615890661663,6.0,1.3268091995305116,,,,89.98538430724194,0.5
AA1050-H111,1.0,117.11988639619658,circle,10.022987500774963,120.90337511433212,119.85170331109677,140.01309735569131,0.03992760254933806,0.84,0,1000.0,,0.20024352033194545,6.0,1.3140599129626163,,,0.699999446330116,90.07206329064248,0.5
AA1050-H111,1.0,129.95495498263296,circle,8.45231228949961,120.701095331525,120.00064086147954,139.99844016539777,0.03997818284710075,0.84,0,1000.0,,0.20051991718693393,6.0,,,,0.6999999349490088,90.0247010589751,0.5
AA1050-H111,1.0,140.11313399373574,square,6.818328762234268,120.52637055342596,119.91263559672709,140.00057819592953,0.040022085548866285,0.84,1,1000.0,,0.19912020792352958,6.0,,,,0.699999943857564,89.97705256021219,0.5
AA1050-H111,1.0,78.2979600587657,circle,5.5314659287414365,117.36190767990175,96.93483543263514,135.78066363088698,0.0580625630696382,0.84,0,1000.0,,0.37889736095448506,3.0,1.4189511361962197,13.43,,0.6697681326388106,83.20622628984655,0.5
AA1050-H111,1.0,129.35757947954252,circle,8.108846537938147,120.63630712387679,119.92641349781071,140.01787116951598,0.04004176025267692,0.8400000000000001,1,1000.0,0.0,0.19946590042698245,6.0,1.2455754469340163,,,0.6999996511689822,90.05720001936191,0.5
AA1050-H111,1.0,120.25294210456384,circle,10.000963315891958,120.9195833494388,119.83638570322456,140.02440936091116,0.03998942863675634,0.8400000000000001,1,1000.0,,0.19966453784698926,6.0,1.3311591576400497,,,,90.0217671170465,0.5
AA1050-H111,1.0,114.18758738899328,circle,10.019938665796353,120.88861040385686,119.86204455508933,140.01172181674698,0.04002438405118059,0.8400000000000001,1,1000.0,,0.20088500126226524,6.0,1.2759649751574893,,,0.6999997685311227,90.04659452886203,0.5
AA1050-H111,1.0,117.73265188995126,circle,7.914897035226775,120.61482004499945,120.11555121145902,139.9952353636039,0.04001323402792042,0.8400000000000001,1,1000.0,,0.2009745326274449,6.0,1.315953513601837,,,0.6999999955650702,89.99355041185187,0.5
AA1050-H111,1.0,119.78294102658377,circle,8.579507189340294,120.70644387294332,119.81767702690678,140.0305614068167,0.03996409581727724,0.84,1,1000.0,,0.19978082287711393,6.0,1.2226730254711715,,,0.6999998187796626,90.04122798286978,0.5
AA1050-H111,1.0,121.09185959013412,circle,9.989174094703085,120.91137505519325,120.02394784405253,139.99108811825852,0.04013961119968599,0.84,0,1000.0,,0.20039295458316017,6.0,,,,,90.00643841758236,0.5
AA1050-H111,1.0,129.01455049571376,circle,8.207137848143885,120.67714904607175,119.93286479817701,139.97006210381696,0.03996106880538171,0.8400000000000001,1,1000.0,0.0,0.19993753936541364,6.0,1.2761925241221923,,,,90.00065806489474,0.5
AA1050-H111,1.0,120.62134294575162,circle,9.983797472095514,120.89636121109758,119.90041201746998,139.96255097736605,0.040040280616143,0.84,0,1000.0,,0.19950764633757426,6.0,1.3274250689498408,,,,89.9982114789318,0.5
AA1050-H111,1.0,114.43629922040284,circle,10.004051273972042,120.9130178829231,119.81391180323875,140.00075192214535,0.04007020402846174,0.84,1,1000.0,,0.19991134104834665,6.0,1.3233885633847375,,,0.6999999322982877,90.02519929785343,0.5
AA1050-H111,1.0,115.4459377079616,circle,9.986637724270846,120.88523509034705,120.0240730690947,139.95429970621555,0.04010775546271334,0.84,1,1000.0,,0.19877099289131772,6.0,1.3345060564965872,,,0.6999999472265106,89.97775171609109,0.5
AA1050-H111,1.0,114.5967200119464,circle,10.01591816288774,120.90902638742759,119.80889925544265,139.96882571307697,0.03989328642861935,0.8400000000000001,1,1000.0,,0.19947930656322674,6.0,1.3370160045361374,,,0.6999999998340498,89.99875239408334,0.5
AA1050-H111,1.0,120.15968899603538,circle,10.044819047588124,120.8819721853093,119.83923361801266,140.01152427460335,0.039934956881209856,0.84,1,1000.0,,0.19930392411715622,6.0,1.3201524569386067,,,,90.00224483091162,0.5
AA1050-H111,1.0,139.29747496206144,square,6.790464837178375,120.50731201918639,119.99303822180828,140.01943774224677,0.039712558342784275,0.84,1,1000.0,,0.19995876143945135,6.0,,,,0.6999999357745994,90.02454381248442,0.5
AA1050-H111,1.0,117.2446157397714,circle,7.900520368197398,120.62935474074452,119.99138216137341,140.00145917998205,0.039958142965491376,0.84,1,1000.0,,0.20083755175428167,6.0,1.3094845846754397,,,0.6999999957753398,89.99370516280788,0.5
AA1050-H111,1.0,111.0143199925136,circle,9.988156742307453,120.89457258988817,119.77962155714836,139.95658950605528,0.03993069447674109,0.84,1,1000.0,,0.1999470289422533,6.0,1.3101373740348807,,,0.6999999993463342,90.00247609027487,0.5
AA1050-H111,1.0,137.17661036665476,square,6.7742580457320045,120.50682714698523,120.01948454225746,139.98514428497717,0.04018382392730693,0.8399999999999999,1,1000.0,0.0,0.20065599892363636,6.0,1.0,,,0.699999235663737,90.08467025779801,0.5
AA1050-H111,1.0,97.10405209191708,circle,5.36298601575787,118.65007769549185,107.4391457581273,137.6638266368293,0.04976910533022318,0.84,1,1000.0,,0.2996104585585933,4.0,1.5518173188933728,13.43,,0.6985107178564999,86.26187233038414,0.5
AA1050-H111,1.0,83.53973714475745,circle,10.0216386325734,120.88599864932557,119.76491181220048,140.01356805788478,0.039957235508965606,0.84,1,1000.0,,0.2011230659303123,4.0,1.3155369394830467,,,0.6999999701619244,90.01672915544046,0.5
AA1050-H111,1.0,86.49902084703481,circle,8.430054518516867,120.69202631787374,120.08589510563174,139.9872664461901,0.04005303767921324,0.84,1,1000.0,,0.20006794117491225,3.0,,,,0.6999999969986472,89.99469424577157,0.5
AA7075-O,1.6009218569065604,59.18654827679764,circle,16.933810359623894,214.08178591046703,110.05337423852055,399.9416717454404,0.17198387372481805,0.8493924309745386,1,995.4900470796073,491.34086348077625,0.1999601779669508,1.0,1.604423076145568,25.696453904677174,,,90.05769720967685,0.5619316840096583
AA7075-O,1.5933725063586115,59.67650200760702,circle,16.08777292274404,214.63506906770039,109.67159982892078,354.6705497607304,0.22377466853764763,0.8497800086797219,1,989.5754398123676,646.4918607962962,0.20001264731928375,1.0,1.597016209129144,25.53772709098942,0.2295116310896441,1.1153590202722854,89.89896381577398,0.48462387506051297
AA7075-O,1.2252623019666382,88.4451599223112,circle,12.613167522353164,160.03988164542108,113.78117732888134,235.7964995474737,0.33949245340793616,0.8437627795777483,1,1006.4224308873553,,0.1999085959693919,4.0,1.440028960876506,17.904721815328983,,,69.95853710191096,0.6000000000000001
AA7075-O,1.5997630053958536,64.82554953986498,circle,17.015213986458576,214.25577027428892,110.02120425796177,341.8478129198141,0.14234824306456995,0.8500971460973908,1,1004.0752107283961,1002.7589178412434,0.20003507690422576,2.0,1.4658231961571395,23.257163553489246,0.16938514282958825,1.0991813687162033,89.96256318998812,0.5098524863332798
AA7075-O,1.2855093672885352,80.5043383073664,circle,13.273994866548998,165.27791720535345,114.7051861009906,262.9727975675151,0.10041811353830297,0.8437321101101787,1,1019.896792065323,1004.6485503620931,0.20070330071734993,4.0,1.660852444147639,26.496270566870155,,,79.46833827637973,0.4736842105263158
AA7075-O,1.5983138492663709,61.23173861458875,circle,17.01552985987628,213.94342334128186,109.59613308321333,401.2768280931985,0.16735320004283544,0.8498762200020605,1,984.8563155715295,0.0,0.19777415262234296,1.0,1.5395020127658146,25.013971827517484,,1.118819435796459,89.96103744680244,0.47000007435978325
AA7075-O,1.6033571621597509,60.25438475354726,circle,16.966313001432443,214.18110175179643,109.53530679406889,398.91730916555156,0.1730071553352203,0.8501709812465676,1,1006.8001861416236,634.6219691853385,0.20082313064426655,1.0,1.562138726971362,25.762503866290345,,,89.96182138900612,0.5056882914356386
AA7075-O,1.5972538952707775,57.186453380424695,circle,16.75054591692683,220.62006138063506,107.51648950532952,436.12855867053554,0.15948946635682035,0.8720810994535825,1,1004.3281386779878,3.91106488629009,0.20018337763843633,1.0,1.619575616832323,27.0063376786494,,,,0.5579977780998236
AA7075-O,1.6021952650437539,63.15525731838053,circle,17.008261078516203,213.66550681126822,109.23743793406886,399.7167507000464,0.16967430440273684,0.8497018952198053,1,974.2298110023855,357.66234044103714,0.20042574243729502,1.0,1.4959253305588474,23.598087531223214,0.33819124413290613,,90.02771718739508,0.47500000000240933
AA7075-O,1.6029485543251927,60.80615361174294,circle,16.80475514308777,228.79884236665956,107.92468142801569,441.76114849734387,0.16341620383938252,0.9002433395533385,1,976.122062664161,575.0451865968284,0.1995866421562116,2.0,1.0,,,1.1992113741619277,,0.46666666666683027
AA7075-O,1.6005218478652392,61.86861480412438,circle,16.39369884098803,213.76152513165854,109.47552447819223,400.0075309275582,0.17315006415396741,0.8500926229686375,0,980.6956468147752,998.8838491738636,0.19978586124180872,1.0,1.5558656164242013,21.406195476450716,0.1696500327572917,,90.04669797633164,0.5083333348451748
AA7075-O,1.3067173606352789,57.7277752735777,circle,11.334981131729378,173.29244108402037,92.58001218354443,268.636983693281,0.46698885044389116,0.8509250098482459,1,,,0.34578575825667257,1.0,1.4957528734836507,15.764428566333686,,0.836002662118792,78.77766435786668,0.5333333333333333
AA7075-O,1.601147481623847,60.07132845328753,circle,17.080497026416854,214.22407387035705,109.38779560693169,332.47864212999065,0.13707931647464522,0.8489934913087379,1,1003.8721270469249,1.0137306626921887,0.19848056427521454,1.0,1.5751088745450132,25.834039233787927,,1.1208032301250073,89.99359109021276,0.48227766316917475
AA7075-O,1.601211074202158,62.38091164170114,circle,16.319810586935148,214.33117695266137,109.23675829995285,369.2839173083741,0.2053378434603414,0.8504233401500088,1,1021.8156574935896,317.16929286255976,0.19999975212799406,1.0,1.5270046332281062,24.428851562548722,0.28810575317012127,1.120847734580801,90.01008435326958,0.46923076934164
AA7075-O,1.5988009665508587,57.36544350476553,circle,16.550204866756467,213.24170630021254,109.35448520915153,379.8018806161189,0.19534124269327965,0.8508240779669197,1,992.8254136213493,1.134615716152146,0.20052467649728217,1.0,1.6566612897141326,26.763025643359562,0.33933732848567455,1.1191605477158864,89.97250416921311,0.5232346927404713
AA7075-O,1.6017249595843044,60.46556374357919,circle,17.141408985683423,213.75996416577252,109.41078247489975,399.47706423131115,0.1696855979094687,0.8493536004445408,1,991.774683051446,494.65565863079803,0.20032127197710323,1.0,1.5657058923214722,25.705290578978524,,,90.02606312321791,0.4843124658869526
AA7075-O,1.603021704323876,58.856998513765035,circle,16.623214395055516,214.27655824686747,109.67510420901253,327.6961954670919,0.17120965160516058,0.8498663110768174,1,990.3614247892896,489.5070361003297,0.1996259384124595,1.0,1.6040394360812549,26.766225075560488,0.17069460967265282,1.1221145427512336,89.93831669731271,0.5154013379625502
AA7075-O,1.6010228570871676,61.58102524330503,circle,16.59713638903083,220.05153987740013,106.39494564374827,353.25507079832823,0.14775470113793387,0.8499131448735374,1,985.1234290259006,,0.20100282302243377,2.0,1.6468709417351144,23.95184417961835,,1.1000799369643348,89.96253720509189,0.48000002347474985
AA7075-O,1.601705077164876,64.75502017297565,circle,17.001877513721205,222.51965980668336,109.6411130500051,278.66530881992435,0.11778906930840821,0.8510473777846045,1,1012.7803731550191,997.3810858108213,0.19974615395273562,1.0,1.433782500136349,20.370430387759487,,1.1023596603443278,90.00962577994336,0.5000000543213716
AA7075-O,1.6010519225667508,61.18733021460052,circle,16.970632930907552,221.2136347637294,105.99252848423114,399.50351422695167,0.5229906657474996,0.8499728911550591,1,992.3874462951729,1004.4459955508056,0.20003125682173867,1.0,1.5463699446038341,22.24857627543593,0.1709480539679454,1.1207358317353253,90.05487738596618,0.5076934089192583
AA7075-O,1.6024739775265486,56.98123884266936,circle,16.522089067062723,213.88063359266962,109.23149874072354,376.1562832768382,0.19863303042140423,0.8502409191414882,1,993.6991580596211,1001.7095486429208,0.1995068389533685,1.0,1.6750878466838246,26.62654064944555,0.1719879754021408,1.1217311445302902,90.06119195264722,0.6004188178143809
AA7075-O,1.3508555961233735,38.8251545553811,circle,18.449945645747814,219.73848357260871,141.98332156619242,374.41857153199317,0.3348028333879929,0.8499813769078379,1,996.4174641798858,0.0,0.11677875469034896,1.0,2.3791060271758013,,0.3401812593868374,,90.03718356111722,0.4947368421052642
AA7075-O,1.5991580494141886,65.10858880240282,circle,16.34047391577378,214.32396035561405,109.69261749933146,372.24643758308,0.20467124001468093,0.849565684777534,1,1013.1613401957458,373.3149858928567,0.1997257464042553,1.0,1.453908706006076,22.898279224284924,0.27745166253115994,1.1194091898159122,89.90794594491321,0.4692313421117902
AA7075-O,1.5996323636739567,60.75495483903184,circle,16.073834394175122,213.9759564785453,109.38488659426211,379.76030297813475,0.193269356243435,0.8494931851682872,0,1010.1772527997887,3.353344061310803,0.1984830735275738,1.0,1.558598957260128,,0.33982905055445844,,90.0416606294706,0.4947508851354123
AA7075-O,1.6064770141291935,64.48739507410964,circle,17.019482260643432,222.95529252751206,109.7135259171687,345.4645977317849,0.1471305338773918,0.8503521647500778,1,994.8137382274223,0.0,0.20029452014454135,2.0,1.4832524643690144,23.58314041989725,,0.9226433330138483,90.03126878711868,0.4900093178215624
AA7075-O,1.602465118091093,60.140898262489046,circle,17.03581029622104,219.05250041753274,107.20298807833154,399.3283282216229,0.4137963557522221,0.8495714466971369,1,993.3310537160996,7.181740855371132,0.1998849773441362,1.0,1.577776940931339,23.62349312514639,,,90.10591951003333,0.4947660664634008
AA7075-O,1.5997037920726471,65.50225181580993,circle,17.061276629676435,214.20140420819843,109.277069043696,400.1220623074109,0.17086435832144511,0.8498066598834196,1,1032.2785883003598,482.87643689831447,0.2003606551186921,1.0,1.4525865773260234,21.768053897768926,0.25805719237640345,,90.05804603908747,0.47500000000000364
AA7075-O,1.5985019425448805,63.25015404877909,circle,16.99508059432015,213.91731750052116,109.88924512784827,342.40707391975394,0.1474929194707407,0.850157657473781,1,980.0574862097166,0.0,0.19950670652321667,2.0,1.5430702065780735,24.32038373353115,,1.1008938032234787,90.02635060167192,0.49000000065506844
AA7075-O,1.5968097075288779,56.754665800340575,circle,16.99550980621087,213.77109592451913,109.65830778625224,399.95615288685633,0.16761688715935677,0.8499470629143991,1,1015.9024498770483,1004.3686368852515,0.19974858852952296,1.0,1.662367556522375,26.616820965285097,0.1684499024093525,1.1177663301661354,89.94773185136597,0.6000000367826122
AA7075-O,1.6014243063841924,65.39320897284907,circle,16.262788666535926,214.320241023937,109.40368465663556,399.37439025132943,0.16523779499551694,0.8501247335712444,0,1018.8651823350993,995.0193710379403,0.19948849323325635,1.0,1.4535827712837777,21.454684862595457,0.17099876468544645,,90.01063088225986,0.5083333356778292
AA7075-O,1.5999905909823369,61.512206217653045,circle,16.613598802193376,220.04364399622844,106.75442630014446,352.73491427820244,0.1480589678582206,0.8498028453864701,1,987.7283250791862,,0.20083118939720931,2.0,1.6500230075635538,23.99022281369438,,1.0993345749140322,90.04761204055721,0.4800002478840925
AA7075-O,1.6063860617086823,60.6459256263182,circle,16.530348098659736,220.24153844889713,109.26672046231484,359.75830024775064,0.15202688266937142,0.8501547451797828,1,1012.3739283418149,1002.090654283695,0.3407057994070221,1.0,1.581443351972749,26.56824845994645,0.17003255816348964,0.9106694237355607,89.97181526979494,0.5000003390761416
AA7075-O,1.6003355192958562,61.09793356297703,circle,16.911532085026284,221.9346762633813,109.21019806556363,351.9717491423252,0.14888531270736435,0.8501662458990038,1,989.0288513436172,428.15026621958964,0.20061490294699222,2.0,1.5674220374280394,26.574340470243836,,1.099729276560722,90.0247247945384,0.480000365114811
AA7075-O,1.5977364301391903,63.19020454803883,circle,16.615899533370875,222.1310443597648,109.94377342058024,330.7837063046773,0.16604198155561978,0.8495164137805807,1,1019.72392927054,598.8887568988104,0.2004585259472448,2.0,1.0,24.807229199417087,0.340518721236228,0.9589838872904779,89.98236635904877,0.492307692472265
AA7075-O,1.6002531634702164,65.16497040838692,circle,26.746363269596152,229.21143260425077,141.6661779925723,400.74621666577394,0.4085992905995553,0.8504339627389729,1,5146.961052411668,627.3033562318192,0.19991652900381177,1.0,1.4523244382975014,20.235836489048726,0.16857045787682876,,90.05092601536948,0.5
AA7075-O,1.601431122117753,61.7168929572416,circle,16.95832091524003,218.8063635645663,107.94131178613831,462.8627173258882,0.1800924174210668,0.8649464621796865,1,971.4098544993794,6.0745590765633075,0.19940564854007667,1.0,1.4619830548255721,23.607349178102723,,1.121001770826684,89.99073514981048,0.470000000000076
AA7075-O,1.2897157326614195,35.309266841474056,circle,19.66191068657987,221.5188984042536,150.6411322986758,400.2434691953612,0.34410926744214115,0.8501843128080407,1,982.8160355611697,0.0,0.0932839545955243,2.0,2.5637771144230737,26.906698923041827,,,89.92530586283611,0.5157894736842106
AA7075-O,1.599917722633017,64.91740808312161,circle,16.31509426436835,214.1639158936855,109.60388993587551,370.25833719782554,0.20400842377739817,0.8499220350783481,1,1025.8251783826247,1001.7934179837807,0.19912512288019904,1.0,1.4562334949891536,21.998595825172004,0.1701127115249466,1.11994229838678,90.02509896393799,0.5153846153867454
AA7075-O,1.5986839314234633,59.94767894743614,circle,16.36330671895804,218.41142999559517,109.65629460486237,373.04884200493734,0.15518722758490355,0.8502320397574499,0,994.3008324029922,999.2923054889472,0.19960503873697738,1.0,1.2815427622799618,,,1.2007191195980351,,0.5067868742500281
AA7075-O,1.5982930610921475,61.60255307604679,circle,16.932379738027873,222.5235282801013,109.61365748142873,346.7696613863692,0.14376071628234274,0.8489318947812882,1,987.6205488240084,378.52970925857454,0.20058895344686878,2.0,1.5529830327294707,26.560881579690736,0.17108402800610115,0.9311926674889937,90.02814950681413,0.48461548145617117
AA7075-O,1.5981474907489899,59.7939088229652,circle,17.003196730897745,213.69051274085737,109.52921713027759,400.5331214119192,0.16927516125105774,0.8501979755831948,1,988.7632539059498,617.1106938507065,0.19862869038199288,1.0,1.5822364403403903,25.44347100825096,,1.1187003808009721,90.12961938668842,0.4700034295973969
AA7075-O,1.2591927539354948,82.44448198173862,circle,12.796928760244356,167.29579811022919,113.42696761786786,339.2852596970837,0.10803999258251964,0.8655885647576693,1,963.7759391553823,0.0,0.2000251184293571,4.0,,,,,69.9670199494419,0.52
AA7075-O,1.405264141997017,60.08138228534927,circle,13.404008855267946,192.13160068955796,100.93621886552468,256.2359194019669,0.11119252565435978,,1,1020.6160942973181,992.7141555052586,0.29463578014372455,2.0,1.0,13.407778265460468,,1.0864772214896017,78.86584447695337,0.5200000000000009
AA7075-O,1.5997005079640052,64.55424843628246,circle,16.010034080240164,223.92888885446706,109.62210484785518,325.8148226490069,0.1576255216914113,0.8493778208119798,1,1011.4083784820533,1002.4674058569454,0.4097022989899024,2.0,1.4753371598175768,22.358529791472748,0.16988025051616093,1.0603292902291233,89.9543877285632,0.5153846995761492
AA7075-O,1.6015467298891293,64.7416002964089,circle,16.949194745110564,220.73460432927897,110.12194219761297,328.2648049740895,0.1430573027159362,0.8503376454033117,1,991.652276868464,493.2351883658596,0.1995658422231274,1.0,1.4557649538226025,20.78334683116451,,1.1210816567107145,89.92142529707354,0.4900053496442092
AA7075-O,1.600246428081111,60.410926800718954,circle,16.68543434991324,224.21952144873808,106.38832187089182,533.2575463994887,0.19752962246887498,0.8822756174738128,1,1012.6549178441413,364.8345497655031,0.20065112679709962,1.0,1.5641095031260448,25.299762058948765,,1.1201724739373695,89.98772205557357,0.4700000140012895
AA7075-O,1.5976644208184467,64.01867479678847,circle,16.70697442323486,213.67636274442376,109.45147835106502,400.81713797103237,0.16962168608597453,0.8488048514308529,1,1001.1593753331116,618.005342004972,0.19949191658939777,1.0,1.4901731380155825,13.605139294054009,0.17023772221013778,0.8004163411573979,89.86568903690164,0.5080920560895935
AA7075-O,1.2397787848168522,34.33851013328793,circle,19.61986746526851,227.5950493552085,157.34054010870236,367.82452627111286,0.35233141292602427,0.8500287081226378,1,995.9229175579733,0.0,0.1964636234677222,2.0,2.6542364982954547,,,1.1992102873970782,90.01492483924741,0.49333333333333335
AA7075-O,1.3816125426999029,74.28696152870465,circle,14.058907037632133,189.52536444876338,110.83894388580188,435.54219220057746,0.14627465331761355,0.8770659738618714,1,994.8161263575904,0.9440375739440399,0.1987783354859177,3.0,1.6222849529122336,27.012952170454415,,,69.96179371313443,0.49473684210526686
AA7075-O,1.6007394417175538,62.95257782831078,circle,17.081289585300595,213.67848642677873,109.42380949881746,344.0785016860439,0.14413676730761094,0.8499303449915679,1,977.0841366037221,996.8191992886876,0.20093534825627937,2.0,1.576256121757774,24.837096061762843,,1.10134213795904,90.03587122326633,0.5000000000353692
AA7075-O,1.5962707127058913,60.618876176607586,circle,16.951175960797084,213.81355898085525,109.43913130812246,356.9859368110625,0.1485731211164167,0.8503628688551684,1,982.84896922043,999.5529190145778,0.20005676409533155,1.0,1.655493283225428,25.306534667180813,,1.103092965398043,90.06284923800422,0.49000001094773765
AA7075-O,1.5997559713745229,60.49065387555857,circle,16.426766485506363,213.99435933418223,109.62696249889098,373.0081319203055,0.19932802212860173,0.8498407476375243,1,1002.1813382764587,437.9772254092646,0.19951173099757036,1.0,1.5659661618394891,24.91615109489145,0.3397842596444277,1.1198291760138175,90.00481137796065,0.47971306654890444
AA7075-O,1.600075401814759,60.95610156072268,circle,16.375015085157976,221.43595871338547,106.06653102080499,400.8583345272848,0.17080074725768418,0.8499548216449222,1,1006.9642279773586,1.7512299083582907,0.2004923354091438,1.0,1.5603880564285029,22.045757896029954,0.33972674886928633,,90.04377936541674,0.4750076241551556
AA7075-O,1.5985298746445558,63.34876545287125,circle,17.06842614558933,214.2650588789718,109.84047633639629,399.4388541987114,0.172270531747293,0.8504448059424325,1,992.7585843473058,1001.6410983707761,0.20031583274505754,1.0,1.5073932118631437,23.635108279995766,0.17030837978902572,,89.99401270734687,0.5085844782546037
AA7075-O,1.6013828858997552,58.81214805625493,circle,17.037879523464866,213.5181842389079,109.39888524648042,401.81160468500025,0.1671499777064078,0.8492737281949723,1,996.4057082386544,0.0,0.20077050208599498,1.0,1.6114214906948738,26.01500648834029,,,89.94432483055319,0.5670041329578388
AA7075-O,1.6000212514437082,63.41901180038714,circle,16.126021795891717,214.0270718076222,109.78456141399778,368.4975457695313,0.20678212922459124,0.8499193154849641,1,1008.9154784058815,1003.0044045421661,0.19931214144187764,1.0,1.4968871989049324,23.525484232907242,0.16996408131334223,1.1200148015743456,89.97911098411372,0.5077290165696677
AA7075-O,1.5962729394379485,60.86480955157872,circle,16.482801132594588,214.07794429812932,109.6509997501249,377.3850080275947,0.19923555036054907,0.8498339754398616,1,1002.626284691211,0.0,0.19976566327770334,1.0,1.5470212119306974,24.827627949092506,0.34008052012255846,1.11739102080288,89.98529447004239,0.47637646477958673
AA7075-O,1.6008643217151493,65.26116378065309,circle,17.05879354000822,214.03840911444235,109.47044357761592,400.0959805127202,0.1729976886081995,0.8496549383367256,1,990.2864434609594,585.9468958434096,0.1990670954906317,1.0,1.456495856549439,22.34940636792494,0.17055777651323492,1.1206049769187798,89.98318088322497,0.4846302056195264
AA7075-O,0.8484766231362837,36.369462860001946,circle,29.999649191194056,221.89656678214055,181.07223843269327,400.2169530029329,0.740146388240648,0.849692452336098,1,1024.3199249167171,439.22163354649393,0.08634943318358436,2.0,2.380249568959196,22.26888098312788,,0.7478597624703498,89.98196983975862,0.48000000000000004
AA7075-O,1.6001473673625135,62.86976891328323,circle,16.42182227133148,213.0732070152138,109.38254497952987,400.6712560832909,0.17023279291662852,0.8502424680868923,0,1006.7109411290592,408.635158754643,0.20042158490281708,1.0,1.5028274495204084,9.455510484872072,,1.1201023451742413,89.93101078821925,0.4701322039154807
AA7075-O,1.6019941562038231,62.02856892178646,circle,16.050479205675835,214.0196964472275,109.64182445936481,373.1088994879265,0.19935618415013784,0.8504859817865554,1,1010.9707551571126,1007.270537487825,0.20071150646938565,1.0,1.536345959153157,26.363993022723466,0.17009249650126254,1.12139572983709,89.96758118498875,0.5000050055274232
AA7075-O,1.6021046686038236,51.318819744139766,circle,16.65340168114489,218.53950885064242,109.35067430905495,373.19350195040585,0.1554119967615709,0.7739800675635207,1,1016.301252688339,1012.8903909962836,0.19986464008448893,1.0,1.672710823111555,23.95201840411377,0.17094441253169265,1.1214732336250435,90.01419081853966,0.561538474997462
AA7075-O,1.6019441763196494,64.60542029966665,circle,17.017522908639567,227.9687334420221,109.6421898162011,314.2080094505075,0.12991731093211664,0.849916987822923,1,979.5189265093007,436.1497347181948,0.20003093048623402,2.0,1.0469507019038435,,,1.1420066780914648,89.97943171740471,0.4800000000047795
AA7075-O,1.6007796190934704,60.65623348439355,circle,16.417593330178153,214.20863604969466,109.42804168791893,375.1776320044457,0.1956632753383847,0.8496124529340171,1,1007.1718573393696,487.7603815916898,0.19969221800661083,1.0,1.5687476410460692,25.56096864923965,0.33968575855836414,1.1205447385879101,90.07634592305646,0.47709633714303085
AA7075-O,1.6040728278454974,60.54651543928649,circle,16.501844320863757,220.14425943663883,106.661928796293,375.52405170918854,0.4974632466924047,0.8494181413792131,1,995.0110243088358,0.0,0.2001673671290256,1.0,1.5663618291249397,22.965836826422183,0.3434198718510606,1.122850968706718,90.00794125721,0.49232005585168637
AA7075-O,1.5986769893917934,61.83538179283785,circle,16.856721560705502,229.13727937225437,108.03368581605376,423.91629405098735,0.15573642974669258,0.8997624460143362,1,993.8876638327938,631.4955898326172,0.20031568021318538,2.0,1.0,27.012268697385156,,1.2021619778477566,,0.5100000157138477
AA7075-O,1.6008270591469578,60.186893215455065,circle,16.626175054583776,213.32079023817786,109.78954763528378,381.73240420495546,0.1915613155266654,0.8495808982931558,1,1011.7322040379144,1014.8055384541775,0.1996428327319465,1.0,1.5853397590673226,24.83953475991298,0.16960520488897612,1.120578514546456,90.05001005379113,0.5230791893372867
AA7075-O,1.6002185400039686,64.53539993852222,circle,17.091745114632154,221.1687381125713,109.68793403528939,326.9275980727943,0.14444460174102272,0.850385751363238,1,995.4311100489236,1002.3437085768902,0.20012255833471893,1.0,1.4549973634809374,20.053567300876498,,1.1201521030871586,89.92838861480001,0.500044432950625
AA7075-O,1.036106441179087,39.32355027791966,circle,26.793743578997535,219.99658299893474,162.97559139768222,400.76511018553725,0.5980544060839563,0.849985571415765,1,1021.7198652979203,576.7999677085573,0.11466539005568578,1.0,2.2810327710357563,26.718075533200484,,,90.04184760260894,0.5157894736842106
AA7075-O,1.5971515256772184,61.59560731049521,circle,29.550175800238883,234.80161998104197,152.52213942392996,377.0032595378776,0.5209699194945243,0.8499113121550425,1,6546.64296591235,500.17104296697573,0.20037674499918456,1.0,1.5057870957708528,22.120325218876534,0.16904929378100636,1.1180060464222,90.01125013823604,0.49230769230769234
AA7075-O,1.604876201560431,59.25942987537071,circle,15.951947657228692,214.24309118512812,109.41302665970191,399.21904951359636,0.16656532348576084,0.8499665088757781,0,971.378607495449,0.0,0.1999857187861735,1.0,1.6139059993944567,0.3948504442830748,,0.7982795052129242,,0.48000000000008985
AA7075-O,1.0804196273344147,41.0981570738448,circle,25.68404827262405,229.2565996166461,156.85431228156355,526.835877599705,0.5906866316995346,0.8800989736534738,1,980.4741765931107,0.733620716078641,0.12127132856206407,1.0,2.1916677738947588,26.957473259143057,,,,0.5157894736842106
AA7075-O,1.3010791042572463,57.374679754205054,circle,11.227773852204164,164.3768269801881,95.80736216243626,266.26217332258824,0.117553205096816,0.8501524422431036,1,1004.8072891305951,1002.7787775345992,0.34946836149481125,1.0,1.5155622528212116,17.92585600959972,,0.7981486064079367,84.28476255672885,0.5
AA7075-O,1.6009146567147896,59.47477568609111,circle,16.750781613535352,223.76596912857948,106.89578587305381,490.5205068028722,0.1753185957418301,0.8795821735172771,1,999.2164315594939,0.0,0.20060847732077047,1.0,,24.007869148093057,,1.1004817761288948,90.05937672137009,0.4800077424922231
AA7075-O,1.385371401505237,42.76638070535882,circle,18.4821501077185,229.02862273957066,134.18279150580295,532.6071573726966,0.31818664567341154,0.8822972135451295,1,1006.8491991975591,0.0,0.12732107702262768,1.0,2.2546888352042003,27.120202748547467,,,,0.51578947368424
AA7075-O,1.598864090594612,58.24998426120153,circle,16.945079760663354,213.81477041018093,109.37411466114352,398.899093120054,0.17219191721302038,0.8498265005842008,1,990.8548270622274,407.99951225653575,0.19993781353055742,1.0,1.6290758257650346,26.6573645593217,,,89.99972989664728,0.5579363763414703
AA7075-O,1.5966930790263465,60.51770202780954,circle,16.979836809989013,213.84014350866482,110.10404109513371,402.16118965466325,0.17069080724894167,0.8503887098846716,1,990.4832321987762,503.5879209454795,0.20042541701909983,1.0,1.5610250979414808,25.56452753612336,,,89.98153298838945,0.48423823669310995
AA7075-O,0.7868118658928451,33.15869136654257,circle,30.51352486549998,222.92559292283283,186.37532188379947,382.9525590618211,0.8031079885865859,0.85000679579316,1,988.3794325843229,0.0,0.07904191950298697,2.0,2.4974897023176315,24.827713661697032,0.33951951203295105,0.6041992913965635,90.05431752072803,0.49230769230769234
AA7075-O,1.6032180868126884,57.549458565270605,circle,16.316010396924543,223.8132926714455,105.34240807817183,400.35132276078093,0.17099952654011005,0.8506649707681335,1,963.2270577957532,998.821486890408,0.19958567759963378,1.0,1.6489893953329937,26.6704062597154,,,90.02379892697805,0.6000000000000001
AA7075-O,1.6011489076172187,57.9429800449207,circle,16.031719666992068,213.87806286494683,109.55193376200435,399.4472056218175,0.17350585026599843,0.849821091285694,0,,,0.19934181461240336,1.0,1.6518369948781648,,,,,0.6180352722796745
AA7075-O,1.5985928349236525,60.65202318853838,circle,16.96171095081632,218.91617673335048,109.65627159073391,306.1967089131294,0.12151219859230165,0.8501599031551447,1,975.8669680247276,353.0433182098943,0.20036710684617767,1.0,1.210189852589088,26.952453782785643,,1.200738696850798,,0.4800000000055035
AA7075-O,1.1831766004691218,29.919843348637407,circle,20.505370405347257,224.01580178349528,164.56377422938857,374.4421680152433,0.38831137009634986,0.850052296015083,1,982.7009094880948,3.9761587856635163,0.06079601854475144,2.0,3.400397883454948,24.02890329585626,,1.0989323991436772,90.0973509491169,0.48000000000000004
AA7075-O,1.2098306853677012,52.16626858421199,circle,9.29946387453057,149.54498052270725,91.73845739682399,210.68176691117978,0.12442804176570314,0.8499357277859679,0,979.9315020336004,9.349761120200913,0.39581591017468454,1.0,1.5928877958065517,13.464821914286713,0.3407867872505668,0.8383546373576095,82.63875936896109,0.48461538461538467
AA7075-O,1.6002448512482375,60.914033339694875,circle,17.052403630856745,221.071583703851,108.77719098180013,356.5244862101713,0.14924715022179932,0.8501739223861811,1,1021.6833220041747,499.3806251842197,0.20051801856372464,2.0,1.5705123481652392,26.499346571560945,0.1690705280545143,0.8906904120821649,90.01156956419565,0.484615384659253
AA7075-O,1.597852064944619,60.76860544080295,circle,16.002555569312765,214.02322160198298,109.51173243791952,401.0773967139911,0.17312788936193046,0.8505541700716585,0,,,0.20196413876587474,1.0,1.5758528846851885,,,,,0.5641725262931842
AA7075-O,1.3852854287126397,75.63602698974508,circle,13.951385274028935,180.5841642522172,112.87276692879885,307.06855768920815,0.12124618993048474,0.8459217307965992,0,1011.000528296858,0.0,0.20222540881511933,3.0,1.5511436471000757,0.40561705532877024,,0.7997558793831362,70.03247056442257,0.53
AA7075-O,1.2988088353659015,37.77763586545446,circle,19.035181006368934,220.83518712468515,149.16662700052038,377.96180801797993,0.3638433370045098,0.8502495654971309,1,992.6010066792369,0.0,0.09973065410146648,2.0,2.4777280191530546,24.718884642966312,0.3396029386271809,0.9091660451376776,89.96824680648604,0.47692307692307695
AA7075-O,1.5986258582271067,61.54850218732272,circle,16.508606703830974,221.55189934670912,109.47475877002255,350.52027849559045,0.1475112778996098,0.8504398092168279,1,1002.1115593195146,995.2261388903308,0.1990683859743905,2.0,1.006118242962379,,,1.1988686447986046,,0.4933862998457136
AA7075-O,1.6008621055443835,64.48162381499411,circle,16.58499709534552,221.57870416193552,109.7085050044679,332.07855154317724,0.17137539155887369,0.8499260915471232,1,1008.609921860275,0.0,0.19958795117016295,2.0,1.47562144825058,23.443494916979535,0.3395495435124639,0.8931261467078643,89.99350724791522,0.49231096573188504
AA7075-O,1.5954310504836215,56.87203717424042,circle,16.51144439630252,214.16881323748458,109.78577172676187,328.3699537049255,0.1750553436491143,0.8501480755045607,1,1000.3362521728967,0.0,0.20022319891986848,1.0,1.627438658444384,27.174375274163165,0.3397434024883158,,89.9936829772751,0.6169873032385407
AA7075-O,1.6006822713795605,61.4606254486765,circle,16.115452306611015,220.81025824267053,106.15707340807708,374.99114206755894,0.19638504362673023,0.8498965621972815,1,1007.4564792375129,0.0,0.19999670358617355,1.0,1.5520736380709677,23.646040225589196,0.33931337683517604,1.1204773616426427,89.96342276028963,0.4923139115071567
AA7075-O,1.5989340875975213,57.599130217775674,circle,16.582571945898156,223.5934475816129,106.59346297799982,523.7526107658515,0.19315386106313714,0.8795261169428092,1,999.0733809735343,405.4718412561505,0.20003087002777775,1.0,1.5811418313803463,26.449740632868448,,,90.03397146574403,0.5052743303566021
AA7075-O,1.6004862706165228,57.798729217556975,circle,16.284504245652606,213.7878211826876,109.57434137308864,401.35341048289246,0.16657300352193685,0.8504384599524103,0,1003.5180159875422,994.4699991673598,0.20031833843403124,1.0,1.6577228675046098,26.603088893036052,,,89.96764980955287,0.6095410578701488
AA7075-O,1.2665462122630857,83.62023214406476,circle,12.74252398171244,162.56160737810782,115.40872247174754,256.16695804202345,0.09828224949099382,0.8446552804990305,1,972.2993914134083,0.0,0.2007891640420561,4.0,1.5580005607067,0.3798377686932552,,0.8006681613061408,70.03334562280773,0.53
AA7075-O,1.59543061359975,64.82685956925474,circle,16.440800107448165,213.93751045103497,109.81029861597344,399.96289080703855,0.16932047051407847,0.8504656927449944,0,985.4851284925126,4.002964464983565,0.19983027272110546,1.0,1.4679848201936816,23.642318243240446,,1.1168012550277588,89.96797143377977,0.47000013754811165
AA7075-O,1.2562713263387157,86.40310271033835,circle,12.909243295642295,165.92608886132732,113.04531429809063,250.04979983034764,0.3823088445272622,0.8442961260263813,1,1012.6889457391004,,0.19976508893155745,4.0,1.4383166496866033,18.07092057490824,,,70.07005001102587,0.6000000000000001
AA7075-O,1.1863235134931498,88.55356472694822,circle,12.143995611832219,149.19512232615804,116.36696588733268,218.94420583017038,0.07947746065401307,0.8426158474686926,1,989.9961637149224,0.7632907283951635,0.19964733865476106,4.0,1.6488807709211948,26.81235500118801,,,76.09123373073501,0.4947368421052632
AA7075-O,1.6043623964675995,59.947938279949476,circle,16.245763462742843,214.22982204359587,109.6238317091634,399.6970573354244,0.17246072605440713,0.8505844433778502,0,1019.0595101852123,0.10454440930010146,0.20002169850847035,1.0,1.585869155770217,8.394758804466974,,1.1230535899382788,90.02262883838803,0.4800000012274045
AA7075-O,1.6026813255100798,64.9521914320595,circle,16.476450870718825,221.07268464791468,109.83271467203954,356.6134793809302,0.14840513189482463,0.8499969033598391,1,1001.8458856142632,997.35523575238,0.2001408563437905,2.0,1.0,,,1.2028176954241352,,0.49341663566246347
AA7075-O,1.598776939178065,52.25277542792944,circle,16.396338288227913,221.11297368271025,109.44278554562625,354.4528952053412,0.1473296589132546,0.7209009822562265,1,1044.877200409256,997.4734691921165,0.1998902340411296,1.0,1.586049587463072,19.525732439786818,0.16975112953717747,0.8034787112927051,89.98132809617998,0.5230769230769231
AA7075-O,1.6005791343983873,59.1361850746429,circle,16.56464633086337,214.38393890421364,109.37618490151876,399.46266243354773,0.17072040322473367,0.8496277714093714,1,1021.2913176365158,0.0,0.20069945374073614,1.0,1.6014100084934624,15.173589798691458,,1.1204051156927353,89.95961000074186,0.5000000001654697
AA7075-O,1.6045164129635918,57.24038081969975,circle,16.25142760177723,219.44190007187245,107.85083519847682,474.601594091944,0.18519892102719016,0.8672295503776681,0,1012.9481393541988,0.0,0.19969486590425656,1.0,1.6568584605684702,,,,,0.5428573812142853
AA7075-O,1.602282953074773,61.6095383602683,circle,16.51943671021759,221.35365193814275,105.84894237702522,401.3547295263016,0.17399062204038548,0.8499423563289908,1,997.8183801586606,998.7017718393233,0.20115328909252636,1.0,1.5637029605943682,21.41949587358742,0.1701121116268876,,89.99230684017526,0.5084053749067703
AA7075-O,1.5999858733982664,64.5491948037497,circle,16.987751945983216,228.01284051650623,109.66074818284133,314.0822111197462,0.12711064439537567,0.8504883074544256,1,1009.0215813089983,621.1154947009101,0.19945658522350157,2.0,1.0,,,1.1619324409552545,89.93456396094892,0.48000001293620104
AA7075-O,1.5991126326247513,50.04914403339142,circle,16.463137606880434,227.87075298858002,109.77348147759174,289.7796992659907,0.12830833423637697,0.7081161553428184,1,986.2104832506838,998.4474498658948,0.20074507760980656,1.0,1.5995123354746255,18.010482611340624,,1.119378320224487,90.05536548866012,0.5100000008377897
AA7075-O,1.5985565529498953,59.421302649404886,circle,16.78373837235552,222.4477928014086,107.24463516672594,506.1359026022372,0.18694278955553864,0.8749531661971927,1,961.1038302681523,0.0,0.19884173473058803,1.0,1.5866564546077164,25.881440116392987,,,89.90118169234466,0.5578947368421053
AA7075-O,1.5981506967301047,62.6101409857,circle,16.960579967772873,214.3390203994271,109.54912687867308,399.92390053434013,0.17309584104649883,0.8502619411975144,1,1004.9156670522309,0.0,0.2000145097174948,1.0,1.508285740660219,24.080429750670707,,1.11870420005056,90.08693216120587,0.47109144153324356
AA7075-O,1.301974346180299,81.24303404024019,circle,13.470965480248678,167.51114308678152,114.56705252642939,270.28391897443896,0.10268498555014624,0.8446801280713541,1,991.1018114609684,1015.8217684100338,0.19999097899435792,3.0,1.5789296890776652,26.371083873228095,,,80.02108616918491,0.4842105263157895
AA7075-O,1.6021073303960003,63.15572769420833,circle,16.977280034950738,223.94259095430326,109.90812207688761,341.8063171135642,0.1446381561289664,0.8505062443140149,1,1024.1441912791797,999.7498725971744,0.19893542661138697,2.0,1.0,26.41719168425938,,1.1981468358517318,90.00404974160608,0.4900000000012461
AA7075-O,1.346420363365331,76.47072628650459,circle,13.987687792930291,174.18651984353443,114.38938337804842,289.1158904075593,0.11442102398634807,0.8454286607265463,1,1006.1450877130571,1.1315150719047025,0.1990951833514545,3.0,1.6496134393413573,26.842379867322332,,,81.55231424150557,0.4947368421052632
AA7075-O,1.600512493231713,60.63142004807677,circle,15.988804905791,213.98114024019662,109.61705379126408,355.60221709218763,0.22431755231655062,0.8486956515588665,1,1005.451435444812,524.6838896258786,0.19886726620966488,1.0,1.5720595535724715,25.169219926737885,0.24923442050198896,1.1203587034992541,90.01564424591767,0.5855429731283653
AA7075-O,1.6017525492026161,58.926134482714055,circle,16.576027851220683,214.21855934339874,109.63296436547995,383.0597169775644,0.19218963855581903,0.8499878187514358,1,997.7601890682839,2.3870090057131064,0.19971034936347348,1.0,1.609543179074286,25.939774685770896,0.3393727442487596,1.1212262684694794,89.94503273475506,0.5316701807580231
AA7075-O,1.5972507769877986,61.537460314867964,circle,27.96613181625107,231.24287103804463,145.5324615728964,399.5212169388339,0.44072304537308626,0.8502094213571217,1,5598.336224625994,573.3967693644153,0.19915098815927468,1.0,1.5205790140101656,22.888917496810038,,,90.07331819132528,0.4947368421052632
AA7075-O,1.343574238149373,58.31465198791912,circle,12.137356129367078,171.94773708766243,97.63954535219115,236.80522428654007,0.1063067303919725,0.8502276428592347,1,995.7557023233225,,0.3279114205187704,2.0,1.55914679484873,19.523734107075626,,0.9850141025678808,85.23839126106539,0.49333333333333335
AA7075-O,1.6051807412484054,59.17835954526486,circle,17.053413880161465,213.83736523720552,109.74685687238662,400.26418163926985,0.17111543515217084,0.8507580890384349,1,1019.8461671005249,650.2372417059195,0.20056694792421242,1.0,1.6051182370769153,26.4870214866922,,,89.95178396065197,0.6000000009525095
AA7075-O,1.2697933415277083,56.923407524757344,circle,10.868698304584239,160.38928796059326,94.65481616254345,256.0149583191189,0.11399393340416818,0.8501906949268928,0,963.3768821294436,0.0,0.36199189100680856,1.0,1.5031734583036178,17.37617986979205,0.34110579934897106,0.8400721372183567,83.94261541181834,0.49230769230769234
AA7075-O,1.602234240229551,61.13775398584529,circle,17.037204890299627,221.34906750965405,109.66200183864257,356.54066055670756,0.15149089677597016,0.8506467246859832,1,996.3462126221528,0.0,0.19999048543957149,2.0,1.566665935843193,26.794279529252087,,1.1011436597485549,89.93187720940941,0.4800577202011538
AA7075-O,1.599837063785108,63.09113734740205,circle,16.509230136599804,220.77967487906076,109.91487760742228,331.65677689530185,0.14583546570882336,0.850348652269426,0,988.9687196882076,474.8801285150202,0.2009771302067271,1.0,1.4928536398665915,8.854325559308519,,0.8027909934719863,89.8926113872267,0.4900005764540906
AA7075-O,1.5967623186707784,50.59696517132108,circle,16.056547022729934,220.79395639151363,109.56783867240796,359.12084106749944,0.15299211464382856,0.7328164302447695,0,1006.2081395108297,3.1813741784932055,0.19940861812282987,1.0,1.6242480013334781,8.952130122571493,,0.7999836509421925,89.95084634020745,0.48001685571621805
AA7075-O,1.599361396245403,59.228325297397404,circle,16.954549374591515,213.89362004677514,109.86395135782419,400.4986539202938,0.1719776632748406,0.850321171300114,1,1006.7980128305652,687.9837238627471,0.20120486675932267,1.0,1.6015103668316086,26.45148522595837,,,89.94447731629944,0.6004327614429551
AA7075-O,1.5997741359888282,64.80172654885114,circle,17.00793294925178,228.03189300414354,106.51976788999093,353.473475710924,0.45366886907532766,0.8507199550485199,1,1032.5102794819186,2.9200495650659946,0.19968401436955618,2.0,1.47472448278616,17.958503319536437,,1.0994304565495188,89.9992938628754,0.5300000000000001
AA7075-O,1.599402453778547,62.24517661950556,circle,16.982962742933065,218.9750063257295,109.40635887011271,367.37979731698863,0.1544335330953494,0.8491327599740321,1,978.7467477248501,3.209017609804683,0.20032961115055462,1.0,1.5242304149994452,24.738490879956526,,1.0984131134379662,89.9870766473044,0.4700000001059904
AA7075-O,1.5978289124988656,65.63423688240917,circle,17.025271992844818,220.7482833588764,109.6008030011727,331.7541256803901,0.1439997167700962,0.8507748228878972,1,1000.5611403443187,1005.9168619951197,0.20018992593044307,1.0,1.4442566989085284,19.814618874781566,0.16970616668886843,,90.0417282164254,0.5003452865088073
AA7075-O,1.6026352015795695,64.85972294799569,circle,16.630107287549208,228.15392658344058,109.74338534207928,276.88506016229394,0.11617971780178007,0.8509755311689969,1,1011.4072430295821,998.5582514439103,0.31273903816924475,1.0,1.4526999522634938,18.00646186166064,,1.2010835120371917,89.924217877472,0.5000000030990025
AA7075-O,1.5995253627725536,65.28663874382796,circle,16.622305754508616,221.11943691403906,109.82638490992434,354.7608586201685,0.14962289037147306,0.8505579053406166,1,997.9800143181474,992.5010882206884,0.35537206448646597,2.0,1.4590918941576507,21.437511099531562,0.17117892148703276,1.1997950341653059,89.97685284630741,0.5077976516403575
AA7075-O,1.601170569703546,62.844698497244714,circle,16.567972597349584,214.01633809038745,109.3106417355832,357.23316925024125,0.14941351672106626,0.8497782037914404,1,973.5228758248429,0.0,0.1996183513064223,2.0,1.5481867536989846,12.235487810926847,,0.9493209589460782,89.95803907980901,0.49000000000102306
AA7075-O,1.601169746731396,60.54989272919096,circle,16.993760631507463,219.87141909707626,109.57648462699011,339.56005101288457,0.14857085294075548,0.850536278070062,1,997.3496996091478,419.88785346412965,0.20012502444490923,1.0,1.5657437942349834,23.243304851206478,,,90.04755255714946,0.49523054201816713
AA7075-O,1.5986358976588861,47.327086275279,circle,15.88415195408111,223.03333897853307,108.8866409206996,343.65138079082874,0.14601103799330656,0.6935272040701508,1,991.25795465853,9.67710059245644,0.19954642293754066,1.0,1.6483011065650643,11.905137946708193,,0.8029796223696294,90.03760322281958,0.48000076989769325
AA7075-O,1.6009106295075721,65.02541554775684,circle,16.50956512587756,222.59032006727853,109.70854690390982,316.9754089941261,0.13714031201970728,0.8505635869821115,1,1002.6972492654414,999.8020746091229,0.20001754391402352,1.0,1.4497246177139707,18.018002197279458,,,89.92464843660211,0.49477504049757143
AA7075-O,1.6037040364928623,57.07722039140414,circle,16.21930607245208,221.61551052299978,107.96294505327253,498.1967902765323,0.19062677182685095,0.8738804340127719,0,980.452596120241,0.0,0.19910053064905756,1.0,1.6474209567911657,,,,,0.5000000002445416
AA7075-O,1.6025833000410077,65.02299718567342,circle,16.413627065985086,214.22989978198612,109.93457883419592,399.4516449502129,0.16887951334395013,0.8501187341613229,0,963.0357083783388,1002.8034546223962,0.19938633324255484,1.0,1.4641749967570243,22.361388351480215,,1.121808205236485,90.02476525637057,0.5000000000000001
AA7075-O,1.5975886230996468,60.316453198190885,circle,16.604472409538115,214.24559334293875,109.55184252235534,379.8843870076404,0.19636829324278512,0.8503586437983243,1,1018.3880005184634,995.0371183914996,0.19984490161851343,1.0,1.5703502222697197,24.725159831733887,0.16875291719806348,1.1183120359671463,90.0010906430838,0.5153846187506006
AA7075-O,1.599293180013879,59.7321529810107,circle,16.954762522343863,213.78440570753554,109.64028472611237,399.88428021477387,0.17227639225083063,0.8501129377666213,1,982.9833318118692,2.7010613734801776,0.20039346004703273,1.0,1.5872542990745508,25.571526686995462,,,90.01695574529782,0.5578947524806924
AA7075-O,1.2924217260759867,83.80638112554003,circle,13.345444805562257,172.92424066223342,115.05706489660021,224.38127662410736,0.08166539363583307,0.8448162105974635,1,995.8795795540277,10.655240572847777,0.19953034816265627,4.0,1.4920900993554844,,,1.097559238398704,79.62789468118316,0.52
AA7075-O,1.601772454372347,62.83897682053407,circle,16.56048744040311,214.04275147555532,109.75143548874637,399.06475035518463,0.16889632007177185,0.850016881037815,1,989.8390387572529,0.35142635914545767,0.20062182769782164,1.0,1.503518896916858,12.846819921480595,,1.1212407135486469,89.99485988832538,0.47000776670302014
AA7075-O,1.5989151183047912,58.78287705475255,circle,17.019375028366863,214.27144949909308,109.5902176991712,400.1873045117365,0.16999826306843918,0.8503787172859194,1,1000.1829057865649,492.79329713062873,0.20033723676468362,1.0,1.6147381149396394,26.64949612473301,,,89.84683655067167,0.7545334346636215
AA7075-O,1.5981216004808845,64.68893416002273,circle,17.033664976018084,213.8711795127146,109.76364847007873,356.57264647222064,0.14951875670012638,0.8499834868202532,1,1009.8710201576764,0.0,0.1995880549166733,2.0,1.4592308606497986,23.795691518614095,,0.8552030613262659,89.97845105600715,0.4900155326877609
AA7075-O,1.5994009786793981,61.65782027056235,circle,17.024121475876694,222.6911596190951,109.89297541662097,344.4331517920363,0.1442779672290156,0.8499255368938106,1,1001.6559443789212,634.8860893880338,0.1983083199346725,2.0,1.0,26.75325249017522,,1.1981960327667047,90.03565059660498,0.49001917831769926
AA7075-O,1.601570763019955,60.88120847623692,circle,17.00809828896183,213.96493941732058,109.46393691113786,307.0602479641518,0.12530102785880726,0.8495755009142583,1,991.7059385779964,3.3320490371469798,0.2002501110237686,1.0,1.6193616714023662,25.60472558379516,,1.1000722975095951,89.96614201281585,0.490048439110752
AA7075-O,0.8312666960819775,33.27936066539703,circle,30.26247782713789,222.02884004465213,181.69903413627827,357.8898753699319,0.72456039960382,0.8501089832917282,1,992.0305088430225,0.0,0.08528639535984683,2.0,2.4733417985924393,27.04855967746558,,,,0.4947368421052632
AA7075-O,1.1136465756134115,40.96956841511311,circle,25.05585084291082,229.0265940458339,152.94274231144382,533.2456107769892,0.5671139866570308,0.881587334841568,1,991.3767007450888,0.0,0.1272864237058792,1.0,3.1029730065031274,,,,,0.5
AA7075-O,1.5980588372827673,64.59270252556402,circle,17.11078019907379,221.7982780238518,109.30430038474049,349.67677952186875,0.14838091089376856,0.8495547652884144,1,978.6005567183827,0.8578381783754953,0.19981093142823875,2.0,1.4753466710371872,21.97205312494127,0.3404760259011316,1.0975170661031417,89.94092902050683,0.49230769234715954
AA7075-O,1.5964823384486257,57.258139418212636,circle,16.556889191060925,214.04366154416144,109.38190465523591,380.4701779670574,0.19442032141110327,0.8498017802528677,1,986.9074308838427,443.6588305288343,0.19961076091265167,1.0,1.6524673120330498,26.592377880626838,0.17058982471371867,1.117537580585038,90.01819167019417,0.5538467704295958
AA7075-O,1.6007017857527142,60.53208724582569,circle,16.275924434062162,223.7736723053014,107.362043711362,513.4137692782815,0.21447211543172504,0.8809583397123225,1,1004.3550667412017,1.587709648049012,0.20005991195557815,1.0,1.5585207821727622,25.733553954255235,0.3403349538084879,1.1204912225521773,90.0126882011472,0.48461834914405444
AA7075-O,1.5986323284819184,57.541161874961524,circle,16.58910049333207,220.0410046689664,106.60409229354023,399.4925686663576,0.16706017605248205,0.8495015973798382,1,1000.7243392501829,1003.8910124526072,0.19982533184534762,1.0,1.6434579447214415,26.647207155734595,0.1695029307941367,1.1190407987856306,89.8963482741966,0.6002511439413748
AA7075-O,1.6038886177588014,60.307437944058925,circle,17.0074282098608,220.26805889234217,109.34227293040938,336.86793129719445,0.14511255748641227,0.8494736682215784,1,984.6899037409727,993.9295673831253,0.19967974937040983,1.0,1.5683360667293205,23.010196563731096,0.1703381619215693,1.1227219829335682,90.01701349538966,0.507692326731616
AA7075-O,1.6034109395611975,60.04639142671116,circle,25.50226429773615,237.3184759177259,135.21638252360742,400.72039596022984,0.39546979754610406,0.8499421856020312,1,4856.592839702021,3.0304400545826846,0.19944926928982354,1.0,1.5783233045648641,17.952765779791843,,,,0.4947368421052632
AA7075-O,1.6009429524470375,64.69314200989434,circle,16.99926536605311,228.2109003173476,109.71364376915719,281.0496120764005,0.1194759947499683,0.8507013594429624,1,989.3623300476642,1008.0587691342967,0.1997390015494777,1.0,1.0025272158997838,18.022553799726715,,1.2001709844444124,90.02123608225988,0.5000000040768271
AA7075-O,1.5983685290296734,57.762079261360526,circle,15.941186000357167,214.01610803411936,109.67524465588738,381.4809576749198,0.18494048741300878,0.8501905084063159,0,1008.9915633870603,0.0,0.19946734214653983,1.0,1.6537098780780624,26.758066500232466,0.34103468876115567,1.118857960490722,89.99240499614635,0.5000284084732259
AA7075-O,1.596688692510802,64.4745346552759,circle,16.98894128293137,227.77271713715163,106.40837785346375,357.7620567912878,0.49635339497915804,0.8502569419430641,1,995.1765761416785,4.656822338660179,0.2007561039603314,1.0,1.457843492681188,17.996259034244623,,1.1005014124834565,89.96559937240701,0.5300000416843551
AA7075-O,1.600370115930079,58.01266645424535,circle,15.972994467580756,213.95255646628755,109.8584162608838,401.2069004545069,0.16934447173722283,0.8499607831478304,0,,,0.20197825216211546,1.0,1.6585565966182967,,,,,0.6106190569706749
AA7075-O,1.5948602984097509,62.96006807836559,circle,17.06964597668303,214.10561885305137,109.30345029298722,344.9483031954518,0.15015274345886262,0.8499560359973574,1,1004.1916653531781,1004.463282382022,0.20006660407993182,2.0,1.575505384372393,24.858440781487786,,1.100498107821296,90.02482834735126,0.5020424362659743
AA7075-O,1.3703096949826612,45.93099750407689,circle,18.867414434840885,219.11290675376202,138.86881133904168,399.11055486460583,0.29172726333021076,0.8499241115839342,1,962.3801251715704,626.6672219367296,0.12485809017029784,1.0,2.1839070122732878,22.320814460518204,,0.7546075633870779,90.1261641643874,0.51
AA7075-O,1.264780674842353,56.64088984510228,circle,10.567634964392825,164.40821862782045,91.1318783491409,250.64052820731902,0.41135134810107776,0.85037806391387,0,,,0.3682671258434438,1.0,1.5101160481589506,15.502765775072012,,0.8419013908032611,78.75318867510047,0.5333333333333333
AA7075-O,1.215630692533676,86.15963138120294,circle,12.498708419533582,153.944642556039,116.30228943578275,233.46772720567364,0.08651149566067219,0.8429401673727391,1,987.4954380157236,0.0,0.20069719541778466,4.0,1.6497631095107903,26.924323913488397,,,77.21383684964222,0.4947368421052632
AA7075-O,1.6000811479480734,63.64486869493876,circle,16.65115725002799,214.19995032150442,109.35208079472159,398.7151067400461,0.16588339787396728,0.8498845665464617,1,986.4468110895712,0.0,0.19923615487459476,1.0,1.4820259881146025,14.846838220070968,0.3399672940811868,0.8018490633827802,90.07535086876715,0.46923116482704064
AA7075-O,1.5982700749476415,59.45527746718547,circle,17.007627255008195,218.64617632539444,109.63995015659619,370.0239968592769,0.1554759652854669,0.850042332550545,1,979.9552215251115,1000.6616323032814,0.19920866429048054,1.0,1.2609122319784554,26.527976423147596,0.16993574415857954,0.8401376663332638,89.96631505782939,0.5615384619442988
AA7075-O,1.601850671948944,55.95778695580429,circle,16.590792748654994,227.90164101534464,105.29768614566375,370.28459829384354,0.6015903351702648,0.7668254964251431,1,,,0.19932188453494262,1.0,1.537587253472699,17.961740267577788,,1.1212954693959265,90.00238116907947,0.48000002711671336
AA7075-O,1.5989640564492245,59.19978885701736,circle,15.94417859685157,222.06680786216202,106.15241523600524,379.7903345839142,0.19483209302969853,0.8510634254353133,1,997.3163036586453,0.0,0.200083908398677,1.0,1.5974705234956124,24.784869648705964,0.33943088945127303,1.119273655309017,90.08334562810101,0.47694939862902186
AA7075-O,1.6002235751236864,60.66988871860286,circle,16.59836194923964,213.98064234903782,109.73712227763343,400.61752611096296,0.16845933935750737,0.8496882029649542,1,1011.2065659690172,0.0,0.1994765489358282,1.0,1.5803996816149453,26.974538022665126,,,90.07937913280631,0.48421558022245303
AA7075-O,1.6007558066499772,60.815302225820595,circle,15.932658928392888,222.60459388462436,105.6169131657909,398.8235852441227,0.17086648977450156,0.8497187003571226,1,990.7494584838483,,0.20002543884341012,1.0,1.574312226183374,,,,,0.48000068554328185
AA7075-O,1.5991884847701436,58.104221021776844,circle,16.45082230442838,213.72903185076103,109.24052970920005,365.10701821935066,0.15583477289227862,0.8498801304946635,0,1017.7828701178303,0.46541700078760073,0.1998660126319783,1.0,1.6421328594621616,27.1409637463086,,,,0.5157894806393205
AA7075-O,1.591795164933006,60.06304734027633,circle,16.911090951041942,218.92273091371067,110.04310291114234,368.29706405322247,0.15465570916511776,0.8498026229421674,1,985.9657703536803,374.95202676764995,0.20006219405230616,1.0,1.226448134992154,26.568734608943636,,1.198848691854238,90.07986091091327,0.4800000832264665
AA7075-O,1.5993695246323085,57.49910593025492,circle,17.04774625104727,213.95573453617146,109.45393321613159,358.41144573637354,0.1456480005144307,0.8500244052350729,1,998.3558633068767,574.158099760769,0.20043465805854027,1.0,1.6454061794623245,26.789222864087268,0.16818973788735192,1.1195586205144026,89.98344596796797,0.5267807628914745
AA7075-O,1.6028329462719366,64.47712734261144,circle,16.545370542559642,221.55507479034975,109.76042155585682,333.50644646795683,0.17525332989500486,0.8500028067116799,1,1010.4630176447846,998.0798451914126,0.2006878067026106,2.0,1.0,22.2171504018467,0.1697199108271766,0.9899398076403794,90.1601681472528,0.5076929742594556
AA7075-O,1.1995872479897491,29.44968465872543,circle,19.911182012785286,223.35173768352547,161.510592484813,399.9229955175798,0.39056605531408145,0.8505720193849503,1,,4.943514135506305,0.06720278445318832,2.0,2.807288202286384,,,,,0.5
AA7075-O,1.2122398486819266,52.167848399076114,circle,9.185259187291333,150.40283126658593,91.90686664984707,211.42709786676593,0.12650362108272883,0.8502029570661493,0,994.908199656792,0.0,0.3932865437774432,1.0,1.5916649605911042,13.382876619223001,0.339899780871607,0.8422653227540814,82.7056987206579,0.48461538461538467
AA7075-O,1.5986139171562759,61.93180738128585,circle,26.668113961338094,229.91495329262017,143.60340634498445,400.1609878474052,0.4230642874579773,0.8500699968202814,0,5382.777099271378,0.0,0.20066924960034113,1.0,1.508345280317971,7.392454876539269,,0.7991212095071609,,0.49000000000000005
AA7075-O,1.606030467273494,61.54868735602064,circle,16.50414744283102,213.91338949773856,109.48534210725491,400.5293429736117,0.16995483323285165,0.8498497092987617,1,1016.7782227419477,1000.0733796701265,0.19974358632290398,1.0,1.5492633474400488,22.31720272155366,,1.124220562879038,90.06680651039434,0.500000015690413
AA7075-O,1.6028770403590185,64.45115892072654,circle,17.010161865659686,222.19386632386713,109.34903736593672,347.0373690760521,0.14348896215133788,0.8500840656747681,1,998.2744803423911,395.12484752625153,0.19921622962140637,2.0,1.4824599836154886,22.123610499659826,,0.9629663189700315,89.95307616611308,0.4900618587245834
AA7075-O,1.601173130810037,58.847122221552475,circle,15.969285459473033,214.16453760087276,109.4772769904191,384.45124926117165,0.18936074874296,0.8505600338973639,0,976.7193155444241,1000.6945372885336,0.19936952193432012,1.0,1.6289617384978246,26.37057986676613,0.16999827559918718,1.1208211217205775,89.9797725270224,0.5461538461796963
AA7075-O,1.5976661503824388,60.17833424850356,circle,16.101223064956308,213.85778161391957,109.13051283978689,382.9460499952736,0.18864916975815382,0.8493872316218579,0,1003.9440465061205,3.71799569169114,0.1995681831556471,1.0,1.5905294881645011,23.662098243920074,0.3402676605688387,1.1183662882298568,90.0100012202355,0.4869717917145394
AA7075-O,1.5991319862209221,61.954359926898164,circle,25.79046699612143,228.85356276281905,140.1247793116397,371.75799060316814,0.43494354454939854,0.8509745028709896,1,4981.238712770207,3.2681877703769606,0.20094989390289592,1.0,1.5042581016767171,22.343428054228266,0.3405519858277596,1.1193905490965437,89.89607887248502,0.49230769230769234
AA7075-O,1.0002172054678724,71.52040913402446,circle,7.425867879016698,117.92266403221325,97.79731509549532,136.2882405470034,0.0598998801135749,0.840613695244139,0,1005.5686821624265,,0.3748372829508262,3.0,1.5632965718348355,13.518593240748402,,0.8393048527938992,74.99757055337,0.5333333333333333
AA7075-O,1.5989050804825824,62.47658094314987,circle,16.672658588288346,222.3489604328683,109.80038150679822,307.3188570276002,0.13330470418273024,0.850353175284035,1,1007.5484211828744,994.5315216078105,0.20018102933365892,1.0,1.5219263750276548,18.01233920237517,,,90.03887622490949,0.49474087476720585
AA7075-O,1.5979082080223677,64.47633941685102,circle,17.01570893438023,221.6591595943534,109.91353874271287,354.4172661295107,0.15053409822019975,0.8503806548089569,1,975.436134249229,0.0,0.20199938359093536,2.0,1.479921874185687,23.576406669255938,,0.8676506667701531,90.05359417653457,0.4900000000023908
AA7075-O,1.5981578636671931,65.23967539293662,circle,17.084040484467156,213.5797908268845,109.34392116918922,365.4934487460345,0.15230688540359172,0.8495101480686834,1,1005.2974901041802,998.1718877796663,0.19947520917006065,1.0,1.4515692425545923,22.354626782102674,0.16998742509133796,1.0956533892564153,90.06053939779879,0.5086059265724077
AA7075-O,1.6000106226122977,64.6870985318699,circle,16.45602173942084,214.19024680512322,109.6504145666776,377.0200320563741,0.19762917146347167,0.8503014185009727,1,1010.3513897965718,0.8785655880158149,0.19954794154264044,1.0,1.4528159971825865,22.8113029569097,0.33966285181834144,1.1200069449649348,89.94635766924551,0.4692390126974445
AA1060,1.0,31.075891144922004,circle,19.998262679348713,110.31196020829182,81.88836542156243,171.88776078343832,0.17945065292907314,0.6498766691912787,0,797.539547485124,599.240888914386,0.09817745950868392,1.0,4.1999255898956545,31.038983729250756,,,82.9720688734674,0.5
AA1060,1.0,64.43075193444861,circle,19.545561974632662,254.3566650948493,164.55832932593373,267.07449834959175,0.1602829159025865,0.6800759080118303,1,1908.4226637728489,365.47830622507735,0.42848131125187516,2.0,1.4329047471809075,34.95760805186796,,0.6913464202336289,80.98148704819319,0.5
AA1060,1.0,55.21590003408473,circle,19.99422700609135,207.96887905877523,113.61402958258651,371.68327597575086,0.18954059498416564,0.6500804403320282,1,790.8356134781329,604.6668212490948,0.09980889805747013,1.0,1.378162323774578,30.991851287185895,,,,0.5
AA1060,1.0,62.027457193981675,circle,19.424543179569195,344.3692014371915,233.15763666240755,361.5876615090511,0.19870574120279075,0.6502974887781344,1,2727.3456375490096,199.23510193551567,0.9979902148702493,3.0,1.4376555109263303,24.703463327608297,,0.5794301642959638,66.60730143266456,0.5
AA1060,1.0,46.80619845078525,circle,19.90241222821729,248.93938507029483,145.12627104142663,432.24351125386175,0.2291071388894796,0.6500441259621618,1,707.0702507544875,564.5637929917649,0.4720339327316641,1.0,1.4207734806241799,22.09491027003425,,0.7837219152678273,32.01959941715195,0.5
AA1060,1.0,54.70884252206065,circle,20.004376931793146,111.73531591029946,55.42331812315584,167.1614639137697,0.1341095144784169,0.6766065957507914,1,418.88076998933343,600.4484083392651,0.05308943932628984,1.0,,,,0.6764582963164457,75.09842145485166,0.5
AA1060,1.0,75.76187232765885,circle,16.74539910792178,116.34297322306274,78.08975489986766,158.42716713567475,0.10320675159259064,0.6838174029158911,1,607.821646501584,403.8688385698682,0.09635528993995537,3.0,1.31410747096702,,,0.6890306729132741,79.84342282045854,0.5
AA1060,1.0,55.18078234321821,circle,20.007125248341712,185.00436761443476,99.91451306146783,322.7038371747021,0.17448465192375368,0.6501552637922305,1,543.9944261267858,599.1241992775934,0.06557690950115437,1.0,1.4002183211066588,30.909157126120387,,0.6760185975616704,74.95910634912939,0.5
AA1060,1.0,60.4101273754625,circle,19.93341365777896,307.5175106142171,146.91610507393375,423.6263302023671,0.228965632069665,0.6497452628269162,1,1289.8501242675165,347.18188679696794,0.10103999657185,1.0,1.201164122876001,14.028463125290958,,0.8009482171610742,89.96975774429649,0.5
AA1060,1.0,50.126226700235705,circle,19.99763910152928,171.80582609868534,69.36108827921817,180.39611740361963,0.1545557247683086,0.6498960981212836,1,900.9960179634427,403.4407198486195,0.04979087199269306,1.0,,12.069385300931176,,0.5242724866767563,79.67835129271745,0.5
AA1060,1.0,67.44326447430242,circle,19.467103902274154,296.96289923020623,192.89086531404004,311.8110441917166,0.16808102467695518,0.6747436297687716,1,2314.7000999115667,291.9153957979276,0.531717552227,3.0,1.4460527220775121,35.143911395075556,,0.6941244261042074,82.57121135641371,0.5
AA1060,1.0,56.735228991837204,circle,16.71371002785838,239.06430113377232,164.00578016931516,409.21514758024796,0.22663297988631653,0.6498655856225429,1,1554.3966817220046,600.2875266834261,0.2873476104702375,3.0,1.9563220901787015,18.849467587366906,,,90.10603169682281,0.5
AA1060,1.0,65.26105641247408,circle,19.66802240339343,370.02622865803664,235.2508578542087,429.4748295195711,0.23108963874136426,0.6501468456926278,1,531.2740346445108,604.3718197053387,0.445482506637174,2.0,1.384390320263048,32.54106308861427,,,89.85774701176423,0.5
AA1060,1.0,34.99018151692962,circle,19.982938813233876,111.3924945341351,80.26455498636835,169.22222974580703,0.17136203270503306,0.650210198022133,0,391.3103437209456,595.0856083455272,0.05823031759879768,1.0,5.493212682958977,,,0.6889072678278115,79.78630086295644,0.5
AA1060,1.0,29.102292802385172,circle,20.01965839605739,193.1849075268806,97.66578992620404,202.84415290322465,0.2001673310535259,0.649919873013776,0,1987.1600135853887,2.9415667334474067,,1.0,5.4961151381541296,12.054847464278408,,0.801872849522413,86.29840425617101,0.5
AA1060,1.0,54.93525802993859,circle,19.955432481890245,234.7067737950452,130.3027411035888,434.7390292623603,0.2041677266390835,0.6501768672023313,1,798.399230847518,599.8903978135974,0.09624598055343987,1.0,1.384563048816005,30.939457106524166,,,74.85200378939459,0.5
AA1060,1.0,47.05981204794738,circle,20.00869768151751,211.64898817712802,76.84176614511985,222.23143758598442,0.16912536855124152,0.6497993604229254,1,1244.1320355372945,283.77709319500536,0.0807757843005231,1.0,,16.126966662637862,,0.6948677686373086,83.05763527683051,0.5
AA1060,1.0,48.21087061034572,circle,19.996475473504457,211.78629521218244,127.22168453360754,333.9302788703915,0.2174645390373298,0.6497676652509786,0,788.7378775064636,600.5325537444736,0.10511547770930255,2.0,1.383732630685421,18.24241304182104,,0.6704360281908077,89.87229176770201,0.5
AA1060,1.0,37.34648019672316,circle,16.355795108880063,218.91728160672895,125.77168674757064,229.8631456870654,0.20026408831815187,0.6500914840331865,0,2222.50151896757,0.0,0.3096956412881609,3.0,2.847183263009105,19.8595375923535,,0.5806462895121186,89.97801081586705,0.5
AA1060,1.0,64.76365943949288,circle,20.03241012901908,209.64747354475165,114.48002124124311,380.51144404396473,0.18984244246795126,0.6500456710020953,1,392.59149019251475,600.191323791868,0.05104116755990941,1.0,,,,0.6428289262206287,74.93827955690014,0.5
AA1060,1.0,95.79434733232917,circle,13.673871037021966,116.54975054083802,95.47370854682087,149.54463507268204,0.07434653434196216,0.6499666997721445,1,927.1004294610453,222.0883705750945,0.16316430759387485,4.0,1.3400135492910858,30.92135333758108,,,84.55770442231632,0.5
AA1060,1.0,63.99552082564115,circle,20.01670093270112,315.4681945298804,180.52051222592482,610.192933702677,0.25025414584343064,0.650038497617198,1,633.7455216461013,607.9214455745217,0.07669154910177103,1.0,1.390850012768275,31.155942392716845,,0.6746127767802511,74.52190208088072,0.5
AA1060,1.0,62.98888284201521,circle,19.976454177562633,248.83935357412088,142.4063779911388,429.01608942749647,0.22836341859581744,0.6501796818084357,1,398.3595441934338,601.4839755486607,0.04922431287070114,2.0,1.3741228745249094,10.626040902925226,,0.8073433398856252,89.91101828307117,0.5
AA1060,1.0,67.74983091143511,circle,19.985247852190927,243.58829517858487,136.50781554117225,457.39896885306126,0.20921049475563608,0.6499050289661222,1,826.8585820794276,598.648974752114,0.10025116130906288,1.0,1.2630223224703694,20.5381702223796,,,,0.5
AA1060,1.0,67.29986854148659,circle,19.935618230226392,112.10278207975696,56.037984934160555,168.09316002157192,0.13402718616876844,0.6500433489073043,1,563.573092097194,601.1941323472136,0.07419535005551019,1.0,1.3899320753185085,31.07819650470085,,0.6749608221826062,74.62901193390861,0.5
AA1060,1.0,46.58283713753166,circle,20.04094928064592,222.32553868458,81.89224672888189,233.44181561880902,0.17182265685607323,0.6500113596927618,1,1327.2169624961155,255.40300930637548,0.07697535891545426,1.0,,16.04976445389955,,0.4979909338525276,83.6950673366954,0.5
AA1060,1.0,50.72911159652599,circle,19.963592857719384,127.57312257086994,70.60821577410161,168.73614758744694,0.15860136200709565,0.6499562303442387,1,398.2945644448773,600.4869460546618,0.0516434837006882,2.0,1.365627108730642,10.53515660264966,,0.5024411020366913,80.73248074486044,0.5
AA1060,1.0,78.5832360813214,circle,19.31342117326674,355.5356850807418,241.61407133865748,373.31246933477894,0.18031140944087554,0.6498579939130859,0,289.8527988376135,597.7117069081535,0.7295653511070104,3.0,1.2005471429291483,28.77637757450132,,,90.20091789583898,0.5
AA1060,1.0,77.71588495180936,circle,19.46998581950788,305.16633355055797,203.4216202319009,320.42465022808585,0.17065096364688925,0.6499690772348401,0,383.67565255516445,599.3573044066353,0.6004578565407648,3.0,1.224642583454108,26.053621982276173,,,90.08535983850716,0.5
AA1060,1.0,77.72958029156801,circle,19.464635645242986,311.3396847423326,205.36618127740107,326.90666897944925,0.1711062244113486,0.6502384292707725,1,2706.8560243175352,268.1210682310031,0.6022245309953108,3.0,1.3828328144496131,26.034939224192456,,0.6999999823121289,90.01288031230666,0.5
AA1060,1.0,59.2829906817608,circle,19.321725630470667,345.24359279697643,244.49102012033927,362.5057724368253,0.200236978973326,0.6499424167709715,1,4207.712005502623,0.0,0.9999767711616666,3.0,2.8386225528714957,34.981331541786766,,0.6993915351294174,87.61088074387771,0.5
AA1060,1.0,62.1352457064048,circle,17.718281821698852,123.12907108028139,84.20428162993255,172.73785478515887,0.15610643167613272,0.6498954656553699,1,1321.6945572881507,601.7474308040249,0.21937043760980524,2.0,1.7072430532328007,17.629302642932345,,,90.23351021688298,0.5
AA1060,1.0,45.39800787859362,circle,19.98823104751792,227.48199868176977,82.60260870950697,238.85609861585826,0.1744825219084413,0.6499645638359108,1,1385.263129576934,233.42590253222832,0.07433210185775051,1.0,,16.080197121233134,,0.5204614612695061,90.1649457100758,0.5
AA1060,1.0,37.961451001108905,circle,20.03093248947643,232.8138015425022,100.32869246050153,244.45449161962733,0.19921946412145122,0.6496113207062317,1,1350.2336197653406,232.57187747440628,1.0055026919404983,1.0,1.4286956256116723,10.72140710559513,,0.7907003921715918,62.94531672563337,0.5
AA1060,1.0,45.9270578688354,circle,16.792652763892523,129.6140090205776,96.0807410633879,174.34185941384234,0.16460265448415504,0.6502696577263991,1,1527.5492157880888,601.8693384176622,0.28663881805947916,3.0,2.053641062202605,27.504602806638374,,,81.93087101399999,0.5
AA1060,1.0,45.923054402815566,circle,16.684055359516222,133.14729718279554,99.21954466054835,174.3713290049893,0.1655933630643517,0.649912406099743,1,1368.7315857792166,599.9406727281479,0.25716020029974596,3.0,2.8258158182041204,23.268315608632488,,0.6938149454623903,82.37779413618145,0.5
AA1060,1.0,71.55352952352206,circle,19.434177192672202,338.5621663373295,230.50584015148215,355.49027465419596,0.17704612820146823,0.6500088707142507,0,163.11765264249675,600.6913039724831,0.6615196574665163,3.0,,35.028867386693626,,0.6971106629714013,84.79240491071477,0.5
AA1060,1.0,51.11319314226014,circle,15.736498343268027,215.27657822647745,159.810132189224,350.5812880602091,0.21916896670586428,0.6499788319303313,0,1768.2021284104696,601.6435457418634,0.33929075769259726,3.0,2.1921346387367993,19.983097888425647,,,89.65108697433051,0.5
AA1060,1.0,53.272789411750985,circle,19.46713019404732,302.98358473033863,223.1971450592096,318.1327639668556,0.2001048680319515,0.6498281768104287,0,75.95727296495006,,1.0024658357041003,3.0,5.48020937917802,34.880250712864914,,,87.12873792414761,0.5
AA1060,1.0,38.10166986928843,circle,20.006225116390553,112.34504185308231,81.9017439371441,169.83086867190323,0.17740166646098093,0.6496712210251977,0,395.1618018509435,602.55427458508,0.05145582140375282,1.0,5.509693385733588,,,0.6894979066162948,80.062639980865,0.5
AA1060,1.0,76.85761758329716,circle,19.677556294911934,236.59463488976252,148.68796537461063,248.42436663425065,0.15706536731224555,0.650097666271344,1,1733.4910311876927,387.554711194494,0.37673518364049174,4.0,1.4711003560204394,34.91682599249331,,0.6887806218540664,79.72800554056639,0.5
AA1060,1.0,61.42676435797664,circle,19.984596916795535,111.8358197821022,55.97408578089929,167.04707862853718,0.1348324694001383,0.6826823015090853,1,537.1102753220716,599.2282544128205,0.06586740302606926,1.0,1.175532725230091,15.006963418766714,,0.6759404533701687,74.93447871463945,0.5
AA1060,1.0,55.14521277977903,circle,20.03937620258247,112.57060452696763,55.0508049267061,170.73105872279046,0.13372589660647002,0.6499467194246114,1,792.0887681100417,599.8851535631976,0.09822335698191205,1.0,1.3745916180664766,30.939876865154556,,,75.18234889077445,0.5
AA1060,1.0,63.207953998397336,circle,19.982871299326135,229.21196642964927,127.17644203048391,424.15649016955473,0.20109657523274774,0.649988379176073,1,772.0805197208548,598.9232350221125,0.10009157846884728,1.0,1.3003419880774805,24.294796537823537,,,,0.5
AA1060,1.0,44.67025337368073,circle,16.365203178486215,132.72431460532692,103.30255792440414,174.97729076433566,0.16765526192810837,0.673883776446738,0,1425.7371059920392,605.2390092163746,0.2847989632299602,3.0,2.8640629398914106,23.28562789697779,,0.6946160561765939,82.8892137716049,0.5
AA1060,1.0,36.33932622731054,circle,19.970283816947667,111.21987833216183,78.70974100282571,169.1956380600845,0.16745985274473316,0.6736677535797678,0,410.98281303307124,600.5299952457295,0.05057613013241527,1.0,5.4990607357337336,,,0.687886443627398,79.32537245209255,0.5
AA1060,1.0,55.099220527160455,circle,19.973867380969118,111.73538536964584,55.777732911365604,168.6536754850156,0.13426401946272237,0.6500864454889852,1,594.2811979124983,605.0908586679922,0.07953604005049193,1.0,1.3628765820715045,31.09904557156595,,0.6763504811903145,75.06414357379776,0.5
AA1060,1.0,42.741053756470535,circle,19.998278630492674,109.8589686230007,70.22717128099211,168.0286789249604,0.1570238276390661,0.6499197326191565,1,392.91781699665097,601.1310579187552,0.04822726188295999,1.0,5.493354907328403,,,0.6841006330769162,77.76499938459239,0.5
AA1060,1.0,51.205515962139,circle,19.993904335973657,259.9169736809033,152.77715165952574,460.22964566192303,0.23183243116795277,0.649819126076804,1,795.6596710482388,605.1973713451059,0.10103675741379328,2.0,1.3783599518140925,24.014003873043674,,0.6721342590524196,90.09150450564269,0.5
AA1060,1.0,50.93302344174637,circle,20.018409357127954,127.89607667913215,70.84701863986936,169.80220504048933,0.157217977582742,0.6500132164921323,1,798.8652090448876,605.1145435753856,0.10011417391591783,2.0,1.3855643539441738,23.42898434479593,,0.6688634662388689,80.57682403312897,0.5
AA1060,1.0,93.96131107664525,circle,10.911344754377687,131.09951410771225,128.46747222796364,153.18134486733766,0.08900938522672285,0.6499364077792122,1,1408.5235336762498,0.0,0.2836157782998436,6.0,1.8025926131001637,23.29038383823816,,,90.06818716617357,0.5
AA1060,1.0,55.15053865739752,circle,19.99980785953991,110.18485858727954,58.2980486087157,168.33558821438066,0.13376261721574303,0.649823507528833,1,815.6272156046562,597.9917815541119,0.10042022213338657,1.0,1.399646379570432,30.944819872176367,,,74.96070478380352,0.5
AA1060,1.0,62.73329075874823,circle,20.04909249989445,314.92218011380754,178.0201097027931,609.1530934783885,0.25033423683554656,0.6501287690710544,1,644.2853387750921,600.1595934224237,0.07913778630254652,1.0,1.3841420122724302,31.007954395495332,,0.6755801603780087,74.82143498821512,0.5
AA1060,1.0,55.2376514677468,circle,20.00837789495804,214.87352657118052,118.8415622311297,392.9702575254647,0.19311591842840534,0.6501276778980358,1,785.5015891706147,601.2371676154823,0.09769110427914189,1.0,1.3706918124410998,30.80506879901081,,,,0.5
AA1060,1.0,49.25874933208175,circle,19.510123900769734,286.11045715982846,206.00914129623735,300.4159800178199,0.19968035093724698,0.6501413325776071,0,4188.428323814628,8.830556514051231,0.9999045679817453,2.0,3.4908914115642613,34.814313915461646,,0.6987928930522707,86.63469900217052,0.5
AA1060,1.0,67.61235017799737,circle,20.031592916756114,242.27996625542255,133.66332170006584,447.56388048719333,0.20812157179562638,0.6498813638312478,1,803.8443673462504,602.2114773398272,0.09750440508005757,1.0,1.242381881584919,20.90383970119215,,,75.03902787882492,0.5
AA1060,1.0,47.17152854892644,circle,19.993103898435777,206.47706388036306,77.97284808979009,216.80091707438123,0.16762767855437602,0.674456348825888,1,1212.1709396059048,298.0261730000076,0.03860538902993364,1.0,,11.96898263216666,,0.597283682429817,82.43831334735367,0.5
AA1060,1.0,71.157292955027,circle,19.339335987465507,407.51652007498,270.63415625940263,427.892346078729,0.2192677893480054,0.6500999467727004,0,324.5125876016094,600.5568027795572,0.6728081197830739,3.0,1.3682149164426078,33.577320413777244,,,90.11015401799243,0.5
AA1060,1.0,62.39908127203679,circle,19.98562588476382,186.92776318915398,99.9570771591912,334.2295258784056,0.17704371087297707,0.65008221384171,1,548.2170057239796,600.453311107679,0.06791633370711084,1.0,1.2153853791697489,15.012023455178518,,0.6770345220241535,75.28294488352458,0.5
AA1060,1.0,25.026944986040323,circle,19.990824614242314,124.86357058928091,94.93218807846621,167.76373970283575,0.19895917509231056,0.6499465595365602,0,601.2563797837599,498.70455109306243,0.9978468508562732,1.0,4.1369624909789575,9.319706726554047,,0.7838320061774633,65.83207277750098,0.5
AA1060,1.0,35.69885399816741,circle,20.011423429587307,112.40687549486839,77.88689196039604,168.48092271547586,0.1700405680985139,0.6725455734591554,0,401.22076728405744,602.8521886615001,0.053012741124179336,1.0,5.528595820365889,,,0.6877040507593077,79.24507416024726,0.5
AA1060,1.0,72.13357906917535,circle,19.309034539754705,341.53779751335287,235.33543474500559,358.6146873890205,0.17753743873477845,0.6497486391793603,0,319.80198275721796,597.2652002187612,0.6982538626753071,3.0,1.3906991334537386,33.65416601441453,,,85.04799238022619,0.5
AA1060,1.0,48.89842529870126,circle,20.026680724412287,188.18089986537447,73.618797777458,197.5899448586432,0.16104498769526163,0.6498577777405852,1,1054.7054442105602,358.2703605307999,0.045759268896376194,1.0,,12.03097037945722,,0.5778502180143295,89.83133276631484,0.5
AA1060,1.0,55.22548792028745,circle,19.990454215007645,112.32142518473593,56.12862722234134,169.77030521401468,0.13490453191742843,0.6499230866492451,1,798.6580887770104,600.0826515412748,0.10468841490281187,1.0,1.3736531854838074,30.927007958416826,,,74.77885034390168,0.5
AA1060,1.0,76.92016865305102,circle,19.60199927260161,376.2781140988804,237.02294747450458,426.68071500012513,0.22983624075556416,0.6501618449336254,1,2138.648566990205,358.843589014096,0.46006066225658077,2.0,1.3208568111610937,23.095381194818845,,0.6999985159778513,90.11798013215864,0.5
AA1060,1.0,55.3249762873976,circle,15.67861254005209,287.6765228371531,226.06580069999748,302.0603489790107,0.20046985696541555,0.6500565018991924,0,1364.960485165697,,0.7192063517595134,5.0,2.8635610091125208,28.541540836744726,,,89.73634218760637,0.5
AA1060,1.0,45.99915457179103,circle,16.67049885166793,130.80112426356294,98.62628913517567,172.24621885894982,0.1648518206727826,0.6501446175435073,1,1362.1123575968395,603.0445352401388,0.2634317597848246,3.0,2.832302130780204,23.252870582243638,,0.6999994091126561,89.92555406568663,0.5
AA1060,1.0,77.80777236612322,circle,19.401661915177442,321.11587079549975,219.5809843507031,337.1716643352747,0.17440838187238145,0.6500820340809558,0,208.2086134824948,603.6468592387882,0.6286613041112814,4.0,,34.83612924678672,,0.6956486126070459,83.60813320405481,0.5
AA1060,1.0,78.50421302882737,circle,19.327168911746348,422.6839178034577,278.7710935759883,443.8181136936306,0.2155586807498275,0.6501116428170359,1,2993.22935888561,190.03777151984502,0.7012858601696316,4.0,1.4601189023872583,34.82376007222727,,0.6973919267111963,85.0525269186698,0.5
AA1060,1.0,55.66467950504031,circle,19.956535406645976,215.55805320772754,126.8054008605373,342.95862267907546,0.21786016637313846,0.6499173101708109,0,410.50853331041486,599.9957907893078,0.04422504070713551,2.0,1.3725790334793193,10.576941040973765,,0.7581311674418582,89.81611051765528,0.5
AA1060,1.0,61.009610872100524,circle,20.006065171060566,111.2852420619151,56.05780653247926,168.2584107289681,0.13475285104211646,0.6500016510603349,1,684.8305025770499,603.2522002596069,0.08469174213640471,1.0,1.3680128614702247,31.062961731219612,,0.6742647716334633,74.41552275176515,0.5
AA1060,1.0,54.96985096112279,circle,19.998731029438357,112.99881773635587,56.91469632464441,164.53765570358766,0.13439326738443552,0.6775620284143317,1,582.6020609654391,593.7389213226011,0.07343886504824407,1.0,1.3719116937467024,31.031841208907803,,0.6763907138167992,75.07692581455544,0.5
AA1060,1.0,54.621747894767296,circle,19.977960398831204,112.44343922753846,56.19746660271012,167.96002323553031,0.133480341507386,0.6774984421095327,1,389.7853131287253,599.0918274846345,0.04789634145346149,1.0,,,,0.6764804851972077,75.10548557660135,0.5
AA1060,1.0,77.5706058290174,circle,19.46927583116932,392.48569912163464,257.0079164057456,412.1099840777164,0.2241272817340952,0.6499518689608001,0,219.31209463065252,601.0326260142377,0.5483415351001955,3.0,,34.953341266164934,,0.9005451632340643,89.85285807176261,0.5
AA1060,1.0,65.654489724956,circle,19.540253157955828,264.05390054421395,170.7023751245176,277.25659557142467,0.16183604665374943,0.6499932022391474,1,2252.0387198125177,351.96898896408646,0.4894944063521372,2.0,1.4137262427248207,32.68919206563309,,0.6999998629821405,89.96415098670825,0.5
AA1060,1.0,26.709879490196315,circle,16.906765413420587,126.30108520265071,118.04409440528121,174.79832853131566,0.20075041727961296,0.6499766839684101,0,2397.7658247236072,,0.498401359401635,3.0,4.3636536885237,23.243538829225194,,,86.14187666797685,0.5
AA1060,1.0,77.3239144951977,circle,19.58179150577334,258.98206475981067,171.3406506099301,271.9311679978012,0.16216991101794273,0.6499388927313715,1,259.2462056496312,594.8677986498568,0.46508236696275834,4.0,,35.05225120539651,,0.6911548441353971,80.88199705255488,0.5
AA1060,1.0,77.37153674231953,circle,19.562770756754457,284.8542120887937,185.59496180912902,299.0969226932334,0.1654667595838525,0.650159949561958,1,2233.7098059735727,313.13208882531904,0.509105112526124,4.0,1.4294822419029194,35.074585989993686,,0.6926387401297845,81.68339623005876,0.5
AA1060,1.0,53.56037289594203,circle,16.179687344279298,133.0852523276462,105.9771214105621,172.776977951259,0.17001479178173795,0.6501169785125704,0,1480.1021274320183,600.9888557016126,0.29872105321041087,5.0,2.808778810653072,23.239733980241173,,0.6945620996158184,82.85362528931337,0.5
AA1060,1.0,54.858584818721646,circle,19.960163587310586,196.72584931272002,107.13203873827763,354.1927291431991,0.18321587701680425,0.649855986053188,1,776.5034955462131,599.2645152786464,0.10239410541896005,1.0,1.383882550691585,31.075303104341778,,,,0.5
AA1060,1.0,65.98805347867045,circle,20.03258851160063,224.7994573885869,123.14367431875975,410.178605972501,0.19837048332388751,0.6498837014113272,1,385.45027862618804,601.2100201524605,0.04971034889220224,1.0,,,,0.6755475949528814,74.81125791540511,0.5
AA1060,1.0,96.60395953225341,circle,13.533120274121849,116.49215627093143,97.3839497969953,150.7994084730238,0.07416319582648982,0.6677391662882303,1,800.0736731231558,218.11375355355685,0.1484076887217892,4.0,1.3090615013689895,,,0.6969444010466177,84.64456327005222,0.5
AA1060,1.0,61.77600935960181,circle,19.960737164123035,128.46439656942235,70.92983311824473,167.44346136690805,0.16023656858231178,0.6501214984371505,1,391.69429382330964,599.2236916412481,0.051295892019509286,3.0,1.3572002906141554,10.632495007207467,,0.5022638994683092,80.72085389498744,0.5
AA1060,1.0,33.001952242377534,circle,19.978766727180822,185.39347074088286,126.66574216932221,333.2154701774475,0.21878363806220283,0.6500389132628562,0,786.2919027096228,600.2988553566628,0.09540684512676452,1.0,3.9882043003233494,31.11509522967522,,,82.92108804076994,0.5
AA1060,1.0,64.7645326678743,circle,19.421143731471027,328.9403411348869,226.38180387935017,345.3873581916313,0.1993090997592977,0.6500875728489839,0,83.91542610761373,,1.003168436234937,4.0,1.3482845907292074,24.605864263445348,,0.668442553510537,90.0144244730405,0.5
AA1060,1.0,80.05153456989405,circle,18.966285813223017,460.71352091478485,322.84551691118816,483.7491969605241,0.1987157714137547,0.6502953180661475,0,62.37949896190764,,0.99791253756064,4.0,,35.22297300264389,,,89.7221053081191,0.5
AA5052,1.5047148692898586,44.921875023859705,square,14.591594057093813,271.81557605682815,197.75434428871918,409.99820788792294,0.13018269886522663,0.7,1,1003.0962140842881,0.8746650045460308,0.19957290570538994,1.0,1.2591105299573946,,0.215,1.3065441155749893,90.0,0.5
AA5052,1.3449887439216224,42.807656422931,square,14.721780188550783,257.80020526391655,196.12077281680513,409.8049669562688,0.12999147385709464,0.7,1,1311.8163091692402,0.0,0.19646200534148092,1.0,1.604815486411318,12.002593431486355,0.215,1.1421726046732468,90.0,0.5
AA5052,1.0024200212224756,40.09422611275416,circle,15.0072104492293,228.01568359476752,193.16680112031358,409.9044531577231,0.13009662090924057,0.7,1,2000.7816273366223,,,1.0,2.147972392870734,12.00058751767666,,0.8022528628541065,90.0,0.5
AA5052,0.9996615641739119,30.671419852052125,circle,14.067113111692949,248.46382511663217,215.83548179727796,369.1026707091523,0.13956676560843895,0.7,1,1377.7171292497292,1926.301153019147,0.35404151087021934,1.0,1.8130415173466259,12.027022594215204,,0.7991920995000802,90.0,0.5
AA5052,0.9993343558495437,40.087972062592335,circle,15.018027050913897,228.05581439424802,193.16144588092055,409.9546907433861,0.12998011907757862,0.7,1,1995.4536595313034,,0.1009462707224296,1.0,1.8191683268321281,14.002911696871523,,0.6832111180646363,90.0,0.5
AA5052,1.2489808197211392,41.956528801892404,square,14.669144893689763,245.70238183388454,194.6122981633636,410.12945071103917,0.1299042240602411,0.7,1,1497.920269445341,0.0,0.198060304692263,1.0,1.7124024634448054,12.025074760748243,,0.7235688702742668,90.0,0.5
AA5052,0.9979576610904383,26.32018817257475,circle,13.65357866945323,258.1708002196692,227.26349434298194,348.63939434113956,0.14423555889900205,0.7,0,1095.6055977188246,1909.1640326581746,0.476145110825875,1.0,1.647152223716818,11.98426449184139,,0.7955236645534941,90.0,0.5
AA5052,1.004468058004857,39.99351917564744,circle,14.992881690160912,228.13772342481437,193.17070177513068,409.63428432744763,0.13008019683956934,0.7,1,1997.3400718997202,,0.097938229165939,1.0,2.144346206948733,11.936497168860267,,0.800585154707484,90.0,0.5
AA5052,1.2296830387207884,41.86495055615673,circle,14.812066602780163,247.69054601603395,194.7640590579095,409.8966785779812,0.13010303547045557,0.7,1,1552.8470661975032,3.8227829221835097,0.14723736926305506,1.0,1.4352397763414608,16.009644798246452,0.215,0.9099061204844504,90.0,0.5
AA5052,1.1566115954327656,41.33602244926304,circle,14.808662700310503,239.1801327104082,193.93322053826373,409.7492626979241,0.12999836287883962,0.7,1,1694.4698251467448,0.0,0.19852721965396808,1.0,1.8826543455634672,12.030967620710452,,0.7452932573096657,90.0,0.5
AA5052,0.9999422834733132,39.974760625791944,circle,14.997843763907271,227.8477402147961,193.05186923786889,410.26511159833524,0.13004962091307465,0.7,1,2008.673078953401,,0.10341787936669086,1.0,1.8999130400644095,13.564874184959434,,0.7165176748450187,90.0,0.5
AA5052,1.3045802492266585,32.47691103468873,circle,13.982614555181385,271.9965476725887,215.31669482869495,375.3980589209074,0.13816990276684035,0.7,1,865.6757817514954,752.5601892376565,0.37595793018174123,1.0,1.3488889414578351,,0.215,1.3045802492266585,90.0,0.5
AA5052,1.0000047731063846,40.13203735891355,circle,15.004005589229916,228.04952117548183,192.98614675136056,409.8654516778372,0.12995208503230696,0.7,1,1998.2130282868116,,0.1011866509959241,1.0,1.9433036553719614,13.322762624001694,,0.7245627317311282,90.0,0.5
AA5052,1.2563127066457989,42.04516592794066,circle,14.676301846132366,246.46710688733376,194.59281246361166,409.80822373713244,0.1299645977999878,0.7,0,1489.6603794040245,26.345008790391518,0.14558549884975006,1.0,1.6987623997407042,11.9591862400321,,0.713711988667593,90.0,0.5
AA5052,0.9993658525030578,40.028639201813604,circle,15.012354937826492,227.97858513404023,193.10565347215197,410.14280840882503,0.13008052059510541,0.7,1,1988.929172510431,,0.0985701569626102,1.0,1.8222019518480688,14.01862668829598,,0.6890163659172698,90.0,0.5
AA5052,1.225922772247726,42.18149158596466,square,14.827080384673778,247.8950316348763,195.11345759613982,410.05726867836785,0.12995648380321034,0.7,1,1545.9175412316272,11.20737393344574,0.20156478898823038,1.0,1.746289593359702,12.019398090230798,0.215,1.0285185718620187,90.0,0.5
AA5052,1.3348305031983227,43.29464198256562,square,14.74564862528132,256.9400425382653,195.8205133309743,409.8915316518712,0.12988694384229968,0.7,1,1337.9088935061966,9.596059035235921,0.16084519293453903,1.0,1.342138128681014,16.000479247233425,0.215,1.0573081909347373,90.0,0.5
AA5052,1.3387122737613737,42.77991964845084,circle,14.708771245040209,257.6039927553551,196.17360506936043,410.7162746531647,0.13001314597286384,0.7,1,1316.504055006297,5.077100757360398,0.16809648028406965,1.0,1.4013534950805346,16.01354267020015,0.215,1.0765540503662763,90.0,0.5
AA5052,0.9996366135666312,40.1546157834739,circle,14.999269163878465,227.60347002117362,193.08896185048317,409.6732003594263,0.1298658012441897,0.7,1,1999.6898789854806,,0.10211723993600907,1.0,1.792750350166663,14.218986860078813,,0.6758754800012482,90.0,0.5
AA5052,0.9984197878486406,30.241783009618953,circle,14.338575120234623,242.58276704739683,209.549846092182,380.61829427553494,0.1368878573461334,0.7,1,1554.6085899262528,1942.4262826462905,0.6548358815327544,1.0,2.15172906330558,11.986539176176212,,0.7983370855916726,90.0,0.5
AA5052,1.2406011490864766,32.24919025706009,square,13.771625497028866,271.73269155677417,221.0983408426092,364.15045439555286,0.14085559633008138,0.7,0,829.3764894955804,991.2337042704379,0.4338152240290608,1.0,1.3401076183951661,,0.215,1.2406011490864766,90.0,0.5
AA5052,0.9967226802096648,22.684712762552614,circle,13.59298045619263,258.9769208264624,228.32005840120138,347.5129685373879,0.1449661528658109,0.7,0,1062.6419649345196,1923.3315378158545,0.48133406568542597,1.0,1.4944945473299778,16.022013629379394,,0.5787540560519012,90.0,0.5
AA5052,0.9993387794601986,27.199658052445404,circle,13.731638452876668,256.3480111475774,225.16144031697118,352.72498298599294,0.14345936832327402,0.7,0,1993.8501716925023,,0.6544116402910665,1.0,1.6856797284766105,11.977290879582752,,0.8010252032499946,90.0,0.5
AA5052,1.340893805221959,43.30749409800758,square,14.738826323308848,257.9901816562933,195.89824436296934,409.8453127820001,0.1299914170951268,0.7,1,1311.9316330537665,0.6715858329378338,0.16978585596709783,1.0,1.3372936848234847,15.994220368182358,0.215,1.0727989485855558,90.0,0.5
AA5052,0.9991448173190283,40.13916688569642,circle,14.994852727595163,227.8400712857847,192.96236437707137,410.13399649764017,0.13010969298854694,0.7,1,2006.4309835163085,,0.10125452928085059,1.0,1.885613998148259,13.645183131761655,,0.7103975451216265,90.0,0.5
AA5052,1.2106411942185367,41.72727766894403,circle,14.722458127232573,243.2374476454437,194.3585855705703,409.74849311268,0.12994084403116216,0.7,1,1588.0164657536359,0.0,0.1408607824032949,1.0,1.4016837493129701,16.0176750086046,,0.8474488359529756,90.0,0.5
AA5052,1.1555492600230568,41.294215233719996,circle,14.865993309427502,241.62692396415494,194.2664181650572,409.8270097462472,0.129909901199665,0.7,1,1695.7222945497895,0.0,0.19963362723701425,1.0,1.895510684381469,11.982388432674774,0.215,0.9535482112452788,90.0,0.5
AA5052,1.2692687970086152,42.764383578464425,square,14.777679131992112,251.72979861274428,194.9833704600705,410.2157767626737,0.13000388086835554,0.7,1,1458.3472001016332,0.10242509313417597,0.20560346933212842,1.0,1.6588965417910133,12.003432845074546,0.215,1.070217510945142,90.0,0.5
AA5052,1.0016870756463008,32.88774544974686,circle,14.292828964443014,243.85401537286157,210.70280155033643,378.8524482109815,0.13735541561213033,0.7,1,1532.2521928332037,1938.8077066466378,0.2928415424786727,1.0,1.469868103487288,15.982050797710675,,0.5761667760921669,90.0,0.5
AA5052,1.0002780432833493,26.49472840520556,circle,13.642179172713504,258.0796934026221,227.06749419666139,349.24183213448225,0.14433328935518577,0.7,0,1082.6073000258864,1925.6670711731756,0.47340431134525607,1.0,1.441025035612859,16.028140534836577,,0.5830024945368819,90.0,0.5
AA5052,1.2258725210389438,42.29757088315849,square,14.811314460552294,247.99090390521715,195.29198630110676,410.14702558114726,0.1299904077926639,0.7,1,1554.2696025935802,1.6759479482438695,0.14529533703118738,1.0,1.3876970313457655,15.990803427852768,0.215,0.9036797700331756,90.0,0.5
AA5052,1.288255315214342,33.74022495049744,square,13.781076766745471,267.4890266876586,216.336171937076,371.4548920404134,0.13894471483582743,0.7,0,993.0020318419174,0.0,0.38976043502332325,1.0,1.329180114269995,,,0.9017787206500393,90.0,0.5
AA5052,1.3487421387179488,43.2832048466711,square,14.724135200157967,258.48704597899945,195.90129971060517,410.2701358362382,0.12989240945097197,0.7,1,1311.8554986938234,0.0,0.20157016014023105,1.0,1.5270560240859352,11.990264249887037,0.215,1.1519847525737785,90.0,0.5
AA5052,1.0013546103768447,32.177663193951126,circle,14.224168779103596,245.51264544370989,212.59220105426067,375.4062736957719,0.13824663784850055,0.7,1,1481.2689551563474,1932.414082009239,0.6506139918221344,1.0,1.85312553041903,11.98918717134265,,0.8021206355012895,90.0,0.5
AA5052,1.000912570061158,40.12206894534625,circle,15.012783584538202,228.41900041804632,192.8414990962215,410.11923833798073,0.12999396472324684,0.7,1,2005.2954015669102,,0.10361517740705868,1.0,2.154387769916092,12.033282300293632,,0.7956920329244683,90.0,0.5
AA5052,1.167578910001006,41.682581970915614,square,14.863711568814313,242.26188579104561,194.25139242918863,410.16992321432866,0.1299798184170913,0.7,1,1663.2563642065481,0.0,0.13559146677440134,1.0,1.4227032456537583,15.98370760012887,0.215,0.819731378458688,90.0,0.5
AA5052,0.9950905543164381,39.92204764184792,circle,15.00530312280621,227.75643389497893,193.2412071797599,410.18176763302296,0.12991168302687275,0.7,1,2004.9180574154323,,0.09929940222361189,1.0,2.149743160252284,11.994513328938126,,0.7920057172096105,90.0,0.5
AA5052,1.2156338103705526,41.67324610566863,circle,14.81584931184139,246.8602335957087,194.8136787110151,410.0231511477895,0.12993589175148162,0.7,1,1568.5850215743928,0.0,0.14238318864215166,1.0,1.4409521638622187,15.997044251524345,0.215,0.8870388737974277,90.0,0.5
AA5052,1.1857550637311287,42.03674733055563,circle,14.85320627213101,243.7210652759525,194.82257329322965,410.20261451820835,0.12989228691293192,0.7,1,1633.034968883758,0.0,0.20076571170500837,1.0,1.809453833802747,12.004210725211099,0.215,0.9970635815852854,90.0,0.5
AA5052,1.0001609296798717,40.1136966760105,circle,15.003107183512725,228.76302251693397,193.0010513398815,410.0614317959745,0.13003066581065378,0.7,1,1999.5970641757801,,0.09877646170733835,1.0,2.1504664413700207,11.973762829217907,,0.7959069268605419,90.0,0.5
AA5052,1.1708142248871611,41.41287070662369,square,14.861056088777513,242.57577280368884,194.65772267499705,410.11822865134855,0.13008484378315774,0.7,1,1657.7334244196675,1.218206891430566,0.13443399910692208,1.0,1.87701729003489,12.016546672752213,0.215,0.9715486169028879,90.0,0.5
AA5052,0.9998142016689036,40.00764661952481,circle,15.006462923515379,228.28692810985845,193.04248036912324,409.3834848137397,0.13003616091286513,0.7,1,1996.7462433791877,,0.10375863710463185,1.0,2.148808645585759,12.01460113632665,,0.7940517408560491,90.0,0.5
AA5052,0.9962334550289734,39.74908963745279,circle,14.988188874380636,227.66513819658397,193.27962914055627,409.8067163070401,0.1301429047095314,0.7,1,2003.039033826675,,0.10269939137915424,1.0,2.1505879194116972,12.023532821933637,,0.8026016404922753,90.0,0.5
AA5052,1.0054953744470836,40.0979526730513,circle,15.009882727233842,228.0597136169084,193.24117278276236,410.51210034299663,0.1300579983854901,0.7,1,1998.0962278764223,,0.09971958274606475,1.0,1.7396753608693432,14.46003123090698,,0.6601219371161163,90.0,0.5
AA5052,1.2880902360260496,42.39084579691562,circle,14.765444246051011,253.6203083952552,195.08609175746503,410.0849712295002,0.1300818793295837,0.7,1,1429.578361633194,0.0,0.15832961284202432,1.0,1.4173493806372726,15.977598967518094,0.215,1.0010948859606212,90.0,0.5
AA5052,1.2514031340133758,42.17470254074415,circle,14.669807301361985,246.05861699036967,194.27594969927523,409.9005278154828,0.12995606945566107,0.7,0,1490.344534130387,0.0,0.1982418523724779,1.0,1.7121095142894924,12.029953838493016,,0.7199025380021319,90.0,0.5
AA5052,0.9974655014793723,39.97216304120206,circle,14.996266601220603,227.796507756771,192.97762034692065,409.4882750483932,0.13002890043440368,0.7,1,1999.4827615260594,,0.1005899459390572,1.0,1.8259175127698508,13.9979165172805,,0.685271717372494,90.0,0.5
AA5052,1.2700127959385026,42.030479819369454,square,14.757307910547059,251.67055009826237,195.65316883031105,409.76738832682634,0.1296790486219322,0.7,1,1449.7488560660015,0.0,0.15138976604685864,1.0,1.4114530587383893,15.990244184518252,0.215,0.9726261131217342,90.0,0.5
AA5052,1.0005783724746977,20.01788593354335,circle,12.995590828681317,272.3854290969393,243.33684044448887,319.4345809308903,0.15101299643325666,0.7,0,659.1292347045493,1951.5328403422081,0.6528206400126821,1.0,1.4032444221132445,,,,,0.5
AA5052,1.2282732504408247,41.667947539369024,square,14.708843761474396,244.4609255174371,194.58114231518903,410.43738729264373,0.1299440726859642,0.7,1,1535.8433247127675,0.23348226408633388,0.20029717577462214,1.0,1.7498569100999206,11.967133957744837,,0.725267196313946,90.0,0.5
AA5052,1.3178731485098079,42.49506210136387,square,14.753994918436861,255.36413097142005,195.84787755778808,409.60101136001924,0.12994956774075772,0.7,1,1370.6129818709715,8.451211683052712,0.15793609758946694,1.0,1.6493988522352645,12.023086304762765,0.215,1.1167712949384792,90.0,0.5
AA5052,1.5001287604647353,44.658488900774785,square,14.598027407405908,271.72946586851,197.43542498755917,409.9946153222364,0.12999842994262048,0.7,1,998.9459566752829,0.5035832567530211,0.20001815162329045,1.0,1.2983257170529763,,0.21500000000000002,1.3050413597777366,90.0,0.5
AA5052,1.0021735703546562,39.87804985504531,circle,14.999625671687335,228.10463829501535,192.6295158755507,410.43841216153737,0.12991475497952581,0.7,1,1996.9993344621932,,0.10228854776950232,,1.4935940804652985,15.960826920277631,,0.5780583418099645,90.0,0.5
AA5052,1.0004795685352215,16.184632218694833,circle,12.999176777978771,272.3330854427922,243.53895820668168,320.38287469454013,0.151078131419387,0.7,0,656.7866197207439,1933.7995656462392,0.649310326277482,1.0,1.4141806393478875,,,,,0.5
AA5052,1.2686280491432789,42.29306488676277,square,14.788353037979402,251.36520886193756,195.29332630598412,410.4326611410108,0.13002372818756194,0.7,1,1466.7839784716496,0.0,0.1535337812351266,1.0,1.4206534163452256,16.002071424336023,0.215,0.9628200694982132,90.0,0.5
AA5052,1.0020738736246078,32.61013079509743,circle,14.271864180822877,244.40302741036362,211.67584123033657,375.9901116119242,0.1378893385000985,0.7,1,1509.5646785176286,1928.4004636284108,0.3054128417287061,1.0,1.4625945915597705,16.022690616595366,,0.5799946014703615,90.0,0.5
AA5052,1.2067476112563456,42.058033339396346,square,14.821881781015929,246.01069073492877,194.791953780635,410.220202486943,0.1299403052854783,0.7,1,1589.150577673666,0.0,0.14225027535351267,1.0,1.3994902022942162,15.989767258556801,0.215,0.8741791204388306,90.0,0.5
AA5052,1.0004891320589318,19.94723567205194,circle,12.992987579987933,272.6607777357564,243.47253636939294,320.02599479752695,0.15100722732050026,0.7,0,659.4474665529673,1922.6120916791265,0.6523977860933156,1.0,1.406304000357336,,,,,0.5
AA5052,1.0017157937554826,31.350528636418005,circle,14.157197864132138,247.21613841398323,214.83855731348825,371.5449836731132,0.13911915695559104,0.7,1,1995.1170950337907,,0.3328802970243143,1.0,1.4665570106134123,16.002779523105392,,0.5863613924981571,90.0,0.5
AA5052,1.0022116458097832,39.89512907998802,circle,15.011043037705239,228.2698601810436,193.1362635973093,410.38962360004837,0.12997546257523668,0.7,1,1990.1964574905678,,0.09557744677198995,1.0,1.7636831774408128,14.396640822603686,,0.6720376917673788,90.0,0.5
AA5052,1.1874175311071526,41.77759184307789,square,14.848882310351971,244.80604538203164,194.6163341337262,409.72192556893447,0.13000485055798697,0.7,1,1624.8905198498685,0.0,0.19877339969425098,1.0,1.8136886132428776,12.019059298687242,0.215,0.994250162939965,90.0,0.5
AA5052,1.2554954135570728,42.02303057627065,circle,14.805977691738537,250.0546613543584,195.08431326224556,409.8864677233867,0.12988243042560865,0.7,1,1491.0370852989422,0.0,0.14888605102779606,1.0,1.4248654637797895,15.99043325696272,0.215,0.9491664991746536,90.0,0.5
AA5052,0.9965318934620669,40.08308473521738,circle,15.005942469898287,228.26149534279773,193.09101804610333,410.4223883479411,0.12995036065065185,0.7,1,2001.957717220218,,0.09828710856762873,1.0,1.5056637632630205,15.995763695960767,,0.5782620523752815,90.0,0.5
AA5052,1.5017189733314236,44.96108019898,square,14.607206098927294,271.83293461125913,197.06629802733866,410.33385965739643,0.12996468600032288,0.7,1,998.7851556386066,7.08198858543517,0.1992463833439775,1.0,1.2625400018126183,,0.215,1.304499682230936,90.0,0.5
AA5052,1.0006698348885594,30.569642917874322,circle,14.051878481166328,248.79039284346192,216.06411045321664,367.9659357803678,0.13966394434365234,0.7,1,1996.3854029370511,,0.3574922465583242,1.0,1.460477980237508,16.00207367555886,,0.5803844577312155,90.0,0.5
AA5052,1.317592682960347,35.3748200388527,circle,14.012674632093548,272.1183090931754,214.3113252922986,376.9952177424451,0.13756616105981315,0.7,1,874.7883934545335,699.7050118795079,0.36567753805611514,1.0,1.3744900324131233,,0.215,1.3090732613495235,90.0,0.5
AA5052,1.3140985668186818,35.34808206484022,circle,13.884224510521042,267.4884072166393,213.08012990994106,378.0030171473344,0.1376511392780195,0.7,0,1003.2016818934183,0.0,0.3557053836458065,1.0,1.3243418839125587,,,0.9198689967730772,90.0,0.5
AA5052,1.2421539280618745,41.94350168721249,square,14.678547306973954,245.7078684105001,194.99270023675123,410.5187414174194,0.1301074018807041,0.7,1,1505.9064226618575,0.0,0.20102588818705125,1.0,1.721350238621014,12.014944940609707,,0.7252454899929637,90.0,0.5
AA5052,1.3093020450553678,43.07591208700491,square,14.759906900537436,255.02167796089216,195.78145377350108,409.50852848523493,0.12995215326631127,0.7,1,1379.3382104505708,0.0,0.16138973339881207,1.0,1.355359996711508,16.004583931958116,0.215,1.0219054458410934,90.0,0.5
Titanium Grade 2,0.7,134.0,circle,30.9,345.0,303.5,600.0,0.15,3.5,1,1000.0,,0.2,9.0,1.09,,,0.5058917991314476,90.0,0.5
Titanium Grade 2,0.7,134.0,circle,30.9,345.0,303.5,600.0,0.15,3.5,1,1000.0,,0.2,9.0,1.09,,,0.5208198698473074,90.0,0.5
Titanium Grade 2,0.7,134.0,circle,30.9,345.0,303.5,600.0,0.15000000000000002,3.5,1,1000.0,,0.2,9.0,1.09,,,0.5576741126842948,90.0,0.5
Titanium Grade 2,0.7,134.0,circle,30.9,345.0,303.5,600.0,0.15,3.5,1,1000.0,,0.2,9.0,1.09,,,0.5605936849680617,90.0,0.5
Titanium Grade 2,0.7,134.0,circle,30.9,345.0,303.5,600.0,0.15,3.5,1,999.9999999999999,,0.19999999999999998,9.0,1.09,,,0.5204160088224709,90.0,0.5
Titanium Grade 2,0.7,134.0,circle,30.9,345.0,303.5,600.0,0.15,3.5,1,1000.0,,0.2,9.0,1.09,,,0.4768710554818237,90.0,0.5
Titanium Grade 2,0.7,134.0,circle,30.9,345.0,303.5,600.0,0.15,3.5,1,1000.0,,0.2,9.0,1.09,,,0.5569071664013278,90.0,0.5
Titanium Grade 2,0.7,134.0,circle,30.9,345.0,303.5,600.0,0.15,3.5,1,1000.0,,0.2,9.0,1.09,,,0.5603964445473456,90.0,0.5
Titanium Grade 2,0.7,134.0,circle,30.9,345.0,303.5,600.0,0.15,3.5,1,1000.0,,0.2,9.0,1.09,,,0.5083655122129835,90.0,0.5
Titanium Grade 2,0.7,134.0,circle,30.9,345.0,303.5,600.0,0.15,3.5,1,1000.0,,0.2,9.0,1.09,,,0.49913022926485745,90.0,0.5
Titanium Grade 2,0.7,134.0,circle,30.899999999999995,345.0,303.5,600.0,0.15,3.4999999999999996,1,1000.0,,0.2,9.0,1.09,,,0.5610046646936622,90.0,0.5
Titanium Grade 2,0.7,134.0,circle,30.9,345.0,303.5,600.0,0.15,3.5,1,1000.0,,0.2,9.0,1.09,,,0.5580459760999594,90.0,0.5
Titanium Grade 2,0.7,134.0,circle,30.9,345.0,303.5,600.0,0.15,3.5,1,1000.0,,0.2,9.0,1.09,,,0.5608926264010826,90.0,0.5
Titanium Grade 2,0.7,134.0,circle,30.9,345.0,303.5,600.0,0.15,3.5,1,1000.0,,0.2,9.0,1.09,,,0.5172141115479727,90.0,0.5
Titanium Grade 2,0.7,134.0,circle,30.9,345.0,303.5,600.0,0.15,3.5,1,1000.0,,0.20000000000000004,9.0,1.09,,,0.5228661986809643,90.0,0.5
Titanium Grade 2,0.7,134.0,circle,30.9,345.0,303.5,600.0,0.15,3.5,1,1000.0,,0.2,9.0,1.09,,,0.5206340511466958,90.0,0.5
Titanium Grade 2,0.7,134.0,circle,30.9,345.0,303.5,600.0,0.15,3.5,1,1000.0,,0.2,9.0,1.09,,,0.5612309236478518,90.0,0.5
Titanium Grade 2,0.7,134.0,circle,30.9,345.0,303.5,600.0,0.14999999999999997,3.5,1,1000.0,,0.2,9.0,1.09,,,0.4910454873502842,90.0,0.5
Titanium Grade 2,0.7,134.0,circle,30.9,345.0,303.5,600.0,0.15,3.5,1,1000.0,,0.2,9.0,1.09,,,0.5584580691933999,90.0,0.5
Titanium Grade 2,0.7,134.0,circle,30.9,345.0,303.5,600.0,0.15,3.5,1,1000.0,,0.2,9.0,1.09,,,0.5583649219096873,90.0,0.5
EN AW-6181-T1,0.7999999999999999,22.456233119940798,circle,24.0,353.8,165.0,506.19999999999993,0.23,0.5976604909808763,1,2753.825681968818,1339.2276322472783,0.5,3.0,1.8264623492595595,9.378410531421055,,,90.0,0.5
EN AW-6181-T1,0.8,26.554888781794855,circle,24.0,353.8,165.0,506.2,0.23,0.5739941932491458,1,2261.179834844203,0.0,0.5,3.0,1.5011987632553725,8.060192655158618,,,90.0,0.5
EN AW-6181-T1,0.8,25.639548728301442,circle,24.0,353.8,165.0,506.20000000000005,0.23,0.4999022640441171,1,2761.318792850804,0.0,0.5,4.0,1.5603375442998637,8.31434271887592,,,90.0,0.5
EN AW-6181-T1,0.8,26.25372648110472,circle,24.0,353.8,165.0,506.20000000000005,0.23000000000000004,0.5566390646097853,1,2695.490123645518,6.95001140529861,0.5,3.0,1.522421836116827,8.000523396631923,,,90.0,0.5
EN AW-6181-T1,0.8,22.293972764408394,circle,24.0,353.8,165.0,506.2,0.23,0.5003113943650845,1,3999.882447385563,1991.0519292337756,0.5,4.0,1.815904004467737,9.212009812593136,,,90.0,0.5
EN AW-6181-T1,0.8,20.031515630192725,circle,24.0,353.8,165.0,506.2,0.23,0.5872061429261145,1,3960.9995299842735,2003.842158147954,0.5,4.0,1.9983904770533587,9.948961111882276,,,90.0,0.5
EN AW-6181-T1,0.8,24.553294900616557,circle,24.0,353.8,165.0,506.2,0.23000000000000004,0.5578805244970955,1,2658.8212446168764,0.0,0.5,3.0,1.6453505840121028,8.574237749008258,,,90.0,0.5
EN AW-6181-T1,0.8,24.127624749565637,circle,24.0,353.8,165.0,506.19999999999993,0.23,0.5628014534662323,1,1939.1059206183875,849.0329022599929,0.5,2.0,1.695347597184096,8.98030339979481,,,90.0,0.5
EN AW-6181-T1,0.8,20.038153652343784,circle,24.0,353.8,165.0,506.2,0.23000000000000004,0.650468971179872,1,4016.3325478868883,1987.2383749203957,0.5,4.0,2.0109994721082645,9.922920121084715,,,90.0,0.5
EN AW-6181-T1,0.8,17.532505824487004,circle,24.0,353.8,165.0,506.2,0.23000000000000004,0.5862785742043561,1,2282.6285162098548,4276.143942332071,0.5,2.0,2.585656576093176,12.792922489927486,,0.5599999999999999,90.0,0.4764705882352941
EN AW-6181-T1,0.8,16.06224883544893,circle,24.0,353.8,165.0,506.20000000000005,0.23,0.5755505305558697,1,2554.035751351471,3917.7157648194507,0.5,4.0,2.640161709375434,12.92991514009422,,0.5599999999999999,90.0,0.4764705882352941
EN AW-6181-T1,0.8,22.744540048629176,circle,24.0,353.8,165.0,506.20000000000005,0.23,0.5824452791873113,1,3999.1785623228334,1094.593694209288,0.5,4.0,1.7971780128996857,8.993550764877222,,,90.0,0.5
EN AW-6181-T1,0.8,21.297747676960373,circle,24.0,353.8,165.0,506.2,0.23,0.499500778377095,1,4020.7119426765225,1084.7372772326237,0.5,4.0,1.8752657380229627,9.466609455672149,,,90.0,0.5
EN AW-6181-T1,0.8,25.896482460187727,circle,24.0,353.80000000000007,165.0,506.20000000000005,0.23000000000000004,0.4996743983108547,1,2392.2005441816946,1079.853088117453,0.5,3.0,1.5519078191262314,8.403771326110219,,,90.0,0.5
EN AW-6181-T1,0.8,21.274427150021065,circle,24.0,353.8,165.0,506.2,0.23000000000000004,0.5891032901159374,1,3991.9750255200056,1188.3315860424998,0.5,4.0,1.8936814824629653,9.486090448078535,,,90.0,0.5
EN AW-6181-T1,0.8,24.0341006175512,circle,24.0,353.8,165.0,506.2,0.23,0.5000243018770297,1,4042.0425394350627,1029.427162945375,0.5,4.0,1.669213206506346,8.557774074642227,,,90.0,0.5
EN AW-6181-T1,0.8,26.951655006152244,circle,24.0,353.8,165.0,506.2,0.22999999999999998,0.4993505129456371,1,490.1517211130926,0.0,,2.0,1.484567604356885,8.39011776257423,,,90.0,0.5
EN AW-6181-T1,0.8,15.937105054005267,circle,24.0,353.8,165.0,506.2,0.23,0.6504403627592903,1,2461.2655533515012,4063.721636959249,0.5,2.0,2.676329124373345,13.13386868572661,,0.5599999999999999,90.0,0.4764705882352941
EN AW-6181-T1,0.8,24.274106702075418,circle,24.0,353.8,165.0,506.20000000000005,0.23000000000000004,0.4996357041459836,1,1902.717560566639,736.9755164148447,0.5,2.0,1.684991253327588,8.940911914669382,,,90.0,0.5
EN AW-6181-T1,0.8,17.0653428879561,circle,23.999999999999996,353.8,165.0,506.19999999999993,0.22999999999999998,0.6501542688143931,1,840.0654834146047,6028.782862326733,,1.0,2.6882411713022907,13.482088220460282,,0.5599999999999999,90.0,0.475
EN AW-6181-T1,0.8,26.95723080589661,circle,24.0,353.8,165.0,506.19999999999993,0.23,0.49983274329877386,1,511.2076386871858,0.0,,2.0,1.4685969326381911,8.380084980041191,,,90.0,0.5
EN AW-6181-T1,0.8,14.790272178155659,circle,24.0,353.8,165.0,506.2,0.23000000000000004,0.6518530808463121,1,2006.3688998862995,4637.124737363925,0.5,2.0,2.8614739359922785,13.999423679548366,,0.5599999999999999,90.0,0.4764705882352941
EN AW-6181-T1,0.8,24.27773202802789,circle,24.0,353.80000000000007,165.0,506.20000000000005,0.23000000000000004,0.5443919889526928,1,4005.0227925126605,611.8850564214264,0.5,4.0,1.6750069015994657,8.475280292868048,,,90.0,0.5
EN AW-6181-T1,0.8,20.061793215698987,circle,24.0,353.8,165.0,506.2,0.23,0.650694617541941,1,3994.448300544333,1992.764904374667,0.5,4.0,1.9879621667211786,9.943586025074566,,,90.0,0.5
EN AW-6181-T1,0.7999999999999999,22.237834175298726,circle,24.0,353.8,165.0,506.19999999999993,0.23,0.6514219182217759,1,2866.0875209160304,1950.7078186027281,0.5,3.0,1.8276536310316411,9.377725840842567,,,90.0,0.5
EN AW-6181-T1,0.8,25.71561724202432,circle,24.0,353.8,165.0,506.19999999999993,0.23,0.4989115575346838,1,3992.031381630617,597.2620409549892,0.5,4.0,1.564725046709649,7.989859149172047,,,90.0,0.5
EN AW-6181-T1,0.8,22.129162184162485,circle,24.0,353.79999999999995,165.0,506.2,0.22999999999999998,0.5007844603296695,1,3963.622851859581,1166.6956475841753,0.5,4.0,1.8251382313870252,9.204970519078042,,,90.0,0.5
EN AW-6181-T1,0.8,12.113279429291843,circle,24.0,353.8,165.0,506.20000000000005,0.23,0.5703658769159095,1,978.5357531242133,5993.335526066401,,3.0,3.3049301806681286,16.10434368487957,,0.5599999999999999,90.0,0.475
EN AW-6181-T1,0.8,19.992192207248145,circle,24.0,353.8,165.0,506.2,0.23,0.649590243464745,1,4016.872997800502,2033.386916700311,0.5,4.0,2.001580652630869,9.981986373150065,,,90.0,0.5
EN AW-6181-T1,0.8,24.802781646573788,circle,24.0,353.8,165.0,506.20000000000005,0.22999999999999998,0.6506758396614613,1,1598.4029654883057,2016.2928045517936,0.5,2.0,1.6423722436938157,8.801737881406451,,,90.0,0.5
EN AW-6181-T1,0.8,22.061741591842985,circle,24.0,353.8,165.0,506.20000000000005,0.23,0.5892357635638201,1,3996.068775512273,2007.0518957347763,0.5,4.0,1.8514748059444381,9.327781764789211,,,90.0,0.5
EN AW-6181-T1,0.8,15.90222292010239,circle,24.0,353.8,165.0,506.20000000000005,0.23,0.5729870486671864,1,2420.248021485419,4153.231277402016,0.5,4.0,2.6853939243116436,13.200809534796168,,0.5599999999999999,90.0,0.4764705882352941
EN AW-6181-T1,0.8,24.416868407153824,circle,24.0,353.8,165.0,506.2,0.23000000000000004,0.557631465789297,1,1813.0775917870972,725.2541237412585,0.5,2.0,1.6791380000042049,8.923982216441756,,,90.0,0.5
EN AW-6181-T1,0.8,23.1736663059169,circle,24.0,353.8,165.0,506.20000000000005,0.22999999999999998,0.5007791254184225,1,3989.011718655624,2034.026291009441,0.5,4.0,1.7401103355633842,8.897750820937867,,,90.0,0.5
EN AW-6181-T1,0.8,19.14872098925866,circle,24.0,353.79999999999995,165.0,506.2,0.23,0.49829789122811424,1,2624.828816803843,2690.5896043628973,0.5,4.0,2.3709119254128184,11.774564834901408,,0.5599999999999999,90.0,0.4764705882352941
EN AW-6181-T1,0.8,26.997445598911845,circle,24.0,353.8,165.0,506.19999999999993,0.22999999999999998,0.5677675544131409,1,499.7004780236111,0.0,,2.0,1.4797717057228306,8.405528427034778,,,90.0,0.5
EN AW-6181-T1,0.8,19.98258059219425,circle,24.0,353.8,165.0,506.19999999999993,0.22999999999999998,0.6490030688919824,1,3998.2612557377047,2001.2165500966214,0.5,4.0,2.003209728905997,9.950008703240064,,,90.0,0.5
EN AW-6181-T1,0.8,23.475328227515984,circle,24.0,353.8,165.0,506.20000000000005,0.23,0.545276260180689,1,3989.4027018873917,592.2734814662224,0.5,4.0,1.7248953487165448,8.774810289304924,,,90.0,0.5
EN AW-6181-T1,0.8,25.72296799752775,circle,24.0,353.8,165.0,506.2,0.22999999999999998,0.5572101550663157,1,2661.2889385016274,14.199228485199502,0.5,3.0,1.553707304883047,8.242376875480703,,,90.0,0.5
EN AW-6181-T1,0.8,24.237193988464938,circle,24.0,353.8,165.0,506.19999999999993,0.23000000000000004,0.5592170522676524,1,1881.5501568041168,789.7737840250144,0.5,3.0,1.6804248748050543,9.0500036694418,,,90.0,0.5
EN AW-6181-T1,0.8,20.03254442260053,circle,24.0,353.8,165.0,506.20000000000005,0.23,0.6508760265135225,1,3991.5737929550955,1992.5224371324045,0.5,4.0,2.004968789137937,9.903522455487943,,,90.0,0.5
EN AW-6181-T1,0.8,20.009035750960447,circle,24.0,353.80000000000007,165.0,506.20000000000005,0.23000000000000004,0.6505005397127941,1,3988.484612071754,1993.7448823899692,0.5,4.0,1.9935692928137265,9.979569556173146,,,90.0,0.5
EN AW-6181-T1,0.8,23.695867800872467,circle,24.0,353.8,165.0,506.2,0.23,0.49989056163756673,1,4009.605802061439,0.0,0.5,4.0,1.6962950493379565,8.551151460111825,,,90.0,0.5
EN AW-6181-T1,0.8,24.74957580824854,circle,24.0,353.8,165.0,506.19999999999993,0.22999999999999998,0.5482935510480228,1,1625.6851985377095,642.3420314597937,0.5,3.0,1.6626923477143012,8.98996369353235,,,90.0,0.5
EN AW-6181-T1,0.8,15.929551359219472,circle,24.0,353.80000000000007,165.0,506.20000000000005,0.23000000000000004,0.6491189216101867,1,2431.6696146484037,4069.7471033412257,0.5,2.0,2.6804846867184926,13.173924032157249,,0.5599999999999999,90.0,0.4764705882352941
EN AW-6181-T1,0.8,18.89882876213567,circle,24.0,353.8,165.0,506.19999999999993,0.22999999999999998,0.6500220920994716,1,757.9716956079995,5979.708754634109,,1.0,2.4832951707978754,12.575748859081127,,0.5599999999999999,90.0,0.475
EN AW-6181-T1,0.8,17.097038545202487,circle,24.0,353.8,165.0,506.2,0.23,0.5951364943411592,1,2928.2603358690903,3407.0093952706625,0.5,4.0,2.467782505454939,12.201286939293881,,0.5599999999999999,90.0,0.4764705882352941
EN AW-6181-T1,0.8,21.448176426567,circle,24.0,353.8,165.0,506.19999999999993,0.23,0.5780575882732648,1,4007.4540219856135,1068.3757027154772,0.5,4.0,1.8662700767873923,9.49172404514292,,,90.0,0.5
EN AW-6181-T1,0.8,20.051317162411923,circle,24.0,353.8,165.0,506.19999999999993,0.23,0.6496856668972828,1,4000.1960226297174,1998.1635928365838,0.5,4.0,1.996881822518728,10.025298601759538,,,90.0,0.5
EN AW-6181-T1,0.8,23.33771246507192,circle,24.0,353.8,165.0,506.19999999999993,0.23,0.5778299081937046,1,2313.0129464787137,1046.4606743037318,0.5,3.0,1.7491366179089436,9.13790140826742,,,90.0,0.5
EN AW-6181-T1,0.8,23.139532365633936,circle,24.0,353.8,165.0,506.2,0.22999999999999998,0.5581794406197033,1,4001.3381951505544,1948.6725934279182,0.5,4.0,1.7508056536884562,8.963794343106613,,,90.0,0.5
EN AW-6181-T1,0.8,23.917549827446134,circle,24.0,353.8,165.0,506.2,0.23,0.6507984509858046,1,1995.8342283310437,1979.6725454835607,0.5,2.0,1.7151151197471561,8.975646627466196,,,90.0,0.5
EN AW-6181-T1,0.8,27.029418479151385,circle,24.0,353.8,165.0,506.19999999999993,0.22999999999999998,0.6498400408796567,1,527.9059559697266,,,1.0,1.4925137552234806,8.295041548099192,,,90.0,0.5
EN AW-6181-T1,0.8,19.854816608281144,circle,24.0,353.8,165.0,506.2,0.23,0.6507035269729688,1,725.7265483863188,5997.064799077109,,1.0,2.3403747100236107,12.058448094348462,,0.5599999999999999,90.0,0.475
EN AW-6181-T1,0.8,16.628159960513646,circle,24.0,353.8,165.0,506.2,0.23000000000000004,0.649624532748796,1,2723.0072654568007,3736.098768081028,0.5,3.0,2.5673222547934262,12.611602885945866,,0.5599999999999999,90.0,0.4764705882352941
EN AW-6181-T1,0.8,22.873722469687245,circle,24.0,353.8,165.0,506.2,0.23,0.5772386941409577,1,4006.8745655687885,1045.2472559848065,0.5,4.0,1.7826177469208888,8.906802214728103,,,90.0,0.5
EN AW-6181-T1,0.8,25.428370962740434,circle,24.0,353.8,165.0,506.20000000000005,0.23,0.499949665470739,1,1845.6516418917035,0.0,0.5,3.0,1.5843000616684229,8.624831659865995,,,90.0,0.5
EN AW-6181-T1,0.8,26.106260443072877,circle,24.0,353.8,165.0,506.20000000000005,0.23000000000000004,0.5858279421504146,1,1993.3300516589245,35.32243433622168,0.5,2.0,1.5346299967072354,8.241494816229782,,,90.0,0.5
EN AW-6181-T1,0.8,21.49975218846032,circle,24.0,353.8,165.0,506.2,0.23,0.5762011266157564,1,4011.4721302933804,1031.1488583597388,0.5,4.0,1.880323248222351,9.447627899554714,,,90.0,0.5
AA6061-T6,1.005731202340972,35.08005331241977,circle,11.796198987452565,310.338200659333,188.9411208485506,409.8991285453305,0.11972580452624314,0.6007122569058498,0,,,1.0007603580108297,1.0,,9.99735625896712,,0.8449544279191341,89.87103674089994,0.5
AA6061-T6,1.0008825655452027,39.67582308639786,circle,11.857368179532806,355.8612700905875,302.5149249718933,461.4649659655475,0.12007831827044073,0.7691298379498958,1,546.4013237961742,0.0,0.49950074412811546,1.0,1.4295782047835341,,,0.5999760998500057,70.10463366887953,0.5
AA6061-T6,0.9991277624959034,45.85745667608169,circle,11.696331946941465,355.7489650138195,302.1606058626679,461.55428851367503,0.12044784238911344,0.7705209333752131,1,996.6794569109053,0.0,0.5009013497109658,2.0,1.2959080144692148,,,,89.90982158504585,0.5
AA6061-T6,1.003446541273555,29.504293564014834,circle,12.560923045596525,293.71413979348233,259.54812228885277,442.5854290038434,0.2622524976725496,0.7063276812224695,1,632.8126581448986,1.5751126190163462,0.4050411402972809,1.0,3.3998708416172985,,,0.6094916010939769,70.11514907446924,0.5
AA6061-T6,0.9963770261005512,23.535911520523747,circle,12.929888245795672,241.47780960362235,224.5898641093937,426.36926742116503,0.379466647143348,0.65477846539269,1,331.37926032424923,0.0,0.33145040325164804,2.0,2.751526933991772,,,,89.97788058860706,0.5
AA6061-T6,0.9976105374165991,43.39493741973382,circle,11.710416986463985,356.3493828449255,303.0685433131845,461.681995192046,0.12004202653150382,0.769855926583186,1,422.2148086731485,0.0,0.5022529628031537,1.0,1.3850397036504472,,,,90.05166056369806,0.5
AA6061-T6,0.9994230097551786,45.129617575342856,circle,11.6962751574564,355.99178459461626,302.5084099776857,461.7365403280119,0.11976794161044463,0.7703805087706109,1,994.7057125893007,0.0,0.5006828491175486,3.0,1.320534340518189,,,,89.93422085800569,0.5
AA6061-T6,1.0040055228951563,25.67857505311217,circle,12.582434864993507,253.54174150777968,187.98468858295774,410.47134070920697,0.2943604349341761,0.6007037390613427,0,13.504928401085131,0.0,0.6566119066161797,1.0,3.3965232078749903,9.990062313516852,,0.8430386411693394,89.87227635507234,0.5
AA6061-T6,1.0016407092678232,42.48950618965906,circle,11.850466571552438,333.51545656564986,288.729369363367,431.5666837160306,0.104975823614713,0.7698492986563699,1,501.12186362465695,0.0,0.5001782942090697,2.0,1.5169710968288728,14.029940321746555,,0.701147503120632,89.90355326987076,0.5
AA6061-T6,1.6931874901880717,138.91789110070286,square,11.698661968343151,357.0218794928966,302.2321922245776,461.3843344472637,0.11957522741842089,0.7694771375239904,1,718.3143262380613,69.33655269768158,0.4964722047700865,1.0,1.302942135473199,,,1.4018036326666445,58.79595320829797,0.5
AA6061-T6,1.0006295012047985,45.33976265651226,circle,11.699681857083277,356.64014061824,302.3432834239225,461.9771020036593,0.11904276114193986,0.7699480778772417,1,1007.1131413324725,1.3104670335170994,0.4996391613560887,1.0,1.3210464668011932,,,,90.00754367007941,0.5
AA6061-T6,0.9984531999663308,45.05111472773399,circle,11.702610709361295,355.9467521813412,301.5835292574631,461.7539360136477,0.1198808812769153,0.7699709740736926,1,995.4905936915752,0.0,0.4987007996106136,3.0,1.3240888003712818,,,,90.0397885642399,0.5
AA6061-T6,1.0014118261445468,42.990128157862344,circle,11.863310191318131,330.34715671768055,288.1657691164701,429.0231406118415,0.1031876238944793,0.7693051587324754,1,459.3822412307395,1.4476848956021584,0.5001276156208873,1.0,1.5149674573191594,14.007152333115775,,0.7009865322922179,89.87211913151124,0.5
AA6061-T6,0.9962038968789215,43.84592272712443,circle,11.694844061636852,356.68606549649,301.98102204177144,461.7784041200473,0.11867551045989697,0.7698918023575185,1,512.1212887147655,0.0,0.4997034582777213,2.0,1.3686293342840121,,,,89.82705838380646,0.5
AA6061-T6,1.00222230689742,44.66359216466093,circle,11.696144462339234,356.2867973951556,302.4148689587749,461.34581621468976,0.11882891175740137,0.7703797292366799,1,593.5018952483914,0.9827567268488595,0.4993583095502643,1.0,1.3519173036805094,,,,90.06845172150105,0.5
AA6061-T6,1.0007794821653606,34.8549103344472,circle,12.345334549209017,296.0097427625587,262.09937142533363,443.4180865271746,0.2563061013471227,0.7089355884626041,1,651.4565791121148,0.0,0.4117913152417123,1.0,2.0591927825696277,9.649737448416378,,0.8652287042917288,81.46889593133334,0.5
AA6061-T6,1.5717107857944552,118.02562337990254,circle,11.747115076038147,336.42282321505616,253.9836941208811,439.3964382567955,0.122214910206202,0.6986121977312937,1,601.9229034497988,99.23773458947713,0.7125332886120501,1.0,,9.999189850355119,,1.1557489708379602,64.23240353175788,0.5
AA6061-T6,1.0003289622813072,43.50682316934692,circle,11.69636387444059,356.61625665509376,302.3722539442174,461.81312926166527,0.12074851610572442,0.7703018003329669,1,1004.8674554713122,0.0,0.5008611373039035,3.0,1.379115536260695,,0.82,,90.03548206017707,0.5
AA6061-T6,1.000061461624934,45.507037291361286,circle,11.695681318749754,356.76091688238614,302.6864365157358,461.952576729444,0.11885871015650896,0.7702196484490803,1,998.1340065914551,0.0,0.5009168267213325,1.0,1.3161176312883334,,,,90.1784908884587,0.5
AA6061-T6,0.995011118701325,44.957787826757034,circle,11.706572282895648,356.78148548608544,302.28651040253527,461.7211831747724,0.11966912240345995,0.7699250392425573,1,1006.2490577330813,0.0,0.5007289033397454,3.0,1.3225229343447293,,,,90.02616160835356,0.5
AA6061-T6,0.9999039097480238,44.31895030635377,circle,11.701503182309045,356.61703417011165,302.24352008548215,461.5846927036673,0.11966344403468437,0.76932216831254,1,997.9389797298672,0.6536035657664274,0.49957273789882695,2.0,1.3509802493908378,,,,90.0287407950783,0.5
AA6061-T6,0.999954688489346,40.83086549628132,circle,11.810622940645604,356.6339943590292,301.8202739685367,461.4313185691346,0.12022512673304879,0.7700605089523929,1,340.8883761898676,2.1632805279432805,0.4986166193612652,1.0,1.4329480846800087,,,0.6073784149304825,70.08160046044841,0.5
AA6061-T6,1.001300405205969,46.334927009197195,circle,11.691041814874099,357.1177080039627,302.3792844086237,461.7387733602611,0.11929357995041572,0.7710982532357136,1,998.5375479893129,0.0,0.5027492415101049,2.0,1.2989052054226722,,,,90.16417320215785,0.5
AA6061-T6,1.0000202143255181,37.70386517639823,circle,11.88789103214472,310.44521804219687,227.61257618989643,406.23900586829075,0.1063480611098553,0.5997056799118451,0,1004.6130641567557,499.0402450995793,0.7735101164061537,1.0,2.151903632072762,10.4429151965833,,0.756757063451604,90.0415119756498,0.5
AA6061-T6,1.0020123646368506,41.983983013728825,circle,11.839944295463615,335.55236189014244,290.400420788227,434.41978867547937,0.1066827816392128,0.7701264188525796,1,547.629591516491,0.0,0.501332890037872,3.0,1.515628089060963,14.000788210554946,,0.7014076807571659,89.90449183342353,0.5
AA6061-T6,0.9994591804764738,44.68056383800826,circle,11.699200471630025,357.50767811384213,303.29100818479793,461.9302922806023,0.1212630587069126,0.7701753401511889,1,1002.8132453750126,0.2491303184608633,0.501290373876924,3.0,1.3426643281866766,,,,90.03809072464539,0.5
AA6061-T6,1.001324075435292,31.015950692915506,circle,12.55846412705467,277.898811935433,248.25275478884572,436.9977921251647,0.3002566368391322,0.688477941616352,1,532.4953608658819,0.17697177566865208,0.3826338768488128,3.0,2.3099375696713715,,,,90.03129236145989,0.5
AA6061-T6,1.0008549774504059,43.08748202796439,circle,11.822764881617884,337.8139001176819,291.5880988807159,437.44609458269787,0.10831618830204084,0.7698210638958649,1,1000.615801435523,200.56597073240138,0.49623133745080067,1.0,1.6624543862774892,10.969684168337842,,0.6493921535079789,89.85700409996275,0.5
AA6061-T6,1.001033950893349,45.54440268604068,circle,11.70242484520781,356.56978209004086,302.7496236361496,461.7377335541481,0.12093069735850803,0.7710408688120144,1,608.6032541233569,0.0,0.5010896641280457,3.0,1.3219788303251605,9.197673388130758,,0.8726723449712688,88.63856009824701,0.5
AA6061-T6,1.5273662103267,102.28388255220376,square,12.550728984240553,276.90816416859343,248.78214428243317,437.31491690660147,0.29875067239626474,0.6907554025534771,1,325.33946560211325,54.11533677945834,0.38139839685603877,1.0,3.4035229495413306,,,1.3978035493857668,44.97738242864464,0.5
AA6061-T6,1.0043374283666269,41.50827508988184,circle,11.878620054801116,328.22359431897877,285.941490694806,425.83395145987134,0.10247490741805791,0.7705472099641192,1,400.50192936327073,0.11020870369223099,0.4996283049368353,3.0,1.5643719023145204,14.001444104971501,,0.7030361944873667,90.00708119399596,0.5
AA6061-T6,1.0040092195834505,36.98062322108834,circle,11.890902182757353,310.44893960481284,228.52220262886814,406.38086775900945,0.10582928038230709,0.6001673494067332,0,7.642073999161372,,0.9978678622417984,1.0,1.700644967026831,11.798372882357556,,0.6437135242970187,89.93045531598304,0.5
AA6061-T6,0.9991972398041451,40.21425126253959,circle,11.752638301417285,332.4230519566788,243.09512256274002,435.0058920581907,0.12006755275278015,0.6817392615710712,0,997.9901622886982,0.27686994153027006,0.7606452687639105,1.0,1.3020145766904732,9.999993979950773,,0.836184329309401,90.04452321703242,0.5
AA6061-T6,0.999622045148822,45.304587016395175,circle,11.697847931102137,356.0424771950393,301.69602458120846,461.7290677970493,0.12035920817685954,0.7696362879501,1,1000.4253390488112,1.3680742026978283,0.4993161624801025,2.0,1.3099439306096385,9.635371641821646,,0.8622968650839354,87.30295453990952,0.5
AA6061-T6,1.0004885798278995,41.994313178474364,circle,11.731985866052767,341.75552965087996,267.0877741274232,445.8972739257088,0.11957580058545018,0.7180747893030284,1,1000.1495100008434,0.7008779544873005,0.6530749055325225,3.0,1.3236530238207556,10.005454080812171,,0.8399571408299924,89.84218125668588,0.5
AA6061-T6,0.9997980656313943,30.516397379281354,circle,12.592630647879668,272.3908300150875,245.4571827008739,435.94047343686475,0.3091282616088019,0.6854190843063733,1,506.91881739455414,0.2898715525139745,0.37313811294119714,1.0,2.3462456300671573,9.643390399531288,,0.8670730648574988,81.36073071607191,0.5
AA6061-T6,1.0046800886471376,44.14340629117851,circle,11.703102360951826,356.8702128139339,302.3058140058579,461.89116294942096,0.1190725008001931,0.769912284564809,1,994.6233428826389,0.0,0.4995833998144307,3.0,1.352806816771638,,,,90.16635003067783,0.5
AA6061-T6,1.0037100248620092,44.823412225411204,circle,11.69845674717351,356.6241690027521,302.4674052893588,461.87090878901864,0.11926098176957274,0.769909883354866,1,996.6488171185634,0.41401615749666665,0.5014954517277392,2.0,1.3391214894329815,,,,90.13309308969811,0.5
AA6061-T6,1.0039681023120726,40.33442555638416,circle,11.867771567340734,356.7838729041318,302.71667995646476,461.46764015396536,0.11972937101168622,0.7696219212519712,1,1003.834435415264,0.0,0.5004575426249283,1.0,1.3966973881523266,,,0.6103409871855606,79.01355358416822,0.5
AA6061-T6,0.9957918357952457,45.30566007918356,circle,11.699220586700934,356.2307581307432,302.4098621638162,461.6807084823579,0.12086610420642704,0.7696758871346766,1,998.3276544780649,1.125872940544563,0.49980410378566675,3.0,1.3232707143072753,9.667899944558185,,0.8636049209022008,84.72028556510584,0.5
AA6061-T6,1.0023095400610902,42.36518328128498,circle,11.88791690049545,327.45938994402036,285.78140663832977,424.3990510290894,0.10105349783116636,0.7710807674369102,1,382.7854522699384,0.39919655568683277,0.49717647655737013,1.0,1.550414754202505,14.008266735822342,,0.7016158172085851,90.08975268992731,0.5
AA6061-T6,1.001421512699178,41.340335323780195,circle,11.911665242362877,324.72957772250874,284.0559375564237,420.7827088750869,0.09875560717479542,0.7705689460998772,1,320.28128025030543,0.035323556976019195,0.5021735808570015,2.0,1.5866719403188643,14.021334414134651,,0.7009950489904805,89.9903711463429,0.5
AA6061-T6,1.0010293704379936,43.43400175869757,circle,11.700940498517786,356.43151830605274,302.638963268069,461.7364357183298,0.11915898980377201,0.7697723482049112,1,502.17350108687316,2.1680238431537546,0.4987511777674416,1.0,1.378955293626276,,,,89.87771418779445,0.5
AA6061-T6,0.9987112350271259,44.02602339881827,circle,11.704075774534989,357.11796557886146,302.38941606124234,461.48068987298757,0.1196993613288515,0.7697888923978954,1,997.4797955719166,0.0,0.4990854982187095,3.0,1.3475501348640135,,,,89.78655806830685,0.5
AA6061-T6,1.0010141946269924,28.06447650833704,circle,12.657960214643719,266.7204629240095,241.1702546764232,433.88767064592105,0.3227600299705117,0.679492585774248,1,471.2956453621366,0.0,0.36805994187856966,2.0,2.470246844321805,,0.82,,90.02271105520677,0.5
AA6061-T6,1.0001157481616747,45.609228638221914,circle,11.700208118959955,355.712956376346,302.83939383369363,461.54875788719414,0.1210812623666588,0.7702027610656176,1,1004.4118546570121,1.0121953051286325,0.49939529432729096,2.0,1.3081808456501176,,,,89.94973932381741,0.5
AA6061-T6,0.9998744038902407,43.8422375019533,circle,11.701902024042885,356.92386535477254,302.67073605856,461.7504777177462,0.12094028385166365,0.769693827833718,1,999.4893945890648,0.0,0.49669191271261887,1.0,1.3658148081224655,9.637723042871842,0.82,0.8610992314248942,87.02284301866084,0.5
AA6061-T6,0.9992698600598627,36.829451886609945,circle,11.764246557073932,324.59042416224355,222.91132239382634,426.06037763771843,0.12029250709500677,0.6528933501398702,0,998.8886667400326,0.0,0.8464245902620452,2.0,1.3599727193941975,9.987611289625818,,0.8383168821823661,90.07690400055948,0.5
AA6061-T6,0.9975777510806572,31.629442329550702,circle,12.527701185514779,279.2430322824763,250.14215127521604,437.9487075588305,0.2952642947247102,0.6909509247058928,1,548.2936868428669,0.7573248255729281,0.3829244498252284,2.0,2.2676455674401317,,,,90.01140726349725,0.5
AA6061-T6,0.9948923141742584,27.46577557989628,circle,12.745677506183167,250.0489570198192,232.83556763701745,406.0842462169453,0.2915155119408239,0.6005398559160634,1,15.55454790627411,0.0,0.2512536971020162,1.0,2.5431117333595035,14.004227547290121,,0.6964244669175281,89.96202020509385,0.5
AA6061-T6,1.001511411246995,45.43972212063881,circle,11.693489313721887,356.4246887978472,302.73005717129985,462.101542278005,0.11895898861086787,0.7696323846093404,1,1007.0760888764885,0.0,0.4992478465316709,2.0,1.3048162407158124,,,,89.98342675906555,0.5
AA6061-T6,0.999085463037314,34.17127427836526,circle,12.331064893567467,298.68817561932167,262.9588143409995,443.70511638785644,0.2523164689205026,0.7113507065832013,1,656.0479602175056,0.07723770140900746,0.41628535918535353,4.0,2.0697122393500997,,,,89.85531193009234,0.5
AA6061-T6,1.000864650425764,41.89792948769383,circle,11.855358961537599,331.9778362085406,288.48439084312207,429.98543589201,0.1044170532358015,0.7699836474347996,1,476.0946595733675,0.0,0.5006614272531961,3.0,1.5371728158771758,13.974555076718852,,0.700605254659586,89.99755395784062,0.5
AA6061-T6,0.9989883479549471,43.7139474607348,circle,11.70152209378365,356.37751054289686,302.35837040818836,461.34156530096743,0.12203585092429182,0.7701254374985498,1,993.3886876868629,0.18260123409823223,0.5017635561931488,3.0,1.3727822306333275,,,,90.07276580981292,0.5
AA6061-T6,0.9993520198662171,34.564700632834416,circle,12.359461629961558,295.6270789621512,260.457945682656,442.87629441463923,0.2577933644230418,0.7078575221365834,1,642.1682197830808,0.2099626743787362,0.40917324222528356,1.0,2.059200189424756,,,,89.97433345669045,0.5
AA6061-T6,1.0005894915893747,41.15411571251806,circle,11.864125961654459,330.55500286812963,287.58459369143037,429.064397634182,0.10264336175380828,0.7704545337567195,1,450.5330370870974,0.23524888169330396,0.4994625607685585,1.0,1.5551770657534445,13.973253015425664,,0.7004123804910548,89.95028916310487,0.5
AA6061-T6,0.999860254239001,44.71896598799879,circle,11.700676492103728,355.8646076814103,302.9903636401037,461.9107650566509,0.1201943711090929,0.7700797731562865,1,999.39181985455,0.9019125907387573,0.49927606092901144,4.0,1.3393874452097378,,,,89.9059578394424,0.5
AA6061-T6,0.9995988585958108,44.68269938448939,circle,11.70085180309663,356.3461967906873,302.63513807187786,461.6900287756678,0.1209610194700961,0.7708046695717395,1,999.4511553761931,0.0,0.4990833093375927,3.0,1.3406441946199652,,,,89.91436979165816,0.5
AA6061-T6,0.9995938808358545,42.61397313714857,circle,11.705739176266865,356.3612260909294,301.6735198161892,461.1663915445112,0.1190923457571381,0.7703314254835948,1,1003.8246370209403,1.60483214634616,0.4991843443027766,1.0,1.386660247491897,,0.82,,90.088150454662,0.5
AA6061-T6,0.9994383031497044,44.89162333684432,circle,11.699775718148302,356.48682131021434,302.11371736086437,461.3886929392332,0.11905259807371078,0.7709620113825227,1,1002.0295974903667,0.0,0.49946901681113204,4.0,1.3446218842549769,,,,89.98251321663969,0.5
AA6061-T6,0.999806939175619,44.77692046317067,circle,11.701347799540873,356.4450795407187,302.18582408377534,461.52654441915695,0.11988852380509478,0.7700332526758364,1,993.8213489856208,0.0,0.49971987478678165,4.0,1.3368125274465472,,,,90.33596942173139,0.5
AA6061-T6,0.9994884095552596,43.219707918382966,circle,11.826681926650696,337.19156770516724,291.660760549092,436.5064203373818,0.10736986921281626,0.7701050501571771,1,1002.0341220253249,211.7063085967573,0.4989426489105883,3.0,1.6640581871634217,10.99928871339898,,0.6499427620802184,89.88563908406188,0.5
AA6061-T6,1.0022313719875575,34.87168052515281,circle,12.310312299543028,299.2375503262582,263.70660831915643,444.1620123777218,0.24865255621782154,0.7131353533650877,1,662.3764726752622,2.0947449926064508,0.41506543734859064,2.0,2.025160168781368,,,,90.1112321561598,0.5
AA6061-T6,1.0000008520041914,26.9309753598391,circle,12.78538807455117,254.75533225605463,232.78875230261607,430.49791218117895,0.3488916895596234,0.6670021215071906,1,402.9737854307125,0.0,0.3488495167397993,3.0,2.5787720164779895,,,,90.09020145672419,0.5
AA6061-T6,1.0018552253176707,43.55216444552841,circle,11.698653206095836,356.7353576749855,302.5737907150751,461.7226613863651,0.11815689202690148,0.7689793378018437,1,1003.8566479218109,0.0,0.50116801053287,3.0,1.3741316344493093,,,,89.91337078794386,0.5
AA6061-T6,1.000951208451629,45.15500515266426,circle,11.701539185596877,356.82886271047033,302.54550291941956,461.2642891664821,0.11982517604169145,0.7704271942916965,1,1004.8046494311195,0.9778863814653342,0.49765853916574,4.0,1.317861761765506,,,,90.04785779146474,0.5
AA6061-T6,1.0002689315158844,44.54878578850187,circle,11.702933339009844,356.3383562478488,302.4860636785766,461.5509267558789,0.12001307907403072,0.7703134153158083,1,998.0348262428955,0.0,0.5008159735035704,2.0,1.330474071180276,,,,90.06503391712108,0.5
AA6061-T6,0.9982777466099283,42.31213080717218,circle,11.840467129818153,334.4661104814976,289.3338457886868,433.3232054381342,0.10474613130344601,0.7697689023068409,1,524.5382976361057,0.3556484017635141,0.4960296916215518,3.0,1.5248144722367523,14.000900234245448,,0.6987941541425715,90.05022528847105,0.5
AA6061-T6,1.6855102829688515,137.50278652065987,square,11.69891416402949,355.9970995955977,302.45403257208875,461.8157960891879,0.11942550151337074,0.7697872102387822,1,724.5788412326337,68.75206930073175,0.5017068554418431,2.0,1.3273314551837885,,,1.4015975792305848,59.15342543191903,0.5
AA6061-T6,1.0031938864233592,45.46540302941423,circle,11.699863927005193,356.60703036302164,302.16351838657084,461.6585659882457,0.1202238842750523,0.7699097835712739,1,998.4733927310469,0.0,0.5033813169367605,3.0,1.321713052884353,,,,89.94906572731733,0.5
AA6061-T6,1.0014609328870572,45.54974881141147,circle,11.707289845494548,356.33263471720153,302.8753687735746,461.3901907322147,0.11950913251797254,0.7695752498161095,1,1009.5529884700773,1.0160574029586205,0.4995315138672673,3.0,1.3116662293374108,9.696412042871918,,0.8610541186971302,86.08592089079102,0.5
AA6061-T6,1.0015209023151321,46.27126801293992,circle,11.699711871027837,356.9646920475873,302.52214556460257,461.5978756483801,0.12061903810812162,0.7694499234707478,1,1001.1172612883155,0.0,0.4993591881992999,3.0,1.2991452121394427,,,,90.07575519875682,0.5
AA6061-T6,0.9977381281943443,44.89249418964473,circle,11.697189501188022,356.35805786417313,301.97279689027806,461.55183233347003,0.11974040124286439,0.7701394855513056,1,1003.3484352139362,0.0,0.49856465744100914,4.0,1.3315377991225448,,,,89.84535081791758,0.5
AA6061-T6,0.999550480224834,42.317098957335205,circle,11.89990711362881,326.09046569049804,285.14724982927993,422.91467171062436,0.09981917078750101,0.7699303121730768,1,356.2025021561574,0.0,0.49980743528173105,1.0,1.559192656875351,13.987743995313304,,0.6996851856932439,90.03757532584775,0.5
AA6061-T6,0.9998900221875253,41.508297101495195,circle,11.874405730188727,357.2033801580291,301.75939104166457,461.71397471537165,0.1198857697669606,0.7701299920433331,1,1005.1173219826678,0.15085337794943596,0.49910931715259227,2.0,1.2899120897174308,,,0.6147538093865431,78.57197706773448,0.5
AA6061-T6,0.999390157625844,43.72845003714776,circle,11.693416744554362,356.42805638614135,302.70807850608,461.7577298250468,0.12060868004410732,0.770917397048434,1,999.6794767384342,0.0,0.5016579221103487,2.0,1.3632429497677303,,,,89.92436407404938,0.5
AA6061-T6,0.998255466315365,43.8376505992263,circle,11.811780739897994,338.44001459812273,292.61429732067717,438.9874230395132,0.10989293510438225,0.7691476476228223,1,616.613768555025,0.0,0.5016533672870952,2.0,1.452542336382164,13.984810692248345,,0.6987781166238526,90.08166478978848,0.5
AA6061-T6,1.0026298042581507,43.933348413872416,circle,11.69817029673319,356.1740108036741,302.4852329436463,461.6538574306,0.12066229958350848,0.7698392466020121,1,1002.0334943178709,0.19317457331286012,0.5016259525662353,2.0,1.3804801041340076,,0.82,,89.93111216347506,0.5
AA6061-T6,1.4457278136837237,104.87446419461364,square,11.699775431492968,356.5802846567712,302.03030917048375,461.88429804232356,0.11997820189421045,0.7705538645663184,1,819.4257414293423,45.87062471417927,0.5004133985980299,1.0,1.3311426138674336,,,1.4011744459131652,70.01541798291969,0.5
AA6061-T6,1.0017369331730674,46.20671915203655,circle,11.701560399096694,356.54979349240216,302.8639385765795,461.8080878782389,0.12034324073936806,0.7700218424308194,1,1001.890930877745,0.0,0.5015694597490526,2.0,1.306877339509483,,,,89.96351132167447,0.5
AA6061-T6,1.0018746089036792,43.85291065639007,circle,11.697635820067386,356.8576743040818,301.7130311500585,461.5194990671344,0.12083853225895207,0.770587789491407,1,1000.4285047726441,0.2956747086330746,0.49869134539984217,3.0,1.375058758608979,,0.82,,89.86229621948598,0.5
AA6061-T6,0.9972525073078914,45.536495055307306,circle,11.702736144331698,356.97454629927165,302.18945870112657,461.4994189454891,0.1207581054833993,0.7701525157386409,1,1003.209900450868,1.1484304184003895,0.5002762496758342,1.0,1.312555816566231,,,,90.12514871206697,0.5
AA6061-T6,1.0012462577043095,44.48424487943285,circle,11.70084434295723,356.5297632901478,302.59424674011836,461.744889222403,0.12068351567087891,0.7694999554624279,1,1005.9148087137226,0.0,0.5010369069224154,4.0,1.3454153622155052,,,,90.08198296882387,0.5
AA6061-T6,1.000959333049081,41.162791936120776,circle,11.900057878172136,325.94512391618014,285.567548873501,422.1885665254037,0.10026944545795943,0.770047812270633,0,996.7199432637639,329.50576589363095,0.49935196374049623,5.0,1.881394780747857,10.980836069969484,,0.6528817494851725,90.06132001653553,0.5
AA6061-T6,1.002780389386171,43.23733853894575,circle,11.703361532598853,357.2607136769512,302.36257688933193,461.559592112924,0.11991503627875398,0.7701982461515473,1,1002.0030473927154,0.0,0.4993942695588226,3.0,1.37830811219913,,,,90.0519651144474,0.5
AA6061-T6,1.0007118909109312,45.91099370870841,circle,11.69948338103537,356.0328766604413,302.24017007789274,461.38125998397976,0.11949620974350386,0.770124581087119,1,997.0247399722557,0.0,0.49916435778110346,2.0,1.302215309757744,,,,90.01131455442105,0.5
AA6061-T6,1.001177411216542,26.94257788984127,circle,12.790194443394665,253.40879836142418,232.6774782041718,430.2037310910709,0.3513515497399611,0.6665347148323734,1,399.0694640950832,0.0,0.3473203707367802,2.0,2.5751129340974854,,,,89.9793779429579,0.5
AA6061-T6,1.0010711455754335,28.436464858459736,circle,12.340580100998672,271.6456768975643,188.81813896161088,409.745245597571,0.2391739186426454,0.6006402044797886,0,16.26476789082425,0.008678316485755382,0.7640103562146278,1.0,3.3961571208200803,9.950575188546614,,0.8410136002723223,90.07772021355457,0.5
AA6061-T6,1.002067220868189,43.45577062488005,circle,11.833500524747523,334.9867569181747,290.34073545989327,434.86201506806174,0.10587303705122522,0.7702864942059434,1,996.6458095875049,224.70994700684622,0.49987755141118284,1.0,1.678160682431733,10.990627475763201,,0.6508153966769223,89.99599183798104,0.5
AA6061-T6,0.9992801564614349,45.23119338659782,circle,11.705946288581625,355.88632748142595,302.5787397232202,461.7843660665151,0.11923151686892298,0.7697485012848134,1,546.9885523567914,0.21321145980294484,0.5017097128887937,3.0,1.332415516552369,9.266429232217433,,0.8734036361650954,88.18983293337374,0.5
AA6061-T6,1.001151085703674,43.72330160822567,circle,11.703244140884403,356.18651280387127,302.54204036420384,461.3172117667015,0.12075278917513523,0.7700773407991107,1,994.8814933740173,1.0313486293618868,0.5004625429537514,2.0,1.3581190926062447,,,,89.8334963356656,0.5
AA6061-T6,1.0026865845122064,45.22748274464716,circle,11.699650521609811,357.2173806689345,302.8998889414318,461.734089939233,0.12003613493673812,0.7700836541350008,1,999.5232876170888,0.0,0.4982414245917162,2.0,1.3141267704701218,,,,90.02933379199106,0.5
AA6061-T6,0.9994951105828812,45.23015744959104,circle,11.701998344681291,356.0794590158094,302.77304142604044,461.42946935717714,0.1194998306858773,0.7696106309423008,1,1003.9996190393101,0.0,0.502152607785357,3.0,1.3153303501071216,,,,90.27105552761005,0.5
AA6061-T6,0.9987274686061915,45.041385512233994,circle,11.701882083717642,355.8846982572163,302.44256467429994,461.7077791794088,0.11949499902770472,0.7707087561478303,1,990.9673321797326,0.029822313015826524,0.5007250427620668,2.0,1.3458949680715464,,0.82,,90.03452240218559,0.5
AA6061-T6,0.9987557366666836,44.36994662395413,circle,11.699275087658794,356.5004887421997,302.1894845997588,461.4042490839149,0.1204159527101089,0.7695870418094173,1,998.8402003763442,0.0,0.501597701644003,4.0,1.338119429306408,9.651903162735142,,0.8633084283029021,87.1658562547328,0.5
SUS 304,0.3967351725807026,9.197260982277124,circle,32.31512283822744,410.0882747502833,218.82165910311295,1275.0,0.6297929831315006,1.0,0,300.0,0.0,0.6711350057100268,3.0,2.608151387255251,4.518235594441769,,0.345,90.0,0.5
SUS 304,0.4237174300267984,7.9742990786954,circle,28.39872060374858,446.16467934695675,215.36353029239987,1275.0,0.5224469934801486,1.0,0,300.0,0.0,0.7432642903334492,3.0,2.5140637143362348,4.540101415619748,,0.345,90.0,0.5
SUS 304,0.4214836968543567,16.203968872752142,circle,30.77716886909871,532.7502816017327,216.95809678571865,1275.0,0.2903560535095305,1.0,0,,,0.9999766556074836,2.0,2.2142627514535005,6.673627059878927,,0.345,90.0,0.5
SUS 304,0.2876000122137046,26.75030215203191,circle,55.98453241329868,392.02883851188835,235.8065425090671,1275.0,0.7601719117402154,1.0,0,300.0,0.0,0.6794732030319657,1.0,3.0981219139537455,10.02662383400371,,,90.0,0.5
SUS 304,0.2809547770730519,22.275452477390647,circle,55.15129946309214,332.26229817519805,236.10763480833108,1275.0,0.9181090981725486,1.0,1,300.0,0.0,0.5121861901763882,2.0,3.0998552596725824,9.984592971901641,,,90.0,0.5
SUS 304,0.5000714956485518,4.6127586544524375,circle,15.25212426899693,550.6597932264773,204.98744748219855,1275.0,0.20452047373229998,1.0,0,,,1.0037552927434392,3.0,2.2187731837266234,4.564365757840012,,0.345,90.0,0.5
SUS 304,0.503779126173155,4.368094692655735,circle,14.959740580933609,549.1231008017338,205.2185568254061,1275.0,0.18926922313863323,1.0,0,,,0.9954835322229327,3.0,2.223814658362424,4.61305578747699,,0.345,90.0,0.5
SUS 304,0.41787742647143045,16.953090110590487,circle,31.539618327719875,532.1473188659343,217.82047741403693,1275.0,0.29719214950689155,1.0,0,,,1.0016976450065012,2.0,2.2141305935350664,6.799026048372926,,0.345,90.0,0.5
SUS 304,0.28729378391941673,26.489828008583515,circle,55.78876013851929,388.57307370488456,236.24845996495728,1275.0,0.7576219338194826,1.0,0,300.0,0.0,0.6725600422492425,1.0,3.0965642921100427,10.007527793580467,,,90.0,0.5
SUS 304,0.3893876054585452,21.176208492536848,circle,38.09062686903044,521.4565957317235,222.1452995285787,1275.0,0.33203644078194716,1.0,0,,,0.9954620421547327,2.0,2.2153470862493,7.559898424548597,,0.345,90.0,0.5
SUS 304,0.3990663942184347,19.741790961132462,circle,35.62439011352931,527.7037121873326,220.62312290897427,1275.0,0.3199934220260488,1.0,0,,,1.0028194077396642,2.0,2.221521167876104,7.2869193430938415,,0.345,90.0,0.5
SUS 304,0.299729384155107,35.06526042584119,circle,56.57993405652456,504.6184135834664,236.14584520284964,1275.0,0.44906320775904696,1.0,0,,,0.9981683490140988,1.0,,10.00336084656093,,,90.0,0.5
SUS 304,0.28926046297673186,28.01522870588147,circle,56.46602244784359,415.82816818906946,235.95853654983046,1275.0,0.7053216186414155,1.0,0,300.0,0.0,0.7447630445197437,1.0,3.101022994543345,9.999926009460863,,,90.0,0.5
SUS 304,0.39212117655004186,20.927989700913987,circle,37.74873844456835,526.9277079246,221.89693339541262,1275.0,0.33237162927050096,1.0,0,,,1.0050571735502114,2.0,2.2204988276342665,7.43600071307897,,0.345,90.0,0.5
SUS 304,0.29296217478181463,28.2761906770242,circle,56.387196850973574,418.2659661886291,235.7362765111553,1275.0,0.6860776597940969,1.0,0,300.0,0.0,0.756182669850708,1.0,3.1076219827641975,10.033781702233666,,,90.0,0.5
SUS 304,0.3002276943162318,34.876378207003135,circle,57.24459069899958,504.5620063867076,235.83975297627538,1275.0,0.4524323688790083,1.0,0,,,1.0043811642669203,1.0,,9.989011378910597,,,90.0,0.5
Sheet Steel,0.7703686186626679,34.88852995501228,circle,33.187538179703495,415.2022086111652,234.4078162417759,435.96231904172345,1.0,1.4226935323257452,1,462.2303376848197,,0.5,2.0,1.466964202535327,26.436274381834803,,0.537728147966451,85.68310530971816,0.45000000000000007
Sheet Steel,0.9984200773880558,60.91137365024264,circle,30.73114539138994,325.24753472663417,202.1226490108632,520.0439824722517,0.16866654670964892,1.1819653944805508,1,1000.1349825796175,,0.5,4.0,1.4228729064701735,39.998769164970106,0.967,0.6978605345601788,86.88365987056775,0.4764705882352941
Sheet Steel,0.7493353295267331,45.28243265614571,circle,33.45770364303239,437.55343139798083,223.82696236517762,459.4311029678799,1.0,1.4483269687524722,1,396.5289394531194,,0.5,2.0,1.4377563682257222,16.327467352746257,0.967,0.3807842137986816,90.0270276958917,0.4764705882352941
Sheet Steel,0.8251998721955025,52.36869099524203,circle,32.64082283458646,367.72871654656427,254.46543948525616,386.1151523738925,0.9870064007223368,1.3674145371685786,1,573.5794042375877,,0.5,3.0,1.4268420822676855,16.396985410563758,0.967,0.5776399056468916,89.99254475890919,0.4529411764705883
Sheet Steel,0.9984405486165043,53.80000003759737,circle,30.775579079838003,327.49645964508136,204.02057132725074,516.5041084874845,0.16785796652841461,1.179836659789125,1,1010.2130015557897,,0.5,4.0,1.4413694048377423,40.09656845668866,0.967,0.6956768168597989,84.48809683007582,0.4764705882352941
Sheet Steel,0.8477240654124055,36.3053250426074,circle,32.34063445432159,343.31644056655205,266.1603353075481,360.48226259487967,0.8486478366713682,1.3416524298996455,1,649.8090539221495,,0.5,3.0,1.4698710646404545,30.975587798313466,,0.5898228174042083,83.69963220889338,0.475
Sheet Steel,0.8316786523878467,36.14233496447991,circle,32.5409118960217,364.55260816417126,256.8725071744021,382.78023857237986,0.9490727115429383,1.359468042668598,1,590.3150574883946,,0.5,3.0,1.4687564346437676,30.046662635278004,,0.5792466396757422,84.25077232889609,0.45000000000000007
Sheet Steel,0.7538919590255975,46.2248653888123,circle,33.37356520607783,433.0321899020677,228.88850435511227,454.68379939717113,1.0,1.4376349010020462,1,427.7408471612186,,0.5,2.0,1.4371038437213972,16.67462439862698,0.967,0.3795192639917255,90.02128033498893,0.4764705882352941
Sheet Steel,0.86120085801733,36.88485243991263,circle,32.22580627827558,329.9934563508497,269.9755969256334,332.88576612879694,0.791350667203134,1.3256247877327965,1,675.127799554944,,0.5,3.0,1.4698654289522273,31.870981579735332,,0.5989348754448123,83.47437699250972,0.475
Sheet Steel,0.5979629167283634,30.962101841868872,circle,34.98743342299955,577.3223424404628,164.50313274595314,606.188459562486,1.0,1.5968296848329122,1,57.80113574236703,,,1.0,1.459953872528868,16.257950808725745,,0.37906687613994444,90.01413806783242,0.44666666666666666
Sheet Steel,0.8619214285688209,36.85236667451637,circle,32.24086547767111,331.8190181587384,269.50853770337784,332.04325174486894,0.8030248160099822,1.325756479320689,1,672.5271370421717,,0.5,3.0,1.470195863217117,32.05982743280486,,0.5994341891939488,83.47285830415748,0.475
Sheet Steel,0.5991389905651429,31.272010240687464,circle,34.97634360400759,578.3192077999621,165.39377972722295,2.734223561560562,1.0,1.601743818356972,1,60.1683211365773,,,1.0,1.4597443825692613,16.343749287759458,,0.37987122889163244,89.96406736076239,0.4733333333333334
Sheet Steel,0.7277330478743874,34.187723307006316,circle,33.623101111993485,456.48608972710224,215.50300557223332,479.31039421345736,1.0,1.4678922248101367,1,359.2229846658139,,0.5,2.0,1.464922108180762,23.642573095299674,,0.5086104385720813,86.78311994569005,0.45000000000000007
DC01,0.9996598794629403,54.85473576722191,circle,28.0,315.1066700843056,180.26113474620593,610.1148625576507,0.24967474913512142,1.6000524038643655,1,622.388454551952,599.486169541431,0.07782526934037093,1.0,1.38,31.11331142625897,,0.6758720477921177,74.9854359412413,0.4764705882352941
DC01,1.0008845171963119,54.99610462052202,circle,28.0,316.08812299495037,178.56227191615088,610.0117108317684,0.25000461259008117,1.6000190262845584,1,564.1554661855172,599.128371028297,0.07125271011702511,1.0,1.38,31.07216765650914,,0.6769245177745191,75.0564647320271,0.4764705882352941
DC01,1.0002379441557916,55.122245685305614,circle,28.0,315.54044403644,180.13786174334888,609.9889237640991,0.2500781495641614,1.6001928985704827,1,543.9516050554587,598.1684866038732,0.06804972204721672,1.0,1.38,30.94370445936467,,0.6760299218347895,74.9120264083209,0.4764705882352941
DC01,0.9999586144681678,20.12738502028791,circle,28.0,429.03659413004544,371.3495982051868,613.5071200311202,0.2346263658864201,1.5726218009349182,0,,457.1669444659936,,1.0,,16.074127463119858,100.0,0.5993911704276478,89.97973052500745,0.5
DC01,0.9987094497394453,55.060277964857804,circle,28.0,314.7012406547081,178.38398399607487,609.980080481021,0.2500109262953545,1.5998876791156678,1,547.0184715656435,601.488099228242,0.06873237546128454,1.0,1.38,30.654339971570895,,0.6749935755618353,74.91099242605365,0.4764705882352941
DC01,1.0004411092209142,42.52410435288897,circle,28.0,376.7305960443881,269.30535175176453,610.0299656821683,0.249987958482169,1.5999227575947548,1,801.1898384956208,571.600554872289,0.09996713626170499,1.0,1.38,25.336606344234852,100.0,0.6006726359795002,80.36491922524051,0.5
DC01,0.8688416740105307,20.06501530346755,circle,28.0,455.25915883332266,396.97204015215806,609.9870773918361,0.2500232658505846,1.5993110098911432,0,,446.2241182771278,,1.0,,14.072188049762925,100.0,0.5369174895302542,82.20894239913952,0.5
DC01,0.7001815447389474,19.756858105227895,circle,28.0,417.4020473455218,355.68458420218343,609.9946521474969,0.24979349524212424,1.5999020763582417,0,,351.7303338303476,,1.0,,12.502191394170644,100.0,0.4546309303220681,72.00794032748287,0.5
DC01,0.8864092034140725,19.731562031042724,circle,28.0,431.9558983884705,372.70946370733554,613.4065861179469,0.23472421561012896,1.5734969858707182,0,,459.9450603836173,,1.0,,14.18170946553677,100.0,0.6001305036390098,90.14360415478151,0.5
DC01,0.9999904364804686,32.288661184713995,circle,28.0,426.3798804302416,339.9323355081485,609.9793071765549,0.2498861550507977,1.600022882439053,0,398.7538353046287,552.7676735346191,0.04989709574143561,1.0,,15.056364579755039,100.0,0.5552779581835428,84.86956244087112,0.5
DC01,1.0014240106176109,31.794000382270468,circle,28.0,427.80297878942497,343.89000773802553,610.0672562766096,0.24994494060614042,1.5999220071713833,0,398.50780591485847,552.126947627474,0.05019726552622834,1.0,,15.257789611285332,100.0,0.5570040294837557,84.97239430597337,0.5
DC01,0.8705172256401459,20.153565935424997,circle,28.0,373.54826589279537,315.01011134697836,615.0771224645596,0.22723366335265938,1.560804231527082,0,,350.1163176738625,,1.0,,15.287274703939456,100.0,0.5373943502433579,82.2818861732273,0.5
DC01,0.9976000366546317,35.527359532836954,circle,28.0,409.6537648427948,317.37858835190866,610.0183385718962,0.25000583347159594,1.599276785635027,0,400.2290399084567,556.7172738279337,0.04917366842949806,1.0,,15.201919718423838,100.0,0.5420334007331068,83.4168189601693,0.5
DC01,1.001185903132641,44.116394324648255,circle,28.0,322.97192421595526,210.01475763965882,612.7748339114879,0.23781417093552473,1.5786050485137477,1,401.35732997388897,522.9211965360795,0.049633361526136156,1.0,,17.510905997319217,,0.5101412204495774,79.73059552537558,0.5
DC01,0.8335800982452073,19.955315002053947,circle,28.0,340.50181133509557,282.49338007575705,618.9840586813783,0.210039533865851,1.5299861061186872,0,,350.39237039341316,,1.0,,14.67640564623559,,0.6004520753993011,89.86336585409992,0.5
DC01,1.001926669447342,33.23505782148001,circle,28.0,422.04285349471587,335.6452599016537,610.0099514114011,0.2497206652782586,1.599961297374521,0,400.40024526120646,555.8553496991395,0.05000379683833591,1.0,,15.230756408580064,100.0,0.5522857002866453,84.47307559972077,0.5
DC01,1.0003369805792992,37.342793701688684,circle,28.0,327.2154830766856,229.95401909576688,614.5659864191693,0.22980610013534844,1.564488528522586,0,398.05949341524786,474.61325289192655,0.049806901349840796,1.0,,17.427116072789115,,0.5342884027386109,82.56333421449938,0.5
DC01,0.850607271128667,37.5731741124336,circle,28.0,364.6613222324964,265.3924841108048,610.0253012359011,0.24991697807882746,1.5999533975736637,1,399.59661651998584,477.4121994876315,0.04996271383391846,1.0,,12.552351063294926,100.0,0.462891883925062,73.41961837625834,0.5
DC01,1.0005499424486803,30.4364122790464,circle,28.0,434.619797655393,352.8971265664573,609.9802022231572,0.24987097659052832,1.6003517053925589,0,400.2024474701923,547.2822330836782,0.05017693455615557,1.0,,15.232338294271305,100.0,0.561954093995729,85.42485140167643,0.5
DC01,0.9994035594785257,54.767003238966126,circle,28.0,315.2964566377172,179.91551933212816,610.0365849203685,0.2500188604268708,1.6000621313180057,1,399.61305639992065,600.4864823647009,0.0496600275219319,1.0,,,,0.6757877813568676,75.01360810340579,0.4733333333333334
DC01,1.0006455552605509,41.72172801159651,circle,28.0,324.716150433446,216.9255290536062,613.461117242171,0.23511910478362255,1.5734350412074807,1,398.08989782516414,505.58380484182896,0.04997231016844116,1.0,,17.722622995292852,,0.5195691926219395,80.7286175687792,0.5
DC01,1.0005535925849502,40.18057149372389,circle,28.0,387.47745510250564,284.61894310335686,610.0015000341288,0.25006979799715034,1.5996905463323223,1,397.9481635434759,567.0677967846397,0.04998707745076263,1.0,,15.233532603527918,100.0,0.5249901913980718,81.39100146266182,0.5
DC01,1.0003569923989586,54.79673538032479,circle,28.0,314.53929059317085,178.57029278580012,609.9782426564019,0.2498993757150354,1.6001211740159678,1,666.0076998720597,601.1666426358528,0.08394595824999286,1.0,1.38,30.948635743717915,,0.6765455355229836,75.04942116762545,0.4764705882352941
DC01,1.0013627460926786,30.98636806040058,circle,28.0,433.3471888625638,349.2284647252959,610.0514546657232,0.25000410840675474,1.5998003344898448,0,399.76545881294294,549.430730049081,0.050144561372590324,1.0,,15.183627058167856,100.0,0.558585160792586,85.33891057968887,0.5
DC01,0.998944723072062,55.019714729106006,circle,28.0,314.2727383581258,178.39722685074645,609.9975973056966,0.2498476383124212,1.6005738944038976,1,801.3160774914558,601.7763461375099,0.09922636890048345,1.0,1.38,31.031122701066977,,,74.87498628368287,0.5
DC01,0.7011854096997717,19.94840504808474,circle,28.0,394.17719111885316,333.1217758658329,612.7067594091318,0.2378533193168227,1.57924690281563,0,,349.8067618517487,,1.0,,12.47284906300827,100.0,0.4553665335815761,77.45055994395658,0.5
DC01,0.8636718777144311,38.556876036403615,circle,28.0,328.44551216757554,226.05163726337582,614.1651344511839,0.23123414714086532,1.567622486753121,1,400.27490219465034,485.4649365616702,0.0499161205322021,1.0,,12.559230256798722,,0.46902905423758995,81.91455721374767,0.5
DC01,1.0003638168701439,54.80984213403886,circle,28.0,315.4436457052981,179.0176920422966,610.0359766828248,0.2503272894547041,1.6002018080700215,1,398.66682556139966,600.4933832247365,0.04991036078073698,1.0,,,,0.6765676790284638,75.0549812895107,0.4733333333333334
DC01,0.9977743214839621,38.83919575922158,circle,28.0,393.10412860964846,293.32428670860014,609.9743363863041,0.2500813119280893,1.600274374123197,1,396.41657941836894,565.4506444565502,0.049701331817829535,1.0,,15.433390767739652,100.0,0.5296739919736596,81.84522776078346,0.5
DC01,1.0007821005124489,41.777783973062846,circle,28.0,380.2888689958451,272.85541771599304,610.0280617233033,0.24942681212489823,1.600228265245481,1,398.6171778413879,571.4229777245467,0.049933501042601615,1.0,,15.147071826358234,100.0,0.5199348024877821,80.74796610198213,0.5
DC01,0.9985396615004005,35.52327306007618,circle,28.0,328.2342539363384,236.24878612830298,614.9966437300611,0.227874503391472,1.5610390851474907,0,799.6540683983762,460.4072758098068,0.1005941418912057,1.0,1.38,23.360772540629366,,0.6001842696507041,83.35192990086263,0.5
DC01,0.6988917628497917,19.766757146329077,circle,28.0,386.55197197548756,326.04533961443497,613.5682879283619,0.23447814688953347,1.5726002584651653,0,,350.3587093407547,,1.0,,12.586431814584671,100.0,0.45625660182549543,79.0929266605668,0.5
DC01,1.0012475316661233,41.31558659160199,circle,28.0,324.569047347682,218.2245074008901,613.5591498936541,0.23442409052380256,1.573105634188268,1,400.038330723536,501.53402657670114,0.05019726501249861,1.0,,17.562019180396483,,0.5186477593871269,80.81545629667043,0.5
DC01,0.8069631656683031,32.402707973200705,circle,28.0,379.6110506505823,294.0510330555784,609.9755608842581,0.25007853773863187,1.599749089905967,0,799.5373872312811,439.97226446222504,0.09960420838782356,1.0,1.38,19.1868550939507,100.0,0.45511325953236376,73.04337931042204,0.5
DC01,0.8808572082310833,41.078539339254874,circle,28.0,355.00333980212696,248.48772845407896,609.9908479626432,0.2500999559581132,1.5999491144574758,1,393.4892825570147,502.9539544825191,0.05039591192743536,1.0,,12.41905403041774,100.0,0.463852221762282,73.86028915995769,0.5
DC01,0.8035127362078869,32.05539272698996,circle,28.0,380.88578751652415,294.23956806666695,610.0260094101914,0.2499168422842184,1.6006160558736353,0,399.13167793362356,436.3863575701976,0.049891523957354,1.0,,12.564460093369757,100.0,0.46005839068331084,73.02133368030384,0.5
DC01,0.8400418685911873,19.38419522500947,circle,28.0,381.45234260549404,320.184224241993,614.233148685357,0.23125954532227205,1.5664984078860351,0,,350.231857762683,,1.0,,14.903554197984812,100.0,0.524765999275978,80.44110427563959,0.5
DC01,0.7987902770891901,19.842634084497366,circle,28.0,440.1452428954996,378.14656651848503,609.9970189392582,0.25006119776473595,1.5999250490149013,0,,408.8175791392204,,1.0,,13.40550084758487,100.0,0.5031071975719056,77.923521884791,0.5
DC01,1.000774853179825,55.24659799293792,circle,28.0,314.5279581581706,179.10184999393994,610.0543415320974,0.25006765728694047,1.5997292916052595,1,545.2375459681638,599.760036446083,0.06832467531217051,1.0,1.38,30.966632538967698,,0.6765807030346913,74.9711788162518,0.4764705882352941
DC05,1.2,14.022209832425645,circle,41.0,300.0,160.0,500.0,0.23000000000000004,1.9,1,6000.0,80.0,1.0,1.0,5.7,28.0,,0.84,90.0,0.4764705882352941
DC05,1.2,14.017785261217114,circle,41.0,300.0,160.0,500.0,0.22999999999999998,1.9,1,6000.0,80.0,1.0,1.0,5.7,28.0,,0.84,90.0,0.4764705882352941
DC05,1.2,14.040110090594466,circle,41.0,300.0,160.0,500.0,0.23000000000000004,1.9,1,6000.0,80.0,1.0,1.0,5.7,28.0,,0.45,,0.5
DC05,1.2,13.99989179463001,circle,41.0,300.0,160.0,500.0,0.23,1.9,1,6000.0,80.0,1.0,1.0,5.7,28.0,,0.84,90.0,0.4764705882352941
DC05,1.2000000000000002,14.017082112795899,circle,41.0,300.0,160.0,500.0,0.23000000000000004,1.9,1,6000.0,80.0,1.0,1.0,5.700000000000001,28.0,,0.8400000000000001,90.0,0.4764705882352941
DC05,1.2,14.039938028287041,circle,41.0,300.0,160.0,500.0,0.23000000000000004,1.9,1,6000.0,80.0,1.0,1.0,5.700000000000001,28.0,,0.45000000000000007,,0.5
DC05,1.2,14.026601647889475,circle,41.0,300.0,160.0,500.0,0.23,1.9,1,6000.0,80.0,1.0,1.0,5.7,28.0,,0.84,90.0,0.4764705882352941
DC05,1.2,14.040025858811951,circle,41.0,300.0,160.0,500.0,0.22999999999999998,1.9,1,6000.0,80.0,1.0,1.0,5.7,28.0,,0.44999999999999996,,0.5
DC05,1.2,14.040007785129887,circle,41.0,300.0,160.0,500.0,0.23000000000000004,1.9,1,6000.0,80.0,1.0,1.0,5.7,28.0,,0.44999999999999996,,0.5
DC05,1.2,14.024050544948482,circle,41.0,300.0,160.0,500.0,0.22999999999999998,1.9,1,6000.0,80.0,1.0,1.0,5.7,28.0,,0.84,90.0,0.4764705882352941
DC05,1.2,14.013472099757273,circle,41.0,300.0,160.0,500.0,0.23000000000000004,1.9,1,6000.0,80.0,1.0,1.0,5.7,28.0,,0.84,90.0,0.4764705882352941
DC05,1.2,14.016786722241653,circle,41.0,300.0,160.0,500.0,0.22999999999999998,1.9,1,6000.0,80.0,1.0,1.0,5.7,28.0,,0.84,90.0,0.4764705882352941
DC05,1.2,14.017795004566395,circle,41.0,300.0,160.0,500.0,0.23,1.9,1,6000.0,80.0,1.0,1.0,5.7,28.0,,0.84,90.0,0.4764705882352941
AA5052-H32,1.503672814850562,43.27016706805849,square,14.333617539754362,263.70432240149216,195.943630550424,414.54156242616415,0.129185322724979,0.6701666762218637,1,1789.6505590301906,844.3294007039466,0.2201522307198367,1.0,1.6039643727231374,8.1267258081031,0.2380979602504574,0.928237720009165,84.99502302688664,0.5666666666666667
AA5052-H32,1.5016462482513917,40.504515379378695,square,14.454569884370107,264.00298714019215,195.98201509401568,326.0014476358827,0.14257300340176302,0.6256719947293268,1,1438.6258669622364,199.31970264815783,0.44071522148843517,1.0,1.4233932993530563,11.058114390378318,0.24336775741863853,1.0503672102651678,87.78531541109038,0.5348450960140493
AA5052-H32,1.495551490109621,41.948624022743516,circle,14.526843322781007,267.85170256735523,197.04982540073345,372.39887638691334,0.13602543294722075,0.66550633912042,1,1468.1933609319929,773.5260386280652,0.45758654110105995,1.0,1.3952076108722014,10.95438405539657,0.2739633056005074,1.1551027329347383,87.63615022387832,0.4666666666666667
AA5052-H32,0.7999856382118931,10.770555250257503,circle,26.001336678006783,195.30047914229118,114.59699914796153,347.5528989487029,0.22984380945537736,0.749924730363768,1,1487.9724025770963,5982.534234517792,,1.0,3.6725949274720193,16.931855274192845,,,89.99524089529953,0.4
AA5052-H32,1.5038077025438636,39.32953487461686,circle,14.338958117207865,264.03182419397774,196.10036193582562,405.7946881078236,0.13125093554065778,0.6661041128908586,1,1920.2608059211416,530.4277819674011,0.33400590383858386,2.0,2.0081480035054162,9.945957447681975,0.2683177568255804,0.8994667035291887,83.95476347997302,0.4666666666666667
AA5052-H32,1.5005568884652916,41.09036258108968,circle,14.353042604478366,263.81030024251106,196.3102908380764,327.9494592491258,0.14268581260094546,0.6261579719917013,1,998.0240355930187,0.0,0.21739486451572518,1.0,1.3914593308696297,10.994932779263522,0.22003984103645682,1.0499262290782556,88.29765838623364,0.4675161239268756
AA5052-H32,1.4995549712801965,43.6883050214746,circle,14.574987474522178,269.27038382070276,197.00544612005612,384.53329606059646,0.13355325453484052,0.677255800784809,1,1305.1432909057864,1002.2949322225115,0.21688633359870876,1.0,1.3386080805473586,11.00255339889045,0.24433050682773064,1.1962247783576252,88.49234076782307,0.4666666666666667
AA5052-H32,1.5037324431485555,43.692607407201535,square,14.55953586153172,269.56659039958276,197.1880981608468,383.5319835215141,0.13446107768984056,0.6765829523590328,1,1006.5770168138865,859.3621075020233,0.29708999672651026,1.0,1.3324443629336966,11.045191604602365,0.2702242146442258,1.2088625493562737,88.41237862318522,0.4666666666666667
AA5052-H32,1.4988043045311574,33.44925668672939,circle,14.362079968813616,263.6420427285558,196.00136378048563,326.5312251815593,0.14263642810986912,0.6263122773032334,1,2380.722411031629,324.62651910284126,0.6587145069675687,2.0,1.752281338312117,12.365399619654562,0.2799381090975275,0.9503617386811665,84.59436339674976,0.4809217438533613
AA5052-H32,1.206480098920104,37.01197474356871,square,19.224854551445333,235.5036698315269,161.85943274748985,334.67132871152694,0.17936238784488664,0.6779490244176459,1,771.6545816485219,24.75348303857805,0.20261498738149078,1.0,1.3610864278080133,,0.21458183223086452,0.8445360664092335,89.99530546311024,0.5
AA5052-H32,1.4982909525163024,35.78797326752752,square,14.301091142895517,263.8401296254733,195.8988249044602,379.97612528582846,0.13526045702261943,0.6514812269073936,1,2290.78709151654,0.0,0.3922865024914264,3.0,2.0012366416650824,11.527084115004582,0.21508559861018403,0.8988456673575466,84.00452252820935,0.5333333333333333
AA5052-H32,1.5037567932160203,45.852660798798105,square,14.45639395457064,267.12512342634454,196.61892129198654,361.73694642313825,0.13775010461920925,0.6571148411007832,1,998.2968566806686,439.85357750991227,0.2003869571847129,1.0,1.2368619737105382,,0.2379716382740335,1.304332283077532,90.01927664888954,0.46666666666666673
AA5052-H32,1.5033337892900382,34.354765014377506,circle,14.373545878889276,263.91208429035504,196.1604200616578,327.7182174285473,0.142687625445232,0.6259090715135399,1,2995.7939858355344,290.14395050874657,0.3536866948564984,1.0,1.709252038214035,11.862613721437624,0.1901639969036042,0.9113312452971798,84.94672864060634,0.5934920304417727
AA5052-H32,1.5025716277792875,46.47955202954779,square,14.33766635722105,264.18026512043184,196.13560427015892,404.44295532127376,0.13095722291916384,0.665709150497435,1,999.9930550826224,499.1141835869661,0.2009462443496596,1.0,1.2634744884931548,6.365727794138132,0.2804899377389217,,90.02646221204841,0.4666666666666667
AA5052-H32,1.4998545366833487,43.90024896179666,circle,14.362561440423375,264.6527120703836,196.41447754209665,382.5965484010938,0.13475082463911567,0.6740711418468448,1,1344.1691747647587,652.0864530281659,0.3012819134451056,1.0,1.6074784581964994,7.919693735809622,0.31168786372697665,1.0147462252832788,85.01498426224242,0.4666666666666667
AA5052-H32,1.0344001709002444,33.54549047661702,circle,22.259607580948025,220.47212147779885,141.73186148690235,367.8295686761806,0.1976351103363797,0.7335019480795177,1,661.0775655294847,292.02256159965475,0.20142073950687386,1.0,1.391057903098242,,0.26860696475783413,1.0344001709002444,90.01138655810416,0.5333333333333333
AA5052-H32,1.0505816962156833,34.35205939687973,square,21.81057909873029,219.6665593876269,143.5360790095173,391.9911733239434,0.19091404582634222,0.7324165426668824,1,669.2712809082681,354.9767766326438,0.19793246603506284,1.0,1.4671630326768976,6.222396005182223,0.26904956494545573,,90.0251924080618,0.5333333333333333
AA5052-H32,1.1754322317397565,30.60055976031628,circle,19.912703151259887,236.24888944569074,158.4552559872403,380.65150950977625,0.17640701319576377,0.7231517120331392,1,1234.0905493649414,3334.5084911951276,0.1944936541375135,1.0,2.172623952095875,16.882679983014206,0.2687379037677858,1.1754322317397565,89.98991401741638,0.4666666666666667
AA5052-H32,1.4999281559366668,39.63430883066102,circle,14.38529526844166,264.93813164432584,196.31794553094613,352.29493646107807,0.13890706676395462,0.648446264366304,1,1008.2742694204293,296.225949411506,0.23378441942982145,1.0,1.6156006183227798,9.6081646098391,0.2619143914888597,0.9434997240025281,84.9765103603068,0.5000000000055963
AA5052-H32,1.5001310681509707,41.283641232592394,square,14.33768922686787,263.62215822440766,196.28430438727088,328.2942634349246,0.1430781866573594,0.6252782372882,1,1009.8728607914899,136.40283846855428,0.30482729519092516,1.0,1.388885727307579,11.026877424711085,0.23408377060079397,1.0496330471732978,88.3064249777122,0.46737881603646947
AA5052-H32,1.498674031885166,42.059076730721806,square,14.484321732751251,269.15751523802044,196.84888292183953,384.4339298076807,0.13318900870306707,0.6766438125892772,1,1643.097518934851,686.0807157024562,0.29467472201854883,1.0,1.4000568116305272,12.93497788247077,0.269291993358375,1.1741996076563226,88.42791621244208,0.4666666666666667
AA5052-H32,1.501564720052579,47.00483795650772,square,14.537764817071386,268.9789898911318,197.0095631281865,382.42365229350565,0.13451425212566154,0.6750094936242503,1,1008.1021271957933,1001.5321421679818,0.20186839346656263,1.0,1.1893649773354817,,0.2696340885431856,1.306369480191103,89.99990128549555,0.4666666666666667
AA5052-H32,1.501826810258978,43.311997728775225,square,14.32464053918361,263.70703421292626,196.2229959238361,417.08844631787883,0.12952715368601822,0.6706976401853483,1,996.9513880034323,355.669560015942,0.419673860996425,1.0,1.6120792376143962,8.05202733739753,0.2288801931135526,0.9562718592387107,84.99195683223311,0.5
AA5052-H32,1.5002846151179259,41.173226622932745,circle,14.329341468986065,264.3779425328458,196.22878935562628,363.13521571085437,0.13695469536785218,0.6578091349635115,1,2133.847554210556,442.55201587332556,0.5138630397100215,1.0,1.6244322651294898,9.045993601953375,0.2877495266669025,1.01239992691153,85.00156550992006,0.5000000000000001
AA5052-H32,1.5026390349967653,36.12093739904619,circle,14.384081123843622,264.26232745900296,196.0177570055351,327.257039293006,0.1431569683245593,0.6268499784159856,1,1599.2534135141282,500.19021904006536,0.6490242324249913,1.0,1.609215728341754,10.998180209041307,0.27591926228952374,0.9861350974670808,85.02873328441719,0.749046744540183
AA5052-H32,1.5025563356041574,43.452591101316386,circle,14.405081970069066,264.6024293813932,196.5073390591088,378.65002601949857,0.13513867511982242,0.6719888390301101,1,1384.509349883039,612.273279894079,0.31571470221962333,1.0,1.618154130690573,8.17904492808812,0.30875756109327196,1.016868728589498,84.96935828855501,0.4666666666666667
AA5052-H32,1.498191700438376,38.35634871084447,circle,14.39881801430369,263.8719741421404,195.43806390835118,327.7437838051063,0.14273550950433986,0.6256728099233463,1,990.7516983092986,377.68315098608366,0.4061977307710394,1.0,1.4931942572122932,10.975347816148398,0.25338769678586043,0.8324924703001332,86.57279980362874,0.5158010139464402
AA5052-H32,1.4983910491941816,33.65101129405355,circle,14.357751278632144,264.0567099151013,196.0085440717989,327.7585180452257,0.1425217139209932,0.6260769912729384,1,2188.2445338818106,21.994820101176373,0.3960341994352832,1.0,1.725786022735474,12.19466692538627,0.2292669668933298,0.9109734565412299,85.0144077932553,0.5587899576027604
AA5052-H32,1.500632918242432,41.996992313009,square,14.354717958151607,263.9695206989618,195.9383132986558,397.06096310493587,0.13200803489986648,0.6606974229810884,1,983.1993236164562,477.8650380473072,0.2250569209118723,1.0,1.605414127024944,8.803114121707248,0.281645510462737,0.9422644158281641,85.02260637225403,0.5
AA5052-H32,1.502079276420005,37.80862767481887,square,14.33119366616614,263.82030322152735,196.28930195817213,327.3070770449334,0.14329402863607404,0.6264258157566945,1,2231.8124552747313,370.2469068311163,0.38490381143695973,1.0,1.5602754179997138,13.014472889425363,0.2689793023913366,0.8901400261193285,86.88734632573775,0.4789115685234666
AA5052-H32,1.5032825072681195,36.1215760081274,circle,14.357803687678892,263.43421684854013,196.12521171066166,327.2732403208752,0.1429730572485268,0.6252837671429455,1,3000.6638854924113,163.38687136197322,0.5778269176259282,1.0,1.619141751804515,11.006438680650657,0.22954736727544145,0.9864615747867386,85.00549911718971,0.675893098737454
AA5052-H32,1.0677277903993023,19.922792213296834,circle,21.531112848628617,221.48159669820066,145.85867309233726,339.59080169610314,0.1962148353597434,0.7023657684406966,1,1302.3131627596088,3907.494517899779,0.49747356968277995,1.0,3.0757379031438683,10.992357144155065,0.27177941355766555,0.9902584435662553,88.0975535756393,0.4666666666666667
AA5052-H32,1.497560824979066,36.175435038882824,circle,14.387331739969964,263.3710243061763,196.21807973174316,327.50282814986696,0.14331429963161152,0.6261891426965074,1,1779.2520348887447,346.5621548589164,0.5970771929441293,1.0,1.6102075498678399,11.02903536045303,0.26221262810073015,0.9982510077379139,85.01358067709415,0.7909027563330016
AA5052-H32,1.5026679621647199,35.98521230798202,circle,14.272959751471543,263.54231681590574,196.19841990524304,328.42924465632865,0.14280399747760836,0.6268494462213876,1,2220.953850175112,0.0,0.5567180527263406,1.0,1.6002569307601717,11.054079868857375,0.24264357267498854,0.9851814087233816,84.99360788127258,0.7160205770104318
AA5052-H32,1.2476367029007684,32.67848098075664,circle,18.540812127998958,239.33962729284522,166.72682207329407,334.7532032587588,0.17464697795595274,0.6707443694762086,1,825.7027457348258,0.0,0.24994241571213216,1.0,1.5636412885259994,10.996507340171897,0.22986787227829472,0.9455633914399627,86.79160313024869,0.5
AA5052-H32,1.5015777220143969,42.61829169041099,square,14.363938290530225,263.9189430704837,196.22737819268232,327.5303417656316,0.1432902604047312,0.6255517821157486,1,1393.5971366767737,596.2887252299203,0.31614962864522295,1.0,1.3573269378777213,10.996907654547236,0.26540955689902584,1.015460680355431,88.04556854073827,0.46693454644708215
AA5052-H32,1.4979919597252076,47.08171321676357,square,14.492661558238645,266.6066383443041,196.3884053800004,359.212292418328,0.13797190545342422,0.6541576597323787,1,995.1227765480957,982.2842199812143,0.19833786282542534,1.0,1.2025722475032665,,0.27041919685363747,1.3038417044369055,90.001265813479,0.4666666666666673
AA5052-H32,1.5028015618004826,39.939495113037204,circle,14.357540087599522,263.6999896375411,196.5780366948739,375.88505068136755,0.13532044249650743,0.6500523039841976,1,1661.3988691312609,351.8818577023625,0.39793820416230374,1.0,1.6219179065841949,9.478467456146726,0.285508330640322,1.0137516968064173,85.03130479502317,0.5333333333333333
AA5052-H32,0.8002938249091445,18.671881954279357,circle,25.98794397122337,195.38311176263258,115.24780440636594,347.4767314018776,0.23021229591805747,0.7495529457993085,1,1050.7159182064343,3321.3274346290273,,1.0,2.471742931782441,16.975888291550678,,,90.01971307747,0.4
AA5052-H32,1.5022255372827729,41.080893160120944,square,14.356777281138953,263.87958633308045,196.36549997910882,327.94679420311513,0.14303307144224278,0.6266807922140925,1,984.3439912850934,368.1683384807037,0.3957519044101062,1.0,1.4433762173396156,11.011665184776529,0.22779093081023255,0.9582974233433554,88.1983694997372,0.5009541436583658
AA5052-H32,1.5026255638001969,40.82229754907402,circle,14.41136152684865,263.8649163353974,196.39916580359017,385.2278032614108,0.13391516476939513,0.655728495216533,1,1007.7701983826121,1.2011030335821042,0.2310146084398472,1.0,1.6272543373221922,9.048735545713916,0.2237779056176538,0.9399132482520389,85.00889914435321,0.5
AA5052-H32,1.5001634256183634,44.507819850822024,square,14.439331833890904,263.9891141614905,195.53889718734303,328.03723674440886,0.14322849124247508,0.6257033456396393,1,993.4101638788193,0.0,0.20025960309515495,1.0,1.3163839011590563,,0.21480875621978562,,90.02537760327314,0.4666864096848377
AA5052-H32,1.499181536195621,32.67499992216239,circle,14.306318243004167,263.3029852117817,196.1462735273931,328.4486085741331,0.14299206457574876,0.6260118045478094,1,2457.091071439233,9.440641254637134,0.49987865191670655,2.0,1.803911109325699,12.627311809253008,0.2607250585877694,0.9704994873315671,84.53632395019298,0.47370782994974137
AA5052-H32,1.497420891460864,42.90175355630624,square,14.394974889449912,263.81925081530386,196.48206231916197,408.70217101934077,0.13061518068612987,0.6671064781680325,1,1440.897890631028,814.8354799153973,0.4371137734169493,1.0,1.6012861598225807,8.297814296310646,0.273570118468722,0.9813837025900269,84.98548216060934,0.4666666666666667
AA5052-H32,1.2018957415708011,25.65183202981504,circle,19.47255351367464,234.06049255555553,161.26283796763883,337.211360875773,0.1809675153126355,0.6795746932730585,1,1218.567930900873,2587.551430170716,0.25238186147189673,1.0,2.3515802704444972,13.532854901951467,0.23184759381202288,0.9461363574995113,87.17191824291382,0.5666666666666667
AA5052-H32,1.5021724025127268,41.92756540181702,square,14.353122268216527,263.91508693903717,196.04279405659491,399.80518699777065,0.13127993575818467,0.6636092876077366,1,999.600260649004,516.2884693097402,0.22578316160450182,1.0,1.617716949803754,8.630672026375924,0.28449034764508463,0.9390923636421643,85.01763405521476,0.5
AA5052-H32,1.0972859340417127,20.912915984208567,circle,21.0244895130253,224.55223114734278,149.15170937236647,340.14187523097996,0.19242498347650508,0.695977917641164,1,2138.1803997603274,3665.8339154799633,0.24872950109639289,1.0,2.979662762039584,11.069190766923622,0.19021839818533487,0.9273988615938333,87.86969754098516,0.6000000000000001
AA5052-H32,1.4976696593416983,42.535243283276344,square,14.340907504942498,263.71487518989954,196.36225033681845,327.90289130766166,0.14320390356260598,0.6258349095576474,1,1002.3157961783074,592.0600246421229,0.22168238945281238,1.0,1.3613909435968377,10.998717180380106,0.25284446895144896,0.9435451706888519,87.92563918640263,0.5002973613144464
AA5052-H32,1.4984221380791167,47.97015487019887,square,14.357107661520658,264.51582152637354,196.4036307496246,433.3277718026195,0.12612496546808244,0.6998752785590324,1,993.9019000636554,1005.4661426611664,0.19972522659120337,1.0,,6.28794447425389,0.31307721454582077,,,0.4666666666666667
AA5052-H32,1.5018018929235548,40.57997544667164,square,14.560430263641912,268.5086248668016,196.85751864814324,374.4169895925748,0.13585919543640804,0.6678458747484036,1,1883.3277379497915,559.9597612963746,0.3307123044538022,1.0,1.4519746940528437,12.96358296941045,0.26821699358176615,1.1239376434831008,87.77203318880703,0.43333333333333335
AA5052-H32,1.1088492076607548,31.248847458588767,circle,20.808575265998826,225.82061480626083,150.66170120736123,338.7483456571145,0.19150610122424136,0.694774014778561,1,1182.6203466951001,233.14802585314163,0.7538376345103756,1.0,1.5358687099912323,11.008312799340763,0.28006777907801,0.9854809474835918,87.82200196991748,0.6000000000000001
AA5052-H32,1.5000099411730279,36.07968940085719,circle,14.430142807609384,263.9686997256145,195.93244009862303,327.8736877256758,0.14305328412483395,0.6260469123510839,1,2561.2697352667674,724.3163507181234,0.2512079916023207,1.0,1.6115158582167621,10.99139630730334,0.18977194850906562,0.9366375667345926,84.98711537850208,0.8454704991098323
AA5052-H32,1.4968177987668854,46.62308615038705,square,14.421032207329864,264.0678808323948,196.2234038142117,415.6951468389484,0.12814648005662083,0.6710768071044176,1,1005.9680026674843,618.4040055463026,0.19926877933828016,1.0,1.2665644148746167,6.299751711715354,0.2481809374090348,1.047772252377949,90.03599450650484,0.4666666666666667
AA5052-H32,1.0524366901512348,34.20441206450956,square,21.943382631679825,222.42947819624226,144.059634950084,370.0740200147869,0.1940839656076938,0.7317967962823344,1,682.0086107419078,416.90356376934324,0.1999482593580412,1.0,1.3728421061815028,,0.26868889871887724,1.0524366901512348,90.00540999392518,0.5333333333333333
AA5052-H32,1.500677456156244,48.13788882598566,square,14.370508558295663,264.03774948603456,196.27607861730294,471.97400849539844,0.12004323213950244,0.700064604287802,1,990.3630885081977,552.6464124863329,0.20165159093079724,1.0,,6.173483902078045,0.24427228402934176,,,0.4666666666666667
AA5052-H32,1.4990829514338782,45.98875363216576,square,14.52822263428447,268.99156853039864,197.14855799061868,382.86364147336485,0.13464652659666615,0.6750007459733558,1,1004.4392957285343,664.1734668488311,0.2054372422657138,1.0,1.2572399943092225,,0.2506537328064536,1.3070109067209712,89.98758349450861,0.4666666666666667
AA5052-H32,1.4957365586089637,46.34753178595046,square,14.336354466512203,263.5884043281961,196.0018666577145,414.07349946124094,0.12849502584489778,0.6693152361061601,1,998.4934752869734,606.5068967716418,0.2041559188161686,1.0,1.26652683761631,6.350387389899027,0.28881992178030147,1.0470155869488957,89.99494348167379,0.4666666666666667
AA5052-H32,1.4944712916371665,47.023943569672014,square,14.33221582465831,264.1918748422295,195.80366557099953,428.5144781232588,0.12642423836273273,0.6778257012621344,1,993.9704928137313,0.0,0.19883092861328347,1.0,1.3546088077137375,6.143683166452546,0.21500654954195805,,89.99510970448762,0.4666666666666667
AA5052-H32,1.4987918770250692,40.739857814032526,circle,14.260132805940492,264.2671196587442,196.64891902475546,328.2270157426602,0.14272607602890172,0.6263218095063358,1,1386.9294293647254,18.246156480520135,0.3215442737826765,1.0,1.4530455554142037,11.019935830258849,0.23327505500149504,1.0146656503093197,87.98678790176855,0.468011496517132
AA5052-H32,1.503361530986786,40.84311115241322,circle,14.361808734103322,264.5386655742567,196.1589472061065,372.1099290627853,0.1354005047774356,0.6657764981996561,1,1458.7207457715317,478.8317289988021,0.22265272604156636,1.0,1.4246475030809278,10.998502172624931,0.20357348147224866,0.9453412133902698,87.69547131525162,0.5666666666666667
AA5052-H32,1.4995575926139575,33.90752953184243,circle,14.309205163351738,263.7929235898139,196.72872290465241,328.19428017289465,0.1422166378417692,0.6247127209533915,1,2052.785407306719,258.40591264051267,0.49870431553724914,1.0,1.709344340465274,12.06408442385022,0.26984396794847965,0.9375932496366899,84.99549217074033,0.49636114885872845
AA5052-H32,1.5003433485959083,35.45746933490984,square,14.386761454565857,264.1311552096252,195.8939981169266,327.9494157734568,0.14307157920371247,0.6255870358850554,1,2150.332988522986,1.4011288251163496,0.3692816996744931,3.0,1.6797275455556746,14.533850841011406,0.21496448914885827,1.0483282366410285,86.54207688226707,0.5046501745537473
AA5052-H32,1.500330897621879,38.79187228213869,square,14.361490495726997,263.6197000988217,195.90162424895087,328.0586365402514,0.14275073203495703,0.6257838977289903,1,1004.4247397375816,0.0,0.23471028843741992,1.0,1.5292822652281213,11.003903524938794,0.2242530013244648,0.9431549683021704,86.71133884791264,0.5143400107062632
AA5052-H32,1.1966479198604272,32.15332169272838,circle,19.402092773610757,234.3157426169154,161.2627306560567,335.53479449553424,0.180175013107761,0.6800725817311513,1,795.6125210484045,0.0,0.24893458379176847,1.0,1.5488390123176394,10.968186172065586,0.23049235602734086,0.9438862686342584,87.08294345494389,0.5
AA5052-H32,1.0142450994852112,16.540626398202892,circle,22.470841178656595,216.23875224804306,139.13377241284743,342.5576308150876,0.2046730964059386,0.7124654689345212,1,1967.9640340190244,4125.721573352021,0.4974591317404188,1.0,3.3388481845865194,13.005236721291288,,0.8908309665907587,88.43654370368199,0.6000000000000001
AA5052-H32,1.4978271351532533,39.35813240596387,circle,14.429314879957815,266.7519036580618,196.5923447851123,352.62691050089734,0.13918025560720892,0.6487232513858776,1,2374.289906502596,309.862864030001,0.5763414614807887,1.0,1.480649590283882,10.995151961649658,0.25594038444373746,1.1058806637364962,86.59952199405397,0.5666666666701932
AA5052-H32,1.4979802999133487,41.07653054179221,circle,14.390784118808769,267.3164215945679,196.34624022104288,365.4747619271508,0.136840382022225,0.6599399169861189,1,1543.5524634421527,727.6476661620254,0.49621465330078846,1.0,1.410385279502232,11.013736372406782,0.27373565905988684,1.1317893911614614,87.40069290141894,0.4666666666666667
AA5052-H32,1.4986790485591217,45.83014143330554,square,14.521775516627487,268.9315724763868,196.94820869418768,380.39589184270164,0.1352408018067665,0.6732503465829542,1,992.7944239332255,646.1246314545307,0.19726680888558065,1.0,1.2573617796935117,,0.24978845861279794,1.304616338780422,90.00719016316022,0.4666666666666667
AA5052-H32,1.5004496825625033,38.79738458562002,circle,14.537286641603497,267.6630472698977,197.15446399743752,365.5396471640182,0.13718708027099005,0.6591061961238399,1,2113.9336897687926,458.4413713301327,0.3630186862880069,1.0,1.5401784995386993,12.975192355447048,0.2692823909405643,1.0785658026691232,87.26297044625109,0.43333333333333335
AA5052-H32,1.1552328669077963,28.288351394226996,circle,20.11014068692194,230.1586655418657,155.6007919702786,337.46080960349457,0.18554239231757558,0.687403226855788,1,1248.835421479494,2967.4190961408303,0.20331887373653312,1.0,2.2681561569260977,16.88989107442313,0.21534688587688586,0.8086629773149653,89.98451840721216,0.5666666666666667
AA5052-H32,1.2492341622408216,32.991751585465096,circle,18.536845612799038,238.95498576435497,166.16907869993494,387.04173054593696,0.1665032981600407,0.7179198736457344,1,1190.7479202549223,2192.652414533514,0.20396900491776218,1.0,2.001220327382453,16.906761787449422,0.21538186113022445,,90.02130163523843,0.5333333333333333
AA5052-H32,1.4972416469897842,41.62409110160274,square,14.359419505949703,263.9996332772562,196.17237668769658,379.2622202709356,0.13447601424123468,0.6731547819675835,1,995.9712826527048,373.42978832241135,0.40166761484359237,1.0,1.3863499213224273,11.016941336246838,0.22722622947895332,0.9518583827535171,88.10900376552178,0.5
AA5052-H32,1.272063020072912,27.81403092714855,circle,18.112081918908736,241.6682347978971,169.37187137514502,334.34994158409,0.17107224431869616,0.6652708529387005,1,1169.774154621774,2617.334212970937,0.7487866596115751,1.0,2.3818122665453707,10.997557185796653,0.2497386990241341,0.9568400657735281,86.59464960092774,0.5000000000000001
AA5052-H32,1.4984112448014513,46.35102128249986,square,14.349174119020375,264.9879529108201,196.62707165989806,366.1072136353682,0.1371104908930423,0.6609487539227269,1,971.7630015556964,470.9287392816712,0.19898331233223554,1.0,1.2553551352662544,6.377229727154206,0.2723815026754264,,90.00801346306594,0.4666666666666667
AA5052-H32,1.502301567643488,40.29347414583686,square,14.300321045103548,263.88201641682167,196.7804377404333,327.6318877646767,0.14266128757086788,0.6268325903745204,1,999.4423315957923,674.8646942842838,0.3836852150655907,1.0,1.446447300211657,10.959053650073276,0.26961672389322616,0.9925339810939156,86.99773398336517,0.470001325408095
AA5052-H32,1.493868662369457,48.08199162495046,square,14.301152316602346,264.8566445586229,196.76646922269904,429.9676012364715,0.12588053191314877,0.7000092761536402,1,998.6518819299584,660.6275280246264,0.20544728268381823,1.0,,6.297190618915608,0.29854057069893725,,,0.4666666666666667
AA5052-H32,1.489658374302583,40.877660459393795,circle,14.409987405648328,263.85458321908635,195.98744874347472,328.0023476401982,0.14355424960814603,0.6263764920469802,1,1385.8058477805157,406.1981905178975,0.2190173441451498,1.0,1.3969191775912717,10.98595555595225,0.205216544441715,1.0421737767581911,88.07727916191999,0.4677901490225227
AA5052-H32,1.50193455373532,41.924265922545004,circle,14.487541598974563,268.0132036669098,196.88313662796418,371.67829333783635,0.13563455430775587,0.6654436970544643,1,1477.347274893046,543.8523501132462,0.33940355312293663,1.0,1.3907778859369082,10.937640541581931,0.26504562753954714,1.1685554123027928,87.69473638044786,0.4666666666666667
AA5052-H32,1.4995935716355389,42.119027516262705,square,14.374055557948019,263.69586340435376,196.03486632104332,419.0739646674377,0.12817259311941884,0.6734513316652588,1,1736.4252096238142,0.3828797016982157,0.31258490706910014,1.0,1.8068811549537933,8.626812503290967,0.21478234246211977,0.8923716273446596,85.01789130863688,0.5
DDQ Steel,1.0013631813872423,43.407837446579606,circle,30.77473654827179,327.2457745865641,205.8961145863952,518.9938221032951,0.17592703091925335,1.18,1,1000.0,86.92579088443749,0.49982715387971605,4.0,1.6778186114171492,43.46786111360555,1.05112625869454,0.69652418735103,83.55496024918733,0.5
DDQ Steel,0.6388686326163564,39.92898375308191,circle,44.31350193396332,323.4667747003063,221.39852880105474,519.5106066692252,0.18838405717268225,1.18,0,,251.21138133531807,0.7545058366223291,4.0,,10.172976526679172,,0.34035103343751805,80.01092212191026,0.5
DDQ Steel,0.9962993980860024,40.351361925857134,circle,21.85927101086971,323.8512878895645,197.58521535165173,519.462594221164,0.1871333696525444,1.18,1,,249.75951324236897,0.7324503294998255,4.0,,10.12150638444883,,0.6868842221649004,80.03310687409056,0.5
DDQ Steel,0.9977968143615357,64.25640841740056,circle,30.758499808858307,327.1567761164135,206.204178054692,519.0023825905777,0.17608821682666057,1.18,1,1000.0,148.1087566139918,0.5009292728514432,4.0,1.5964091129231006,28.156718601570585,0.7790539682783104,0.5850116295569632,89.88954726226412,0.5
DDQ Steel,1.0006586817890635,46.68118053291445,circle,30.68643379977138,327.2170665178119,205.91099402187163,519.0042374398323,0.17600101484060926,1.1800000000000002,1,1000.0,82.54240734327821,0.4977757113962353,4.0,1.5584472982500148,37.94275350343314,0.9167285489853009,0.6957585401474918,83.35714136055051,0.5
DDQ Steel,0.5400618209376902,38.7396476874844,circle,48.21266147980197,322.456521794591,225.90306384755158,519.6694760793373,0.19198675739505178,1.18,0,,250.77422355398897,0.835867326917798,4.0,1.4619695275505087,21.66394210967811,0.651879598849087,0.34010865022858605,70.00811122039049,0.5
DDQ Steel,1.0004413251295612,59.54326645448784,circle,30.728178793166776,327.2043902698348,205.86359515754035,519.0010191898887,0.1759912110198753,1.18,1,1000.0,131.44213463530647,0.49943375774822285,4.0,1.7461713842408493,35.692444524612476,0.965478247295681,0.5071719253898314,89.95785571737812,0.5
DDQ Steel,1.003831571920393,52.277019249660924,circle,30.719483143439593,327.20778697099166,206.0308362138703,518.9985299651189,0.1760136544811081,1.18,1,,250.18803328032652,0.5026096509819594,4.0,1.7305690555484763,34.236291524808536,0.6537771809569132,0.6999328964281837,84.93005369842578,0.5
DDQ Steel,0.9979789921152026,57.81920709828979,circle,30.557802592967807,327.21203710582046,206.00845573880923,518.9966311785687,0.17616662268407426,1.18,1,,251.0584589492503,0.49906581066047406,4.0,1.8450423916132626,38.837242020894635,0.6491744208280396,0.514590484111732,89.95273414971824,0.5
DDQ Steel,1.0025432803017482,60.23063540011787,circle,31.062904843151145,327.2074855162816,205.81973748427956,519.0048658634075,0.17595171399478024,1.18,1,,250.74998212863616,0.5018274016106956,4.0,1.485437447308494,30.51771794668677,0.6523831907832606,0.5737711559317407,82.26647086044683,0.5
DDQ Steel,0.9988493364229069,60.080779367696586,circle,30.72424784167422,327.21846100543166,205.90052379558313,518.9940596531078,0.17605973535866687,1.18,1,,249.38429784266594,0.4974950083366555,4.0,1.782896893972769,36.121528515999685,0.6491619699343731,0.5491882406174947,90.04230483727339,0.5
DDQ Steel,0.5438150186671417,36.975083493921844,circle,47.914521991403596,322.3991601132123,225.4747091924423,519.6537869232383,0.19172656404518032,1.18,0,1000.0,0.0,0.8259618536390457,4.0,1.470068095401399,20.434753762732267,1.050510503696759,0.3749219722778479,80.03012148587001,0.5000000000012983
DDQ Steel,0.6439171324999879,52.24691345359696,circle,44.13863673973188,323.48138890655764,221.38827990189907,519.5094762884141,0.18821989332376993,1.18,0,,248.30505274197566,0.7583578797173871,4.0,1.5148349180142229,15.661149180104939,,0.6439171324999879,90.02944976086174,0.5
DDQ Steel,1.0024750433925311,62.43881497549185,circle,30.71282912119446,327.1038241513355,206.09228857682453,518.9999152423939,0.1759819074373455,1.18,1,,248.92840543543838,0.500452658622804,4.0,1.7175407076102502,32.844892138647296,0.6507577228860626,0.5894234733733026,90.02346620290632,0.5
DDQ Steel,1.002146261364582,44.6293048171052,circle,23.538280047056947,324.3481544441074,199.18412341416874,519.3851217512821,0.1852395695469107,1.18,1,,249.30607061770166,0.6937832301529309,4.0,2.0568361138469724,34.61017631442177,0.6542437786759322,0.7015023083278865,89.97357153230715,0.5
DDQ Steel,1.00200676587371,49.948812331277466,circle,30.695278066919595,327.16011819326417,206.07765700422112,519.0086810286449,0.17589667065318365,1.18,1,,251.17132952484263,0.49703230653415836,4.0,2.061623998981522,49.89415865978508,0.6480717275939369,0.7014047101951015,89.9844245206847,0.5
DDQ Steel,0.997223920417393,35.24339353943091,circle,11.806104440472721,320.00560879882823,188.21258357978047,520.0040107638321,0.19989107131251582,1.18,0,,,1.002564460539699,,,10.130226339157181,,,,0.5000000000007263
DDQ Steel,0.65761719170772,40.26279583861384,circle,43.50962300909308,323.6603642540182,220.62853405075967,519.4922351572419,0.1877301202205626,1.18,1,,249.39016940855348,0.7422720528041127,4.0,,9.780872269748492,,0.33715945129413566,79.9500694912313,0.5
DDQ Steel,0.6403114091604747,47.21878391192778,circle,44.36933419915166,323.4285809208322,221.39936452868068,519.5213184832825,0.18839441789824912,1.18,0,,252.4881331713999,0.7561016545606299,4.0,1.7267118112477762,21.56141785459098,0.6502335602358639,0.5387499250176341,89.89307480528126,0.5
DDQ Steel,0.9964278350856557,52.55117475358174,circle,30.978595930672117,327.2268050822111,205.9790223098197,518.9976475276331,0.17610405575622567,1.18,1,,249.17684691436298,0.5018194233083132,4.0,1.5163815727875607,22.01783388156397,,0.6925025300105645,83.13756880770543,0.5
DDQ Steel,1.002221538703703,37.739668828108826,circle,20.910232971531688,323.56349333506665,196.73904466211135,519.5028442748737,0.18816364767242028,1.18,0,1000.0,0.46199084351255054,0.7533812776677818,4.0,1.4751027741487701,24.979079513418327,1.0498596511270097,0.6909623597208441,80.03084373682655,0.500000297868292
DDQ Steel,0.6609182292842152,35.61763774677797,circle,33.47911190066659,319.9686534873643,210.84533522978475,519.9931728421749,0.2000329777753015,1.1800000000000002,0,,,0.9999060463950739,,,10.143467667782145,,,,0.5000353427382843
DDQ Steel,1.0031130593996413,54.00957772102883,circle,30.733892887201712,327.1912441484226,205.9664310449561,519.000660999246,0.175755646147919,1.18,1,,249.03301299453761,0.5032029168602448,4.0,1.62277526936819,38.12479599085677,0.6499632102293657,0.6954162692139202,82.04155081301424,0.5
DDQ Steel,0.7801081806265195,58.753144882501196,circle,38.95239043714301,324.90674832485377,215.20848140327772,519.325929301418,0.1835825039794866,1.18,1,1000.0,0.2879100498311993,0.6580636961087737,4.0,1.3991752298153728,16.9141518256697,0.9675267330951862,0.6495356277296354,89.95043538446433,0.5000014034162233
DDQ Steel,0.9992093380422584,55.301876102967675,circle,30.60622865373538,327.15405090728433,205.9801079756874,519.0012611799634,0.17599686019233718,1.18,1,,250.59018824986308,0.4972559835773179,4.0,1.8817069683430854,41.21331349662235,0.6461177272789419,0.6994464351780716,89.96914044710144,0.5
DDQ Steel,0.547669563165663,38.609002849107505,circle,47.64679026720361,322.5185774175613,225.25815817347478,519.645036424198,0.19171866045465805,1.18,0,,249.56844634347343,0.822553207939994,4.0,,9.994998617971024,,0.338582369456363,80.01064939906425,0.5
DDQ Steel,0.9995403013837201,40.27084057896587,circle,21.17587995035616,323.59639839745034,197.14095093648118,519.5036898225803,0.18801815984134368,1.18,0,,248.63433182226947,0.7559366189325605,4.0,,10.062357882262177,,0.6890105843310582,79.98212297313721,0.5
DDQ Steel,0.6711241160593272,43.177459911109,circle,43.04566326951728,323.77285474056964,220.08043826289486,519.4754281093147,0.1872770889203043,1.18,1,,251.76502225740313,0.7381162520452943,4.0,2.063772579593012,31.29508871238411,0.6479319526415049,0.379589052969746,90.01108539721568,0.5
DDQ Steel,0.9990644704922712,41.79503733869616,circle,30.80121839405208,327.20526640091873,205.9899251785461,519.0047796142725,0.17582074972877135,1.18,1,1000.0,86.78084887835273,0.499052848994396,4.0,1.4759736042197111,40.10332967098488,1.0493359723036204,0.6886556178702934,79.96943209663134,0.5
DDQ Steel,1.0026654122950014,63.42896735782907,circle,30.808651943413693,327.2267065658661,205.72582001328215,518.9959687742851,0.17598780909007627,1.18,1,,249.34570715664026,0.5012156586043034,4.0,1.6888611247721288,31.318872274622485,,0.611416714843323,89.94358679637824,0.5
DDQ Steel,0.7320307216476543,35.40671599153193,circle,29.27391248055896,319.9657766715633,206.531640270762,519.994365055677,0.2000503947973304,1.18,0,,,1.0028128771895946,,,10.070059305719118,,,,0.5001883999250873
DDQ Steel,1.0045003973742956,60.713332424880996,circle,30.8831045171585,327.1914244642521,205.987146253901,518.9985483030995,0.17609737947580473,1.1800000000000002,1,1000.0,117.58235526474044,0.5023147625155867,4.0,1.709177982777143,33.949965991857326,0.9677991249529709,0.524845420665743,89.89991976559043,0.5
DDQ Steel,1.0018349885812359,55.47795557387449,circle,22.819310494630162,324.2528084856894,198.52016186036457,519.4187685384248,0.18612350556535598,1.18,1,1000.0,1.3099114204240156,0.7100391607919275,4.0,1.3958085904311333,15.75338101804746,0.9670667067713576,0.6491147234599187,90.10724994146872,0.5000045200726222
DDQ Steel,0.9992090836601879,55.61509269808224,circle,30.805152535966638,327.1897311827843,206.0237256617711,519.0070854161204,0.1759971441042099,1.1800000000000002,1,,250.6163442243343,0.5005198100396431,4.0,1.7289820761719987,33.88688994836528,0.651199200381934,0.6984547803977801,86.94876806626075,0.5
DDQ Steel,0.6307581993761243,35.440598869703045,circle,35.73271332180049,319.99990598938507,213.42812149429417,519.9991477817624,0.2000148922696346,1.18,0,,,0.9957197807548684,,,9.909051542045258,,,,0.5000034747960836
DDQ Steel,1.0021213709246903,66.39559787679461,circle,30.748111340436807,327.1682222571535,206.11221156484228,519.002200332715,0.17597083355194915,1.18,1,,250.4883854853644,0.5005494194500154,4.0,1.5897183066702636,26.468376111676346,0.6483842539864789,0.6535880780212493,90.02145479118818,0.5
DDQ Steel,1.0019106416652317,51.156902768063084,circle,23.90084626965438,324.6063807199187,199.61116777249006,519.3673863601409,0.18454923229317102,1.18,1,,248.47743194102833,0.6819612069433448,4.0,1.724261128414125,25.430224805024878,0.6504671714677439,0.543186316718011,90.10363722615337,0.5
DDQ Steel,0.999779476925554,49.990275983855334,circle,30.85977837705438,327.20502599720595,206.1085207838465,519.0024561446232,0.17594482256712005,1.18,1,1000.0,83.72385801345595,0.5005184424904146,4.0,1.4879307178143448,34.00826056486395,1.050051199991908,0.6952507143081418,83.43078673472951,0.5
DDQ Steel,0.6704492707844855,53.538713560253484,circle,43.1663252459276,323.7845225651559,220.02377929689362,519.4760230300292,0.187356183162693,1.18,1,,249.59703764244526,0.7360313684226393,4.0,1.513023925053588,16.448201989703897,0.6536504815046825,0.6704492707844855,89.91082390528581,0.5
DDQ Steel,0.9996538357212844,58.971471840602405,circle,30.889719960969416,327.1949380615809,205.93328880169253,519.0029914254601,0.17592992568948676,1.1799999999999997,1,1000.0,136.82295669297187,0.4953274155981401,4.0,1.7637921255874676,36.495217205779724,0.9662403463744813,0.5020543921587033,89.89048927759751,0.5
DDQ Steel,0.5219501521612864,35.357495729006004,circle,42.96030347614263,320.0333539717476,221.0995077951699,519.9940173017088,0.2000896352423946,1.18,0,,,0.9994327637251981,,,10.212370120223648,,,,0.5000000003718194
DDQ Steel,0.7725408187722534,41.73672383997602,circle,39.25281105555772,324.79371158727304,216.00313458425748,519.3337868697122,0.18389514487716732,1.18,1,,249.70735368836293,0.6619647702892617,4.0,,9.983933592717246,,0.5325438667211486,79.98837441790843,0.5
DDQ Steel,0.6490481045164529,52.698408558304315,circle,44.16146761766115,323.5054266547767,221.27928093988282,519.5110625926842,0.18821701200196533,1.18,0,1000.0,0.0,0.7524337534863902,4.0,1.4002322146517105,14.941564969367857,0.9620470837834837,0.6490481045164529,89.9727902394888,0.5000000004061446
DDQ Steel,0.9999380106459111,54.94831394261995,circle,30.713566175927767,327.1917849864822,205.92109303566147,518.9991642447766,0.17583962932374675,1.18,1,,248.31006881930196,0.5069394670129128,4.0,1.4810616416130509,35.629637682832595,0.6490730295348099,0.4894279136125589,77.86521573625367,0.5
DDQ Steel,0.5624726197046285,40.820802080844814,circle,47.074808621742875,322.7680222740656,224.61177265441208,519.6275008521114,0.19108940130545593,1.18,0,,248.77786476930663,0.8104084837567619,4.0,2.059902687495625,25.213032961958667,,0.38237028205998,89.9963089168139,0.5
DDQ Steel,1.0017418008152312,43.25618289010325,circle,17.94714650874062,322.34189897208535,193.727122755569,519.6861164545099,0.19234012592072175,1.18,0,,250.95493642893757,0.839621799100955,4.0,1.7309628086787467,17.717895243593038,0.6518651644363131,0.5415920829519839,89.88902787011571,0.5
DDQ Steel,0.7265963841109783,44.410314409618955,circle,41.02502137102611,324.3582179586917,217.52367413883638,519.3945142085644,0.18541398606836812,1.1799999999999997,1,,250.73015792456403,0.6957330343732878,4.0,2.062304397825452,34.54004642034156,0.6496540465846286,0.38028255287006296,90.09829104728801,0.5
DDQ Steel,0.6437573890450151,42.7965509502881,circle,44.11767006914571,323.58321490129595,221.00695858364134,519.5054742635766,0.18808274352265475,1.18,0,,250.25723728706458,0.7527011412929936,4.0,2.058831291360953,29.869642712833812,,0.38145609698481364,90.00044900982193,0.5
DDQ Steel,1.0045252689461133,62.31269004029019,circle,30.926607269927842,327.2104833563376,205.92899954317792,518.9995063812254,0.17608558081335976,1.18,1,,250.02079147657037,0.5008844969112183,4.0,1.724734692967838,32.48686800532683,,0.590255530421162,89.99806790527059,0.5
DDQ Steel,0.9975228165217986,49.68509942753502,circle,30.82083973858249,327.1514481318022,205.89934880863606,518.999126769376,0.17598857304735036,1.18,1,,248.50516906250945,0.5004920116103599,4.0,1.5424934682440148,41.16641827166265,0.6482698396392035,0.6788189646761966,76.44602431728468,0.5
DDQ Steel,0.9994734138888808,63.70570564885427,circle,30.803419670291994,327.19827679877824,205.9097719816058,518.9942753559543,0.17593157225849965,1.18,1,1000.0,153.47877271359195,0.4983608306365422,4.0,1.6039557640481628,28.70217337273126,0.7679205028365242,0.5795855033989751,89.93909349439319,0.5
DDQ Steel,1.000043445240592,47.102361478508975,circle,30.80254983639028,327.2043864415159,205.93266711477835,519.0027760149558,0.17582365596318328,1.18,1,,249.335467331192,0.4975697146898174,4.0,1.7122114092845808,46.9520181722762,0.6497884799536524,0.6853996059653916,78.26528306405207,0.5
DDQ Steel,1.0003483778373663,56.43799798178383,circle,23.427607886952188,324.38743878312255,199.2154519741024,519.3872773181786,0.1854287067138254,1.18,1,,250.85821537475326,0.6877532660830357,4.0,1.5089363447073445,17.469345438654365,0.64915760240608,0.7175012997910841,90.00020799066105,0.5
DDQ Steel,1.000283796598357,49.98652427816003,circle,23.046633349811422,324.2612878558391,198.7467584207241,519.4046901516608,0.1857295486895226,1.18,1,,250.5706170307963,0.7044392423333999,4.0,1.7320888444141713,24.135365275196655,0.6502500603622752,0.5390999591102859,89.9957670635257,0.5
DDQ Steel,0.9951925467255146,61.074925307729224,circle,31.05535829711427,327.15424657984676,206.10233269497843,519.0103309121449,0.17592102467375742,1.18,1,,249.43872276673758,0.49886730738251617,4.0,1.7547851751734211,34.25822802200106,,0.5702802078330943,90.0627557086811,0.5
DDQ Steel,0.9937696069745592,43.186730918419435,circle,30.77938745928103,327.1939963842648,206.01358445350309,519.0025653262611,0.1760151062768318,1.18,1,1000.0,83.06861856218322,0.5004443364458114,4.0,1.6691304861985876,43.31959771068109,1.0487772585742048,0.6908311937282852,83.26004119418515,0.5
DDQ Steel,0.9939633427979857,49.55034738443193,circle,30.694458174671002,327.2174984104904,205.97197832341536,519.0024577347552,0.17603800378435447,1.18,1,,249.42669231806582,0.4988215028006066,4.0,1.5440002241626283,41.18410527625827,0.6490356960084563,0.6755619899538845,76.15576903841854,0.5
DDQ Steel,0.9990784387925418,54.09746092828502,circle,30.686913877776618,327.225911340747,206.08845823487204,519.0035635105565,0.17589181334218792,1.18,1,,251.73480943071212,0.5015924666292042,4.0,1.9271144813975984,43.60559991287107,0.6487775955353736,0.6993546304298646,89.94903019612842,0.5
DDQ Steel,1.0027673329608635,53.72859209399558,circle,30.6511767174974,327.2001298546952,206.1462246788543,518.9910006345756,0.17596178779776134,1.1800000000000002,1,,250.68306119391596,0.5008024836992109,4.0,1.944590951864945,44.72940363353978,0.6485186654701258,0.7019350360040858,90.14005381390223,0.5
2205 Dual Phase Steel,1.4487481151055035,24.54370668665762,circle,24.478466676696044,581.0719379108216,290.0986092510841,909.2693103102308,0.15542278662705794,0.9,1,1100.0,142.92079227961585,0.5,1.0,1.67,13.75,,0.8044029963551499,90.0,0.5
2205 Dual Phase Steel,1.546816828710883,25.427974716259673,circle,19.656613835125153,571.8896665597151,278.4813240451594,973.8619078043334,0.15998907871595583,0.9,1,1100.0,131.9324745915207,0.5,1.0,1.67,13.75,1.33,1.082771780097618,90.0,0.5
2205 Dual Phase Steel,2.0006306542022303,30.11914161872435,circle,24.973286812201472,520.7786454824931,217.30828892708476,799.4462829119824,0.1499379709811703,0.9,1,,74.55277341392038,0.5,1.0,1.67,13.75,,1.3383702357096527,90.0,0.5
2205 Dual Phase Steel,2.004500279588651,30.070682955614878,circle,19.199756184524887,521.9351410343165,218.38621125613028,900.2120720804272,0.1563177092007939,0.9000000000000001,1,,74.57502866459208,0.5,1.0,1.67,13.75,1.33,1.335567012089537,90.0,0.5
2205 Dual Phase Steel,1.9976636000747032,29.940723315584435,circle,25.00542021436144,521.608260752105,219.75600042358195,801.524357553069,0.14988635147408255,0.9,1,,74.82880488684259,0.5,1.0,1.67,13.75,,1.3197637508277453,90.0,0.5
2205 Dual Phase Steel,1.582573961414139,25.90852442085078,circle,24.525159227348485,566.6332083088874,273.3403566591441,883.4338753661086,0.15415273896812579,0.9,1,1100.0,126.84636207061723,0.5,1.0,1.67,13.75,,0.9268146208427678,90.0,0.5
2205 Dual Phase Steel,1.9941275802729408,30.02693723150422,circle,20.581960060353524,520.5285980746977,219.33232949905238,874.4675241477242,0.15485499254853796,0.9,1,,75.23658232288568,0.5,1.0,1.67,13.75,1.33,1.3283771079555033,90.0,0.5
2205 Dual Phase Steel,1.4074296726052453,24.093883812338714,circle,24.364327731231906,585.6940016610321,296.3914411312227,917.0413880999643,0.1559111786008309,0.9000000000000001,1,1100.0,149.1616887070499,0.5,1.0,1.67,13.75,,0.7602408979032289,90.0,0.5
2205 Dual Phase Steel,1.9955528928919974,29.978586605062517,circle,20.814463515696502,521.3216868528854,218.35473565879823,871.420424988619,0.1547123871425247,0.9,1,,74.6195239749629,0.5,1.0,1.67,13.75,1.33,1.3369430365975965,90.0,0.5
2205 Dual Phase Steel,1.5808256134850112,25.763668683371844,circle,24.622778798621304,567.8699500437276,273.09860897041017,884.2250832919112,0.15425570778671413,0.9,1,1100.0,127.5186406975636,0.5,1.0,1.67,13.75,,0.9202364627227436,90.0,0.5
2205 Dual Phase Steel,1.5269439069367587,25.285065628700174,circle,24.49904059354073,573.2358239676076,280.15638932623,894.7201286986934,0.15475266317724254,0.9,1,1100.0,133.9801686827602,0.5,1.0,1.67,13.75,,0.8689079102580386,90.0,0.5
2205 Dual Phase Steel,2.005003183338155,30.02425562138424,circle,19.468434200775032,522.1331741115521,218.86213251555876,893.5577820988098,0.15623160639660025,0.9,1,,75.1174107697538,0.5,1.0,1.67,13.75,1.33,1.334991021912821,90.0,0.5
2205 Dual Phase Steel,2.0038818100158546,30.06683142807507,circle,20.984514457548343,521.2704302204929,218.00969598801825,868.8269653806917,0.15440555312335083,0.9,1,,74.4224735080125,0.5,1.0,1.67,13.75,1.33,1.3273896663636564,90.0,0.5
AA1050,0.8676062432568625,19.891323633050806,circle,32.81740536106499,128.43124035048177,60.457354366420034,140.07593588120127,0.20072142323940886,0.6000000000000001,0,388.6766718513139,188.64607110423705,1.9932288858049199,1.0,1.897668645467914,10.219877535899956,100.08140520267453,0.4248783455569119,45.101087159250405,0.5
AA1050,1.3525556071455276,29.489550195439136,circle,39.7952965709219,83.90734538596809,48.02714553560842,157.21264756822757,0.21316561539481774,0.6,1,1539.9388669346238,16.904603406176786,0.9849872549390993,1.0,1.0946535869528702,7.425010436415555,0.8926042986714205,1.3045206810353744,,0.5001629793109323
AA1050,1.2992486995175312,28.563957162023353,circle,30.25074874783354,94.24948898305936,50.00798837545432,157.14912032122234,0.251246313622931,0.6,1,291.2029747271837,134.2593172302971,0.4995746257878535,1.0,1.0,17.55298697617961,1.5210200953636783,1.0118810345063936,90.00028352458585,0.5000941447453108
AA1050,1.2107987560369686,25.794456083555907,circle,35.01937429663629,135.45938520890076,41.44578598575064,150.61458334655077,0.20831692669803994,0.6,0,892.5501548017626,98.54571702515955,0.498103465529251,1.0,1.0,16.532853285227734,59.20178058681208,0.7797374722703051,72.03015424161245,0.5
AA1050,0.8602088676644938,19.952569924294323,circle,20.435453539094038,139.73451460249336,57.09436571425025,142.36499311489243,0.25269777951102734,0.6,0,,351.0897794986866,,1.0,,15.647325308646357,99.52629201066404,0.459395904978607,68.34547302644938,0.5
AA1050,1.2857312344102585,28.027485386319853,circle,25.23048969767518,115.46012092076305,84.69029622615193,145.07398315602777,0.2540874490037877,0.6,1,2104.1380909515187,148.37355443840488,0.4937422630772079,1.0,1.7050088812284925,15.530414450492831,0.6754541239910715,0.8124427608600919,90.05507977727383,0.505388601557183
AA1050,1.1547475933016467,24.327741972215833,circle,37.29913327777577,95.7391529184099,70.58479667512256,147.87522863665518,0.20674865926565583,0.6,0,577.119592048953,29.225357263970018,1.5393104360132448,1.0,1.5342280902169356,7.469409443653528,1.4032129623255514,1.1547475933016467,,0.5008272073189486
AA1050,1.4994477041803826,34.19570734032813,circle,42.009211081405354,74.57984403705613,27.573279417743564,165.17485015825778,0.2206471456186395,0.6,1,748.8728741977311,2.7903449537705134,0.7508160837453953,1.0,1.0,,0.9281713555503063,1.2729134757283591,,0.5001518388555666
AA1050,1.1773319685222416,25.701373700742103,circle,37.39059896806587,93.74925927407551,67.7945524751414,149.04465577051693,0.2071023145620827,0.6,0,1316.8557140740106,384.89587382427146,1.4749125322933985,1.0,1.7968695949706375,8.625293748391696,0.6070031373943898,0.9559693022989659,85.10353452249598,0.5021584562686343
AA1050,1.260450558605522,27.34932625136802,circle,36.315785191239165,124.42968444575386,37.638992524882624,153.2537759265184,0.2104306239497349,0.6,1,1498.1770056698163,77.00809790495984,0.5005895924069266,1.0,1.0,16.486473265909783,47.727942220316514,0.9160223026626563,72.1701525593904,0.5
AA1050,1.1758886670481379,45.05881776553559,circle,17.86460601298281,96.93041254069601,79.31305163145059,148.80683945617633,0.12117554920547874,0.5999999999999999,0,2986.2804463033663,1004.8274115637246,0.49280330401251876,1.0,1.577265217367979,12.572737184004376,0.4915287575645665,0.8782575320476126,80.97593327755237,0.5008904363718166
AA1050,1.2382627526629897,43.10881567662825,circle,23.199462316315905,82.20260802051978,78.03983902262615,152.69551832167295,0.14260856691265505,0.6,0,3008.556180555502,1001.9970359682628,0.5019757677701818,1.0,1.5828958115462406,12.243134992979943,0.1406085253959499,0.8978222985279789,81.6205271113988,0.503184033810532
AA1050,1.5035802407952332,33.995220078724515,circle,41.78009302620961,74.42719149142566,27.923459635165848,165.32210292208828,0.21911324069225097,0.6,1,1869.0094856379662,0.0,0.5042504429939473,1.0,1.0,,1.0403116282968494,1.3039505373359663,,0.5001708207670029
AA1050,0.8125889842561591,19.879574463044857,circle,20.677174638044495,117.42185526913151,87.02787033851739,142.78282091768253,0.2624034047379078,0.6,0,698.6918119656214,238.34592254215863,2.0069134093362275,1.0,1.9063379666123468,10.534717797258217,,,90.00332901884151,0.5001178252310082
AA1050,1.4985986328362284,33.99547269257142,circle,41.748545759947774,74.40525121798582,28.289452423915034,165.33641753272366,0.22001374106338425,0.6000000000000001,1,624.7702536891793,0.0,1.144701763980566,1.0,1.0,,0.6356758847531557,1.2275292948310743,,0.5001762558431603
AA1050,1.025645051672103,25.75343901657671,circle,34.6027838853053,123.5315512864576,25.925210493106796,150.2695978896058,0.20793811734445458,0.6,0,897.9991203130452,207.60163870561522,0.501715628395294,1.0,1.0,13.506152597598374,59.71826507549367,0.7377778353759005,45.07076223081939,0.5
AA1050,1.5001731899959707,34.02565061223608,circle,41.912792678217606,73.81130440184349,27.978605817078616,165.33207446420593,0.22004142400475593,0.6,1,785.1995664112476,0.0,0.4956038202225439,1.0,1.0,,0.9857476117045104,1.1839326528867982,,0.5002229506426601
AA1050,1.4924536500678864,34.07663482694184,circle,41.97284436897742,73.59425729977009,27.807592786066884,165.3785179427925,0.2195241862103534,0.6,1,644.983058001227,0.0,0.5055435378057821,1.0,1.0,,0.8061720454418962,1.271053488931978,,0.5001486322491183
AA1050,1.0000687743156973,19.950374596914653,circle,23.925489291315944,161.52352749976006,61.922806518445434,169.5997038747481,0.2340307724021084,0.6,0,,233.80820907969002,,1.0,,16.75951999039859,99.3765721506841,0.49013811025430964,78.14642891729906,0.4733333333333334
AA1050,1.4983538254417281,34.03394549380549,circle,42.302181644474636,74.32300265607074,27.991941852837765,165.29442496241072,0.21992941243711903,0.6,1,1007.4841807903708,0.5133109693934615,0.49885954147821154,1.0,1.0,,1.4439224977420768,1.1996483763897383,,0.5002121087767367
AA1050,1.1968964503851192,25.379358083550876,circle,37.567166649523294,93.21693040193493,65.61332986312689,149.6960642967873,0.2088932371547916,0.6000000000000001,0,546.5469743646826,31.806372604295856,1.7096266400651206,1.0,1.4544972532910574,7.373920451550119,1.333429809338502,1.1968964503851192,,0.5007634254856633
AA1050,1.239837930152514,26.606867749454533,circle,38.32192285804443,90.4643839475927,60.201680062682556,152.30799728094547,0.2088500576665578,0.6,0,1214.9208092396914,25.734498510097296,1.2888898568353049,1.0,1.3270411780618245,7.416857028585169,0.7930863044090146,1.239837930152514,,0.5005869293703156
AA1050,1.1587965343717117,27.960020193135584,circle,36.9106681455167,108.88021939675791,26.813836437078116,154.62354391871912,0.21147091801693235,0.5999999999999999,1,1202.2906190669737,148.2903627123162,0.4988620475850726,1.0,1.0,13.517554341002825,43.30051292349746,0.8972724975416866,45.31457620482377,0.5
AA1050,1.3126509800704769,28.80841504047095,circle,39.41173300682411,86.56904747704269,51.24159604446233,155.8099148208797,0.21219577784817364,0.6,1,1460.792532183776,17.890969313651656,1.0621835557272574,1.0,1.1543278160239736,7.429060810154353,1.2976276149550543,1.2998502180678746,,0.5002359554726998
AA1050,0.9875480809814802,24.90762052720016,circle,22.870503194010684,106.85031744601167,66.07149809954687,152.15235255965584,0.2716150133568234,0.6,0,893.4855991328743,222.06788094240844,0.5060884223594707,1.0,1.0,12.439528977351932,0.8770379358987616,0.9875480809814802,89.70403174947039,0.5000438339277481
AA1050,1.0141800920963442,25.52501302001265,circle,23.867103302917997,104.97233704554382,62.62085072436823,152.6854907499942,0.2675244914867522,0.6,0,285.8688291166484,210.94983509750338,0.7376456371227011,1.0,1.0,12.515372804569726,1.6634312445332264,1.0141800920963442,90.16665837714388,0.5000464988129241
AA1050,0.8380036521978015,19.963820953504023,circle,23.294588144107543,114.59149117808327,87.20674039045116,142.15614572615084,0.25135384712073217,0.6,0,696.2425183961861,208.35057710332796,2.0078171537026983,1.0,1.8985699998226915,10.039502693354967,,,90.05530252395975,0.5001331138848955
AA1050,0.9921473579463678,25.10837497212553,circle,34.34993661347873,126.43932896565057,26.277977035036372,149.38353864326106,0.20687528782180692,0.6,0,301.57824791841676,224.7071567809051,1.5177649322241837,1.0,1.0,13.393104273787642,64.33582031487344,0.7159593998223368,45.03097779672773,0.5
AA1050,1.5026943791740173,33.907573379371264,circle,41.931696369319575,74.0925276229602,27.4512084314059,165.41068703371258,0.2196450710564876,0.6,1,1043.1581045869318,0.0,0.4998381333754667,1.0,1.0,,1.31510575911609,1.2249979051031934,,0.500196021822744
AA1050,1.4966889184321355,33.99574960044692,circle,37.99082506113485,94.9927012141142,60.12664987141593,153.74798344400764,0.21989548422286537,0.6,1,1957.1411865755122,0.0,0.5015165291942799,1.0,1.2727211727719436,13.987771032856369,1.3531803879769038,1.157292003301496,90.0324155408191,0.503304415018211
AA1050,1.3365536509770377,29.33629596144424,circle,38.161771096057706,108.24871423822668,34.98325222169235,157.24812297656774,0.2137476944589804,0.6,1,1803.994162546754,59.65415669540999,0.4946670209558847,1.0,1.0,16.50236921916291,32.30328773560972,1.0410781409469552,71.63873805499368,0.5000000000000001
AA1050,0.9977867052824427,20.06233400100017,circle,32.84762420710623,139.33663703062135,71.09756948834924,140.13514424487906,0.19981630798562386,0.6,0,426.1494478443697,98.23935029104581,1.9957684076198616,1.0,1.9031863580184463,11.520605393739043,99.9820793705967,0.48899458501291976,71.6788540084106,0.5
AA1050,1.5001901059231084,33.815793411897054,circle,41.822719868280515,74.69401938663266,27.369005458908482,165.35649349045434,0.22009983291978283,0.6,1,947.9711006215747,0.0,0.9464231011398428,1.0,1.0,,2.3186706736152227,1.2718021588582475,,0.500119331343333
AA1050,1.4991057161513384,34.083465792749834,circle,42.00798486270359,74.53847505577109,27.48660687450321,165.3647081231025,0.2201230606338129,0.6,1,940.728075342693,0.0,0.9664287033711892,1.0,1.0,,1.522128545042112,1.2486045156101584,,0.5001642773464526
AA1050,1.5041959448532727,33.97038385248509,circle,42.209513049993994,74.60964461552258,27.83210629477206,165.23065931316953,0.21984694895691037,0.6,1,1024.8174785043725,1.1424159170657064,0.6026869194792028,1.0,1.0,,1.5543293960883608,1.324705111388238,,0.5001147866444978
AA1050,0.8039420389956966,19.922035747758084,circle,23.428427594343766,145.44189159174422,46.681702323998515,152.71398617133144,0.23556905330256456,0.6,0,,352.1274362872639,,1.0,,14.936967013283837,100.10124051246623,0.4506298898335301,61.00034726465696,0.5
AA1050,1.50751102582791,34.042464855550776,circle,42.16249012074263,74.35340440927581,27.61414305276828,165.3457248059115,0.22031202301501965,0.6,1,889.2198754022486,0.0,0.6600200361119378,1.0,1.0,,0.057122904196790225,1.3294026085581088,,0.5001201348390552
AA1050,1.1568784688945037,28.08240235887504,circle,37.06425775259953,108.04947385856676,26.554099395625062,154.62014598517712,0.21176569773043008,0.6,1,299.8279637077162,145.86710934449522,1.5016780950553725,1.0,1.0,13.46532707017328,43.152053559494846,0.8770819717544763,45.21957964026098,0.5
AA1050,0.7964906563459316,20.035670120606397,circle,19.290387816821468,118.75404778216569,86.63129055321615,143.0149259330275,0.2673332287727915,0.6,0,393.7535279167442,250.95258324492016,2.0042909456263374,1.0,1.9027132773883537,10.890446687513284,,,89.78528829489947,0.5001139730659202
AA1050,1.2430183162209842,26.759092426542427,circle,35.787426704524954,129.0086732079717,39.04369312488057,152.3272092886137,0.2111327603441607,0.6,0,903.2784108770734,87.50239774882728,0.4918829606926772,1.0,1.0,16.528506799310307,51.91469595997833,0.8358308232282747,72.04909135247607,0.5
AA1050,1.4949832373703102,33.897295603814584,circle,42.06978161643962,74.15008806421687,27.86064805560065,165.1779680046221,0.2202641710190205,0.6,1,294.51790747821167,0.0,0.8770267061915953,1.0,1.0,,1.5274435909599502,1.299345321441477,,0.5001007579521691
AA1050,1.289460095259417,28.07947961189215,circle,39.207971095001405,87.78276173458737,54.41214304894612,154.1446280224001,0.21136974615972123,0.6,1,1324.5098599718724,21.932786015740835,1.1483226465628804,1.0,1.2261012067055392,7.472384498929558,1.6777549416470738,1.289460095259417,,0.5003700346503065
AA1050,0.8525199294157338,35.526449135062926,circle,17.215807818044787,117.82006310094187,81.37699323731583,140.14818407868177,0.1314283545603536,0.6,0,,348.44411164508784,0.5078788459117627,1.0,1.5513567346255208,13.426418654724547,99.2216078382296,0.6426187222900694,62.859585686534444,0.5
AA1050,1.1479473648071135,28.956271665961175,circle,36.791518618430736,110.49409655612338,27.161841959485542,153.88591402688402,0.21141941370488593,0.6000000000000001,1,3008.580560310415,710.5755026196135,0.4955991017261207,1.0,1.6069901725945968,12.099170041589014,44.4705832235979,0.7252633080253077,67.22577389177003,0.5
AA1050,1.0943047000969714,26.89221062149529,circle,35.85595480827061,115.6695762157411,26.20641880197689,152.39856718875015,0.20969552603767638,0.6,0,1799.9438422424769,179.47414348225266,0.49145723321661866,1.0,1.0,13.512590965495534,50.84078416230716,0.8528427125158188,44.94637558633962,0.5
AA1050,0.8238713033398056,19.882256442299816,circle,21.641654359042892,116.77984066540789,87.40009124143903,142.78782147428703,0.25827421408088436,0.6,0,409.3494924466881,225.39601612761652,2.000106896967584,1.0,1.897312082321672,10.327590307920884,,,90.00478854405668,0.5001159267943199
AA1050,1.500736505565305,34.00117362377918,circle,42.3186972260306,74.81440406599299,27.47141968592964,165.45256780748625,0.2206618373787589,0.6,1,1157.2138882005486,0.0,0.49032741234245125,1.0,1.0,,0.9104708108177748,1.2411255293918084,,0.5002003605396261
AA1050,1.2408078300449945,26.916466555619564,circle,38.51063293124706,90.09280030148521,59.87810049868211,152.25291332297607,0.20902171992678628,0.6,0,495.56422407888385,21.852040698619145,1.267953232771119,1.0,1.3209779274915618,7.424824532305412,1.4143077569540057,1.2408078300449945,,0.5005250271418745
AA1050,0.7013558265616625,19.990252644751926,circle,20.972941204467467,141.15691075967584,54.5597664271962,142.24276847681196,0.24999225667469988,0.6,0,,348.83769675896554,,1.0,,12.984130172632057,100.10274002346368,0.4376984866653793,67.28560091890297,0.5
AA1050,1.1766467456592329,24.905020693614794,circle,37.524125823214746,94.01201424183647,68.64182201590458,148.97260379639695,0.20685663961804487,0.6,0,560.4815701189698,34.39660343477318,1.5638233594027333,1.0,1.4770062283109773,7.3700257363789285,1.62395425037702,1.1766467456592329,,0.5007655709989544
AA1050,1.3046467070133805,28.60725209801855,circle,37.2822301736116,115.19372656936869,36.15884685698512,155.6370849985822,0.2120831935301297,0.5999999999999999,1,597.4192965967533,66.10905623314625,0.5019025713037167,1.0,1.0,16.472503026726663,39.22439818486416,0.8956663695175544,72.14141620562057,0.5
AA1050,1.1945841826768686,25.551744317992494,circle,35.00009570328173,106.73197097111449,87.80301695491964,142.14879361069958,0.2068014676419205,0.6,0,1256.509632610431,28.01925039103292,1.4128332071638796,1.0,1.8190273158072026,10.031848764954871,1.1119728554113413,1.05631608627667,89.94248704005452,0.5030233449171813
AA1050,1.4916333970590439,34.02062325895327,circle,42.04253619770002,74.56439866817519,28.09849354988062,165.48031636065295,0.2203526529700933,0.6,1,293.93795189175694,2.830702604416682,1.0882344516140794,1.0,1.0,,2.428070790623192,1.285962368435057,,0.5000859300163556
AA1050,1.5022815041314264,33.939120563911644,circle,37.434533774100736,97.62619734489263,64.7116317258497,152.25539122739232,0.21995817415117075,0.6,1,2112.2515420346444,0.0,0.5102559650294307,1.0,1.3530755758299555,13.989442227201186,1.0959740228024892,1.1362735180037395,89.8134814361815,0.5080694793456532
AA1050,1.163684042673557,27.91236669654916,circle,36.88792526822185,108.93534226675014,26.284042765167356,154.4186810796853,0.21131186876517702,0.6,1,293.96295075435137,145.41337382731132,1.4974325257291925,1.0,1.0,13.609139489871689,43.86048294968945,0.8684491126685868,44.846264098822644,0.5
AA1050,1.1666592780078895,24.652015200964524,circle,37.25484127035004,94.57094205859207,69.34398622629189,148.12606893212413,0.20647793655371846,0.6,0,577.8711939002287,35.53524797136061,1.4943151577538702,1.0,1.4970009030251274,7.432102582785851,1.7931506961426549,1.1666592780078895,,0.5007813145207035
AA1050,1.4932643674865624,34.00841182148165,circle,41.99704094286054,74.03341572445174,28.383818155808452,165.24763258479177,0.22011110555338206,0.6,1,1225.74256312142,0.0,0.487474091538862,1.0,1.0,,1.1681332249059069,1.2319043476711877,,0.5002069026684199
AA1050,1.1780477202631263,24.819685167655194,circle,37.44275908950222,94.38614248505772,68.24581947506019,149.02249923452501,0.20712764927702354,0.6,0,882.9336284788438,30.279961820856172,1.4820175460733518,1.0,1.4543878677539812,7.361558167959683,1.8039777614475154,1.1780477202631263,,0.5007303344240888
AA1050,1.3106986877690878,28.615298146005443,circle,39.11716533686868,84.93520205053863,52.51970897089132,155.24554012800172,0.21227274930463672,0.6,1,340.5983470711241,17.476173396849934,1.3953025545342719,1.0,1.1661025077105054,7.435795565128941,2.4282636620129026,1.2989011016220344,,0.5001745590322515
AA1050,1.5009560398638249,33.95356602343269,circle,42.2272834520304,74.18438655898805,28.043777035243416,165.42220917426604,0.21996776090593376,0.6,1,1314.048424184227,0.0,0.4971914075715846,1.0,1.0,,0.7115463637578914,1.3199257928441415,,0.5001419314575886
AA1050,1.0070900454914604,29.118111811853307,circle,22.305162159082688,149.99651934281292,75.51896991757297,157.49634530995357,0.1605851230913552,0.6,0,,170.0668721665227,0.5072484725174445,1.0,1.5586407275229033,15.562362919653506,100.01258916718345,0.5971979003576919,73.98629004492074,0.5
AA1050,1.2805414107044377,41.11504691536272,circle,25.92451237036536,77.1109404729931,74.54754290652372,153.8913657083477,0.1532455517095817,0.5999999999999999,1,2103.666894505229,0.6398626129451483,0.5136761733515,1.0,1.086409997129771,13.434843147887308,0.9090688268697122,1.09379754590524,78.89210386837902,0.5003366202483503
AA1050,1.2219188892382047,29.027075155162596,circle,37.8580720381299,104.91772865059453,26.77758203627651,156.23608974043321,0.2117588102364973,0.6,1,302.77874544434553,126.79866030883404,0.7569425411379156,1.0,1.0,13.397741961366346,36.683525499631784,1.013209200518508,44.98976097499681,0.5
AA1050,1.4986370962647055,33.95232119084189,circle,41.97079814610596,74.47297174152806,27.437831312875847,165.3060792369325,0.21981074377536328,0.6,1,706.1433002194448,0.0,0.665362090067561,1.0,1.0,,1.1470859879418558,1.2328006059605288,,0.5001733386384447
AA1050,1.1642553866509209,24.603610468077882,circle,37.26498545519093,94.7170527112821,69.13008853173181,148.3510955014785,0.20746928207029278,0.6,0,572.6396143917975,37.907903145052956,1.6579223297146406,1.0,1.500104274502357,7.391654812629657,2.322523541433091,1.1642553866509209,,0.5006910602038411
AA1050,0.997325553013829,34.21685995538898,circle,21.035923664686592,110.10090931934349,93.85409424463131,139.89370399799563,0.13918398140899915,0.6,0,404.6816043985692,49.81277681324958,1.3028655364555544,1.0,1.746345327326303,10.272038965954374,,0.8358252131405736,79.00550359086758,0.5037702812006613
AA1050,1.4982574959711985,34.17770045042213,circle,42.06710188522844,74.31102801060314,27.782149848165844,165.49435596562736,0.21943864783354955,0.6,1,846.2294618894203,4.59307996216569,1.1289158589393526,1.0,1.0,,0.710916681191884,1.2409552487082884,,0.500181689215921
AA1050,1.2031940969422616,28.838342186389887,circle,37.73254970335973,104.96469141292575,26.855054706068135,156.22621740513281,0.2133260336596797,0.6,1,286.58467441015085,129.72225838532225,0.5102673677650118,1.0,1.0,13.512826118469555,37.03621339923945,1.0093466923756347,44.894293656725345,0.5
AA1050,1.5016532044086157,34.07550183880139,circle,42.297719252995705,74.60697816913456,28.17229811745379,165.07137726112205,0.2195267080745106,0.6,1,700.0454795178334,0.0,0.5095878626514255,1.0,1.0,,0.9714153704171546,1.3351089679364567,,0.5001067048339275
AA1050,1.4976807320543584,33.89384582694373,circle,38.676084244777435,92.24413891938713,56.015495633830575,154.9938312414589,0.2194890255754625,0.6,1,1198.8363013364863,2.119333292625232,0.742094652534781,1.0,1.1965274089200482,14.049219231325479,1.5278350902079936,1.1732395321198918,89.83996445226593,0.5012980233609176
AA1050,1.2706016247636753,27.54969605238171,circle,38.8638437310553,88.06343759657106,55.43603194818311,153.60547775584143,0.21206146905976014,0.6000000000000001,1,1310.9962806972983,23.493447347944475,1.1792428315901242,1.0,1.243126540893468,7.423836173433905,0.9441959715505419,1.2706016247636753,,0.5004075018382528
AA1050,1.332622608919012,39.573200106838335,circle,29.93633461299592,76.88428105823617,62.854617393223364,156.4921284587986,0.16980289793383047,0.6,1,1803.7467007739035,0.0,0.504177765865257,1.0,1.0,13.418170317585881,1.3442637484501978,1.1428413378386522,78.36763608271836,0.5001879131150879
AA1050,1.2513401746729111,27.00375162763995,circle,26.94472608508657,99.74783803990057,56.823293445264426,155.05237517727699,0.2600238826494228,0.6,0,1797.5869632699216,173.19002298297582,0.4926094004938276,1.0,1.0,17.56174624911221,1.1704883782458366,0.8974261667320154,89.80086141832076,0.5000699221317542
AA1050,0.802915802402796,20.056627108919532,circle,30.044770361625815,164.72505925458063,32.97263695381396,172.96131221730965,0.20012977164175308,0.6,0,,292.96397176601704,,1.0,,14.547359322674774,99.88431531408999,0.44719172218260167,54.06904544713586,0.4733333333333334
AA1050,1.1243762187828994,27.492232131945222,circle,27.951153886197815,97.73979031543593,54.80776756316964,155.54433138079347,0.25756109087404655,0.6,1,1496.0892257056448,167.55892285979823,0.5049165072638448,1.0,1.0,12.465821375791824,1.1467413751119708,1.1243762187828994,90.03363153687995,0.5000983443376574
AA1050,1.1617713854690863,24.55685385164669,circle,37.159354772234465,94.98516245220124,69.90641554446898,148.02928232482282,0.20598047515779905,0.6,0,1054.7775521855026,33.029769701020854,1.529076425660337,1.0,1.5171152262283518,7.378612818620263,0.47936621315808314,1.1617713854690863,,0.5008960616198722
AA1050,0.8945753776551144,19.922335699729523,circle,18.5556910421111,136.45164510642053,62.728937841746344,143.15406727068154,0.2636389409425806,0.6,0,,347.87774318846914,,1.0,,16.056544182245602,100.1025674050011,0.46600466685254505,73.41300207376496,0.5
AA1050,1.0940574104437706,26.909536525136943,circle,26.883686954309923,99.923911353835,57.08708448816735,154.6990658798762,0.26068976797516996,0.6,0,2090.014584133957,176.92999019136337,0.5082697765126317,1.0,1.0,12.496699176288784,1.6921520959829555,1.0940574104437706,89.69042850874688,0.500084291359893
AA1050,1.2432329992431554,26.997804174879043,circle,27.019677963541813,99.8153059187639,56.57028967500421,154.7401837491313,0.259622984752854,0.6,1,2099.3792103739506,178.90590499797474,0.49720690995306466,1.0,1.0,17.525408391414693,1.5075951261117153,0.8975568955480462,90.1638035748669,0.5000743437324463
Copper,1.0,22.0,circle,45.0,220.0,69.0,350.0,0.45000000000000007,0.9000000000000001,0,200.1337384561308,300.8496417498803,0.9989955751378671,1.0,1.5,,,,,0.5
Copper,1.0,22.0,circle,45.0,220.0,69.0,350.0,0.45,0.9,0,135.78158617801324,167.84302197783944,0.6769887033808353,1.0,1.5,,,,,0.5
Copper,1.0,22.0,circle,45.0,219.99999999999997,69.0,350.0,0.44999999999999996,0.8999999999999999,0,167.82510555220665,235.2819499434251,0.8393063217698143,1.0,1.5,,,,,0.5
Copper,1.0,22.0,circle,45.0,220.0,69.0,350.0,0.45,0.9,0,140.678901267252,180.88134386594115,0.7078256293005876,1.0,1.5,,,,,0.5
Copper,1.0,22.0,circle,45.0,220.0,69.0,350.0,0.45000000000000007,0.9000000000000001,0,159.84657460439126,219.11008918784077,0.8017455576508276,1.0,1.5,,,,,0.5
Copper,1.0,22.0,circle,45.0,220.0,69.0,350.0,0.45,0.9,0,199.15337103568586,299.0965424593931,1.001484969012435,1.0,1.5,,,,,0.5
Copper,1.0,22.0,circle,45.0,220.0,69.0,350.0,0.45,0.9,0,99.91919892492125,100.09278798607562,0.5052680850520634,1.0,1.5,,,,,0.5
Copper,1.0,22.0,circle,45.0,220.0,69.0,350.0,0.45,0.9,0,100.1771559945664,98.21472920471822,0.4998231981368441,1.0,1.5,,,,,0.5
Copper,1.0,22.0,circle,45.0,220.0,69.0,350.0,0.45000000000000007,0.9000000000000001,0,143.58150517758455,187.61979215802685,0.7161737151970022,1.0,1.5,,,,,0.5
Copper,1.0,22.0,circle,45.0,220.0,69.0,350.0,0.44999999999999996,0.8999999999999999,0,141.2717639038181,184.60892694504477,0.7050778071579655,1.0,1.5,,,,,0.5
Copper,1.0,22.0,circle,45.0,220.0,69.0,350.0,0.45,0.9,0,151.56244746170015,201.88777964167122,0.7585316000337542,1.0,1.5,,,,,0.5
Copper,1.0,22.0,circle,45.0,220.0,69.0,350.0,0.44999999999999996,0.8999999999999999,0,162.1834982824848,221.70400038309307,0.8126884854711973,1.0,1.5,,,,,0.5
Copper,1.0,22.0,circle,45.0,220.0,69.0,350.0,0.45,0.9,0,201.43700018925531,298.9507355320539,1.0010499703613656,1.0,1.5,,,,,0.5
AA6061-T7,1.0,46.0,circle,11.7,356.47,302.45,461.7,0.12,0.77,1,1000.0,0.0,0.5,1.0,1.3,,0.86,,90.0,0.5
AA6061-T7,1.0,46.0,circle,11.7,356.47,302.45,461.69999999999993,0.12,0.77,1,1000.0,0.0,0.5,1.0,1.3,,0.8599999999999999,,90.0,0.5
AA6061-T7,1.0,46.0,circle,11.7,356.47,302.44999999999993,461.69999999999993,0.12,0.77,1,1000.0,0.0,0.5,1.0,1.2999999999999998,,0.8599999999999999,,90.0,0.5
AA6061-T7,1.0,46.0,circle,11.7,356.47,302.45,461.7,0.12,0.77,1,1000.0,0.0,0.5,1.0,1.3,,0.8600000000000001,,90.0,0.5
AA6061-T7,1.0,46.0,circle,11.7,356.47,302.45,461.70000000000005,0.12,0.77,1,1000.0,0.0,0.5,1.0,1.3,,0.8600000000000001,,90.0,0.5
AA6061-T7,1.0,46.0,circle,11.7,356.47,302.45,461.7,0.12,0.77,1,1000.0,0.0,0.5,1.0,1.3,,0.8600000000000001,,90.0,0.5
AA6061-T7,1.0,46.0,circle,11.7,356.47,302.45,461.69999999999993,0.12,0.77,1,1000.0,0.0,0.5,1.0,1.3,,0.86,,90.0,0.5
AA6061-T8,1.0,44.0,circle,11.7,356.47,302.45,461.7,0.12,0.77,1,1000.0,0.0,0.5,1.0,1.36,,0.86,,90.0,0.5
AA6061-T8,1.0,44.0,circle,11.7,356.47,302.45,461.7,0.12,0.77,1,1000.0,0.0,0.5,1.0,1.36,,0.86,,90.0,0.5
AA6061-T8,1.0,44.0,circle,11.7,356.47,302.45,461.70000000000005,0.12,0.77,1,1000.0,0.0,0.5,1.0,1.3600000000000003,,0.86,,90.0,0.5
AA6061-T8,1.0,44.0,circle,11.7,356.47,302.45,461.69999999999993,0.12,0.77,1,1000.0,0.0,0.5,1.0,1.36,,0.86,,90.0,0.5
AA6061-T8,1.0,44.0,circle,11.7,356.47,302.45,461.7,0.12,0.77,1,1000.0,0.0,0.5,1.0,1.36,,0.86,,90.0,0.5
AA6061-T8,1.0,44.0,circle,11.7,356.47,302.45,461.7,0.12,0.77,1,1000.0,0.0,0.5,1.0,1.36,,0.86,,90.0,0.5
AA6061-T8,1.0,44.0,circle,11.7,356.47,302.45,461.7,0.12,0.77,1,1000.0,0.0,0.5,1.0,1.36,,0.8599999999999999,,90.0,0.5
AA7075-1,1.6,55.0,circle,16.0,228.0,103.0,400.0,0.17,0.8499999999999999,1,999.9999999999999,,0.2,1.0,1.7199999999999998,,,,,0.5
AA7075-1,1.6,55.0,circle,16.0,228.0,103.0,400.0,0.17,0.8500000000000001,1,1000.0,,0.2,1.0,1.72,,,,,0.5
AA7075-1,1.6,55.0,circle,16.0,228.0,103.0,400.0,0.17,0.8500000000000001,1,1000.0,,0.2,1.0,1.72,,,,,0.5
AA7075-1,1.6,55.0,circle,16.0,228.0,103.0,400.0,0.17,0.85,1,1000.0,,0.2,1.0,1.72,,,,,0.5
AA7075-1,1.6,55.0,circle,16.0,228.0,103.0,400.0,0.17,0.85,1,1000.0,,0.2,1.0,1.72,,,,,0.5
AA7075-1,1.6,55.0,circle,16.0,228.0,103.0,400.0,0.17,0.85,1,1000.0,,0.2,1.0,1.72,,,,,0.5
AA7075-1,1.6,55.0,circle,16.0,228.0,103.0,400.0,0.17,0.8500000000000001,1,1000.0,,0.2,1.0,1.72,,,,,0.5
AA7075-2,1.6,61.0,circle,16.0,228.0,103.0,400.0,0.17,0.85,1,,,,1.0,1.57,,,,,0.5
AA7075-2,1.6,61.0,circle,16.0,228.0,103.0,400.0,0.17,0.85,1,,,,1.0,1.57,,,,,0.5
AA7075-2,1.6,61.0,circle,16.0,228.0,103.0,400.0,0.17,0.85,1,,,,1.0,1.57,,,,,0.5
AA7075-2,1.6,61.0,circle,16.0,228.0,103.0,400.0,0.17,0.85,1,,,,1.0,1.57,,,,,0.5
AA7075-2,1.6,61.0,circle,16.0,228.0,103.0,400.0,0.17,0.85,1,,,,1.0,1.57,,,,,0.5
Aluminum (unspecified),0.9989665868789528,9.990360478094578,circle,24.95456273553057,80.03900268378321,27.616916844295687,144.645087154395,0.30023654324379406,0.5999524843127911,0,237.42426752509897,400.88210947192886,0.44610864504087006,1.0,2.9996142585320795,5.895955576247171,,,29.855589113088367,0.5
Aluminum (unspecified),1.6019867378968937,7.428993793442217,circle,19.010168815211465,103.12353980400813,50.19197360837514,165.92123801311732,0.4855384832649192,0.6605874527830586,0,43.11502714154666,158.1844097279824,0.3975419743368078,1.0,3.0030066629685574,5.495296078024881,,1.256694417819828,65.96625517279215,0.5
Aluminum (unspecified),1.432491068683995,8.33397221885815,circle,20.673563476173,96.56769555615699,44.101825612303365,160.0048775474197,0.4340989761506547,0.6430402548165262,0,114.70023074158912,229.47391800488887,0.5977085147747389,1.0,2.9935208156089135,5.696962531197765,,1.247448481545404,55.834747447510395,0.5
Aluminum (unspecified),1.0030680665629974,9.93694833675939,circle,24.96968018025546,80.10390169328525,27.67805956791033,144.59922578729018,0.2999659599502116,0.5998392293991073,0,242.92416053601025,401.87281845021647,0.42226523615046246,1.0,2.9983175766276986,5.880189233650703,,,30.10456518970064,0.5
Aluminum (unspecified),1.402089632139784,8.385072733733288,circle,24.982641979252396,80.02522984115754,27.78291914371052,144.63187915905064,0.2999400622791258,0.6004077818837379,0,61.330580144571236,401.7861119626864,0.3991049730777423,1.0,2.5955873155251,5.567820945494366,,,42.236323963868,0.5
Aluminum (unspecified),0.9950853343965849,30.366777129937216,circle,25.006626471953794,80.12620370816775,30.580754011077403,144.56152948441655,0.2997889055581882,0.6101125291116386,1,259.37808171593565,557.0712586013517,0.4195614011683933,3.0,2.49531493159152,14.61746878369402,,0.5492990388627041,58.6355975714575,0.5
Aluminum (unspecified),1.699276332546787,7.229997742644767,circle,18.014036858160093,106.59283177383251,53.85386139204293,169.52650900940452,0.5147211795830269,0.6698664834237431,0,33.50327451296468,117.445600412562,0.5976128744526389,1.0,2.995796892564662,5.4417691233418495,,1.2529112385614125,71.80583835162037,0.5
Aluminum (unspecified),0.9953888641772004,9.847057668249349,circle,25.06620938721263,80.08332608584901,27.848360310750415,144.58266299457006,0.3003304279919028,0.6003641417723803,0,131.5922557311078,401.10900490073993,0.3288366712610751,1.0,2.9985797411195145,5.84195829411118,,,30.125118717019635,0.5
Aluminum (unspecified),1.0035393967121686,10.0464484902273,circle,24.968473081725584,79.96691974683134,28.059502889564335,144.681924445049,0.2999604350224439,0.6006380501058907,0,188.06816892844017,398.27137051051784,0.31285906726055746,1.0,2.9969148613024985,5.747675435354545,,,30.07387925029258,0.5
Aluminum (unspecified),0.9851042690244824,9.808225250795232,circle,25.004564608609986,80.08350267413203,27.878418833299843,144.7572459516573,0.30063278108162034,0.6002170761837123,0,181.67747167292086,400.3318439093919,0.20203297859599456,1.0,3.000007796385209,5.786101898728759,,,29.896818408971114,0.5
Aluminum (unspecified),0.9953073488001678,9.636712828500128,circle,24.999786272363703,80.08842939486223,27.89876464912916,144.77953345186276,0.30067178887037055,0.6000625163947756,0,166.23925347909278,397.9300215186406,0.45819275018549244,1.0,2.998186220070742,5.882228688931265,,,29.921519427710304,0.5
Aluminum (unspecified),0.99863549494003,9.838581370952134,circle,24.95590257278999,79.83873611204875,27.717071010147837,144.5612435956213,0.3003261304063766,0.5998182764838075,0,267.94388746983947,401.50888402352956,0.33040725694822654,1.0,3.0021187213053304,5.883473341733925,,,30.356236116376554,0.5
Aluminum (unspecified),1.0032730373259429,10.046692678221442,circle,25.011056402946885,79.97783995688862,27.76742391833535,144.55087527398663,0.30003680213125156,0.6000018892459783,0,145.6863339997992,401.30590933852767,0.4922309548328812,1.0,2.9986861906797135,5.928437408911068,,,30.64353544940196,0.5
Aluminum (unspecified),0.9995285324983919,10.050535928886957,circle,25.037273805615524,80.02888119893818,27.613069574762775,144.78688270400562,0.3005214205711618,0.5999257156852046,0,160.21325145028518,399.98302631581396,0.2807863065416543,1.0,3.0004606247063035,5.8104200892080495,,,29.944692016336898,0.5
Aluminum (unspecified),1.0056789433896156,9.963064901126128,circle,24.977891719285203,80.1875586415483,27.569464369344967,144.65016980778444,0.3000452056917355,0.600040414912322,0,199.98954140835377,400.205754179457,0.3215682440265898,1.0,2.996085000191693,5.836144987792738,,,30.000850601770527,0.5
Aluminum (unspecified),1.3113018248224246,36.405061486232924,circle,21.85243615662884,91.78307771626874,43.120451776440966,155.70728562775213,0.3949764522723428,0.6452813728368268,1,216.5088193943627,487.97072174634536,0.43886045996482,4.0,2.0027253809238132,17.55770034685856,,0.7645555113456138,88.08993970914827,0.5
Aluminum (unspecified),1.0133722788890642,10.085436531714983,circle,25.005267098857566,80.03757990935662,27.868898449911672,144.5399583051733,0.3000807905583469,0.6001595422920047,0,301.2856134523782,399.0117116175302,0.2636633270019762,1.0,2.998483019478609,5.8078143490263985,,,30.037717151331496,0.5
Aluminum (unspecified),1.001445257967593,10.04951741072876,circle,24.933830221475066,79.9817738827864,27.7513159580979,144.54480071828775,0.29936743790117365,0.5997185690106153,0,198.4324253614052,402.1815147282389,0.373212841743476,1.0,3.004438178184289,5.871385675261105,,,30.607708383619226,0.5
Aluminum (unspecified),0.9979257753180543,9.796355384987987,circle,24.9596584195901,80.04510782323989,27.737523951372427,144.57364531598617,0.29978155626438124,0.5997541854769901,0,163.11733971150005,400.6982125388375,0.4557760029637529,1.0,2.9995523567987763,5.8967285825991285,,,30.55417712782483,0.5
Aluminum (unspecified),1.4811758309907732,8.14923591798596,circle,20.30021263116187,98.38072822367039,45.45002821941785,161.4889493748314,0.44836004231761944,0.6472478756965959,0,108.42489984188434,209.37056757598987,0.20000419147280815,1.0,3.0057277339609656,5.640829176946824,,1.2542958627434002,58.46023529803106,0.5
Aluminum (unspecified),0.9986528780873744,29.757931140936304,circle,25.017281971882703,79.92564364233472,30.23805073552835,144.63365043417892,0.3003095477754269,0.6094574593539397,0,204.92241296271126,553.5170128494733,0.3202757872374841,3.0,2.5163594841952075,14.39540045752284,,0.5519036282136924,58.65437804010824,0.5
Aluminum (unspecified),1.0031014073835753,9.961965231508835,circle,24.981327654622465,80.0237485326062,27.923511890097462,144.40936778085265,0.29991416495982354,0.5999867878192505,0,163.2664805058927,399.6376207712812,0.6007200486624712,1.0,2.9869384168417312,6.043893701058091,,,29.582914105623107,0.5
Aluminum (unspecified),1.002014312773755,9.737199140015061,circle,24.95287457802903,79.87717594143896,27.832337359815398,144.56277762736948,0.29939579613995154,0.6001390838491301,0,166.67624649116215,399.15752889479836,0.4000525813422765,1.0,3.0008987059831154,5.845689755883997,,,29.910874303341203,0.5
Aluminum (unspecified),0.9991919179472013,9.861650018668591,circle,25.016529213874705,80.07890695667056,27.797946744821594,144.57389826905316,0.3007851890415057,0.5992972608321451,0,204.69799029751053,402.32928203703574,0.4015292813514027,1.0,2.99584595493691,5.860917426111635,,,30.091441876208087,0.5
Aluminum (unspecified),1.5006452314385181,27.9640771873392,circle,19.986881240822708,99.12002658648589,49.06085209422118,162.34397330323,0.45573527994627083,0.6603338841441093,0,157.34753194895023,352.5805933166011,0.4375877650909543,3.0,2.00527578396604,14.10921297450471,,0.9096848261687778,88.31170862991112,0.5
Aluminum (unspecified),1.0059216671267008,27.34388131990994,circle,25.036081195514953,80.01286673907623,29.966289088961947,144.74088211050966,0.29970041502601075,0.6086930067556082,0,305.58841270199497,537.0395906960192,0.30784873200598833,3.0,2.562385332166054,13.312527548483915,,0.5478071897127871,55.1319582627935,0.5
Aluminum (unspecified),1.4081338284383285,8.33610627666605,circle,20.91299882033235,95.41522186025948,42.930265594042915,158.8431827129629,0.42467106618607636,0.6404644427381432,0,61.173844873211,238.05661163911262,0.6035406399961166,1.0,3.007059029169531,5.6207602413506494,,1.248121953992962,54.356096416566174,0.5
Aluminum (unspecified),0.9956594351976081,9.919473067469076,circle,25.030436827541052,80.02517930466628,27.874726275813092,144.62863185931587,0.29789558448285364,0.5997339849959071,0,199.6491702433553,401.8962320962123,0.2016033738477157,1.0,3.006094449596361,5.8706923477937645,,,30.132217958749596,0.5
Aluminum (unspecified),1.5480983939104227,7.990761327508887,circle,24.982692888349742,79.98349752291365,27.906108615812542,144.64435305240372,0.29966685790938014,0.6005977943293058,0,48.32654347189325,398.83124230371504,0.39978754172269954,1.0,2.454868050125822,5.512910035950552,,,46.404189397581234,0.5
Aluminum (unspecified),1.5839343864991724,7.76353874763545,circle,19.10914218182808,102.31561492597807,49.68458433219385,165.29890413770337,0.482286203478931,0.6590589815299523,0,44.8122372420223,165.7408409556394,0.3986663582858639,1.0,3.002396998121805,5.613205903982596,,1.2562912013864411,65.0411564991817,0.5
Aluminum (unspecified),0.9996435898384253,9.787535084409305,circle,24.951137874676224,80.02640343125069,27.823549279227148,144.6759620543017,0.30064379672072095,0.6003130761534896,0,132.7211483928577,398.91835590282057,0.40084750363439686,1.0,2.9932071861115515,5.8341273670522025,,,30.39073415613594,0.5
Aluminum (unspecified),1.0003600967954913,10.04571131544456,circle,25.038605703284077,80.00029277550517,27.873268805744647,144.65103747535733,0.29952303783164497,0.6003822529170321,0,258.29369942702795,400.45346416149783,0.3688372544490015,1.0,2.9956062949594586,5.933231286152942,,,30.09738486397403,0.5
Aluminum (unspecified),1.0037471227204602,9.919918553115103,circle,25.048271828709098,80.23792681729961,27.60359399073156,144.45757615544412,0.29989680603120233,0.5993225750391753,0,198.57121588356952,399.957520477818,0.29869613088248204,1.0,2.993967411249609,5.788804789807013,,,29.852416223175773,0.5
Aluminum (unspecified),1.3320375806106943,35.720574110090986,circle,24.993792955140865,80.02616356147918,31.33455141155446,144.46720997252825,0.29961582041104806,0.6139093793771404,1,211.78180407514373,709.7689464153549,0.4431112485084412,4.0,2.0033933916011533,17.270261065110684,,0.9113014141460174,77.78056876050408,0.5
Aluminum (unspecified),1.4524850448115745,8.090826103146203,circle,25.016791635624852,79.96792966815676,27.68166335382633,144.62142225453997,0.2999098938964844,0.5998488314794229,0,114.09756693358933,401.62138064566244,0.4014731366143031,1.0,2.5406187118113377,5.485622724812181,,,43.42538452669944,0.5
Aluminum (unspecified),0.998274898199964,10.018554255899081,circle,24.995019076140238,79.9420190063781,27.683506490972892,144.58683342602654,0.2987036226525816,0.5999097565092707,0,231.07613941530516,400.82745367606907,0.399998551143541,1.0,3.0126748240894723,5.892147618237672,,,29.111778826705795,0.5
Al 1051,1.5,34.0,circle,35.0,110.0,85.0,145.0,0.22,0.6,1,900.0,0.0,0.5,1.0,1.706,14.0,1.229,0.95,90.0,0.9
Ti-6Al-4V,1.0,20.0,circle,24.01,631.85,349.93,1100.0,0.16,3.0,1,1100.0,200.0,0.5,2.0,,,,0.7,90.0,0.4733333333333334
Ti-6Al-4V,1.0,20.0,circle,24.01,631.85,349.93,1100.0,0.16,3.0,1,1100.0,200.0,0.5,2.0,,,,0.7,90.0,0.4733333333333334
Ti-6Al-4V,1.0,20.0,circle,24.01,631.85,349.93,1100.0,0.16,3.0,1,1100.0,200.0,0.5,2.0,,,,0.7,90.0,0.4733333333333334
Ti-6Al-4V,1.0,20.0,circle,24.01,631.85,349.93,1100.0,0.16,3.0,1,1100.0,200.0,0.5,2.0,,,,0.7,90.0,0.4733333333333334
Ti-6Al-4V,1.0,20.0,circle,24.01,631.85,349.93,1100.0,0.16,3.0,1,1100.0,200.0,0.5,2.0,,,,0.7,90.0,0.4733333333333334
DC04,1.0,49.046890710468084,circle,38.0,310.0,175.0,530.0,0.22,1.75,1,198.00790459126566,454.4640221036442,0.44045605393542847,5.0,1.9813364298606175,21.987041413579178,,0.6179118045856808,85.92863759025924,0.5
DC04,1.0,108.01868882876649,circle,38.0,310.0,175.0,530.0,0.22,1.75,1,638.6594235279493,233.92206382396094,0.47441663979591564,3.0,2.003894330592571,23.209160543060783,,0.6949056553813603,83.0833387058,0.5
DC04,1.0,50.90991519815346,circle,38.0,310.0,175.0,530.0,0.21999999999999997,1.75,1,124.11440479072637,280.9005682806826,0.44005132515392464,5.0,1.9857911770225416,22.320020917786536,,0.5895842996862727,86.7049802327419,0.5
DC04,1.0,110.27678097935815,square,38.0,310.0,175.0,530.0,0.22000000000000003,1.75,1,724.7280542145576,406.7462006858066,0.47577443966820926,3.0,1.9421994530658113,19.828588470097184,,0.6932997426491626,82.06619765766966,0.5
DC04,1.0,50.03724168837721,circle,38.0,310.0,175.0,530.0,0.21999999999999997,1.75,1,203.56828342274358,450.61291706356235,0.4400321693774928,5.0,1.9793681918602908,21.86583722019497,,0.626389404072538,85.8265684858721,0.5
DC04,1.0,88.79915622136109,circle,38.0,310.0,175.0,530.0,0.21999999999999997,1.75,1,504.94584990230356,356.1419342111228,0.46307102708077424,3.0,2.003996475083381,23.18945672980561,,0.6965590369777583,84.31662022723117,0.5
DC04,1.0,50.378216447826674,circle,38.0,310.0,175.0,530.0,0.21999999999999997,1.75,1,241.33532805282704,548.6990759747667,0.44091495486980514,5.0,1.9803543671925303,21.89246333425984,,0.6007858475504875,86.28057347462172,0.5
DC04,1.0,49.90099972130962,circle,38.0,310.0,175.0,530.0,0.21999999999999997,1.75,1,169.59440380582444,389.9568955502732,0.4396272082252131,5.0,1.9552718819433872,20.66344599960623,,0.6802221487101449,85.05181727192546,0.5
DC04,1.0,49.33408682406006,circle,38.0,310.0,175.0,530.0,0.22,1.75,1,166.21897530078525,366.5273861524978,0.44041225243397486,5.0,1.953186931814271,20.61582616882453,,0.6805158737012672,85.04130512670712,0.5
DC04,1.0,89.7314546918356,square,38.0,310.0,175.0,530.0,0.22,1.75,1,521.9029297692662,355.3753606362798,0.46401506172468754,3.0,1.9618336235692841,20.851168276445204,,0.499790896663077,82.99525891693555,0.5
DC04,1.0,112.04241887246657,square,38.0,310.0,175.0,530.0,0.22,1.75,1,729.5922683278897,397.85706359061396,0.476589351845652,3.0,1.9420298852258817,19.807778890421382,,0.6931836117583402,81.99762646706658,0.5
DC04,1.0,49.83528338899251,circle,38.0,310.0,175.0,530.0,0.22,1.75,1,243.22050257325685,566.6417787006127,0.43945118483687606,5.0,1.953193882268192,20.395313830436333,,0.6787789661723591,85.03520991597951,0.5
DC04,1.0,105.58345342602263,square,38.0,310.0,175.0,530.0,0.22,1.75,1,616.1315318378473,235.26839123721044,0.47341297256810444,3.0,1.9443072063409075,20.32028152954127,,0.693617599471389,82.25696590159653,0.5
DC04,1.0,50.0407608154426,circle,38.0,310.0,175.0,530.0,0.22,1.75,1,154.266160789716,342.96656353925806,0.4399091937910787,5.0,1.9883130755919267,22.359972301868847,,0.5981687544840576,86.4696147467015,0.5
DC04,1.0,115.48311320567856,circle,38.0,310.0,175.0,530.0,0.21999999999999997,1.75,1,732.7551642079047,280.83139504081277,0.47985331848858415,2.0,2.004205106115693,23.184904085364177,,0.6937171586198239,82.31768647106544,0.5
DC04,1.0,49.88191881754434,circle,38.0,310.0,175.0,530.0,0.22,1.75,1,155.86766749318792,354.3649372214939,0.4398647391640376,5.0,2.0042228068438903,23.214697295131078,,0.5492805831128533,87.23885509035306,0.5
DC04,1.0,49.52204634712036,circle,38.0,310.0,175.0,530.0,0.22,1.75,1,241.7578661572468,542.5442990835156,0.4403866631049021,5.0,1.9550323522455293,20.51607114599903,,0.679253298402947,84.99849811975761,0.5
DC04,1.0,49.95661829982265,circle,38.0,310.0,175.0,530.0,0.22,1.75,1,152.84252973264606,336.3587703359789,0.4401513804227137,5.0,1.9644210177132988,21.258472867987386,,0.6336144759023739,85.7510159195797,0.5
DC04,1.0,50.357701698839016,circle,38.0,310.0,175.0,530.0,0.22,1.75,1,161.71468868761286,378.6012752988583,0.4402335867300879,5.0,1.9542598718380029,20.678345595464457,,0.6794756386196849,85.0138058131185,0.5
DC04,1.0,88.28246955615897,circle,38.0,310.0,175.0,530.0,0.22,1.75,1,509.0046348375153,350.8794861456383,0.4630841350791463,3.0,2.0039621909664027,23.193189034918777,,0.6965499284314834,84.3090968015118,0.5
